<DATE>	<TIME>	<OPEN>	<HIGH>	<LOW>	<CLOSE>	<TICKVOL>	<VOL>	<SPREAD>
2024.03.04	00:00:00	1.09000	1.09003	1.08996	1.08997	145	0	8
2024.03.04	00:01:00	1.08997	1.08998	1.08991	1.08993	137	0	9
2024.03.04	00:02:00	1.08993	1.09006	1.08991	1.09005	116	0	8
2024.03.04	00:03:00	1.09005	1.09008	1.09002	1.09007	65	0	12
2024.03.04	00:04:00	1.09007	1.09017	1.08982	1.08987	64	0	8
2024.03.04	00:05:00	1.08987	1.08990	1.08980	1.08981	115	0	9
2024.03.04	00:06:00	1.08981	1.08983	1.08958	1.08966	34	0	11
2024.03.04	00:07:00	1.08966	1.08969	1.08957	1.08959	32	0	11
2024.03.04	00:08:00	1.08959	1.08967	1.08950	1.08955	144	0	10
2024.03.04	00:09:00	1.08955	1.08956	1.08938	1.08945	124	0	10
2024.03.04	00:10:00	1.08945	1.08955	1.08937	1.08938	155	0	10
2024.03.04	00:11:00	1.08938	1.08950	1.08927	1.08929	122	0	10
2024.03.04	00:12:00	1.08929	1.08930	1.08921	1.08925	95	0	9
2024.03.04	00:13:00	1.08925	1.08931	1.08921	1.08924	179	0	8
2024.03.04	00:14:00	1.08924	1.08933	1.08920	1.08925	97	0	11
2024.03.04	00:15:00	1.08925	1.08936	1.08918	1.08918	25	0	8
2024.03.04	00:16:00	1.08918	1.08933	1.08917	1.08931	87	0	12
2024.03.04	00:17:00	1.08931	1.08939	1.08923	1.08927	122	0	10
2024.03.04	00:18:00	1.08927	1.08939	1.08914	1.08922	98	0	9
2024.03.04	00:19:00	1.08922	1.08950	1.08918	1.08945	63	0	10
2024.03.04	00:20:00	1.08945	1.08954	1.08936	1.08951	28	0	9
2024.03.04	00:21:00	1.08951	1.08973	1.08949	1.08966	43	0	10
2024.03.04	00:22:00	1.08966	1.08976	1.08961	1.08972	105	0	9
2024.03.04	00:23:00	1.08972	1.08980	1.08969	1.08978	67	0	12
2024.03.04	00:24:00	1.08978	1.08986	1.08974	1.08979	9	0	9
2024.03.04	00:25:00	1.08979	1.08984	1.08971	1.08974	152	0	10
2024.03.04	00:26:00	1.08974	1.08995	1.08966	1.08992	21	0	10
2024.03.04	00:27:00	1.08992	1.09000	1.08984	1.08990	151	0	10
2024.03.04	00:28:00	1.08990	1.08994	1.08974	1.08980	56	0	8
2024.03.04	00:29:00	1.08980	1.08987	1.08979	1.08981	36	0	10
2024.03.04	00:30:00	1.08981	1.08983	1.08970	1.08977	101	0	11
2024.03.04	00:31:00	1.08977	1.08989	1.08969	1.08971	165	0	10
2024.03.04	00:32:00	1.08971	1.08980	1.08968	1.08976	39	0	8
2024.03.04	00:33:00	1.08976	1.08996	1.08961	1.08985	127	0	10
2024.03.04	00:34:00	1.08985	1.08985	1.08976	1.08980	75	0	10
2024.03.04	00:35:00	1.08980	1.08989	1.08977	1.08987	13	0	9
2024.03.04	00:36:00	1.08987	1.09003	1.08982	1.09001	14	0	11
2024.03.04	00:37:00	1.09001	1.09016	1.08993	1.09013	31	0	12
2024.03.04	00:38:00	1.09013	1.09027	1.09008	1.09021	65	0	11
2024.03.04	00:39:00	1.09021	1.09028	1.09013	1.09015	170	0	9
2024.03.04	00:40:00	1.09015	1.09022	1.08999	1.08999	69	0	10
2024.03.04	00:41:00	1.08999	1.08999	1.08987	1.08991	140	0	10
2024.03.04	00:42:00	1.08991	1.08992	1.08984	1.08989	74	0	9
2024.03.04	00:43:00	1.08989	1.08996	1.08975	1.08991	122	0	12
2024.03.04	00:44:00	1.08991	1.09022	1.08988	1.09021	66	0	10
2024.03.04	00:45:00	1.09021	1.09028	1.09017	1.09027	167	0	11
2024.03.04	00:46:00	1.09027	1.09040	1.09021	1.09034	29	0	12
2024.03.04	00:47:00	1.09034	1.09038	1.09012	1.09016	59	0	10
2024.03.04	00:48:00	1.09016	1.09030	1.09014	1.09026	109	0	10
2024.03.04	00:49:00	1.09026	1.09038	1.09014	1.09022	48	0	9
2024.03.04	00:50:00	1.09022	1.09025	1.09016	1.09025	175	0	9
2024.03.04	00:51:00	1.09025	1.09031	1.09013	1.09018	129	0	12
2024.03.04	00:52:00	1.09018	1.09025	1.09017	1.09024	174	0	8
2024.03.04	00:53:00	1.09024	1.09038	1.09021	1.09023	119	0	9
2024.03.04	00:54:00	1.09023	1.09031	1.09023	1.09027	69	0	11
2024.03.04	00:55:00	1.09027	1.09040	1.09020	1.09037	41	0	8
2024.03.04	00:56:00	1.09037	1.09049	1.09029	1.09046	140	0	10
2024.03.04	00:57:00	1.09046	1.09056	1.09035	1.09050	41	0	11
2024.03.04	00:58:00	1.09050	1.09064	1.09043	1.09058	163	0	8
2024.03.04	00:59:00	1.09058	1.09059	1.09040	1.09043	44	0	10
2024.03.04	01:00:00	1.09043	1.09045	1.09031	1.09039	143	0	11
2024.03.04	01:01:00	1.09039	1.09056	1.09038	1.09046	151	0	8
2024.03.04	01:02:00	1.09046	1.09051	1.09045	1.09046	151	0	8
2024.03.04	01:03:00	1.09046	1.09047	1.09019	1.09032	121	0	10
2024.03.04	01:04:00	1.09032	1.09037	1.09012	1.09021	123	0	11
2024.03.04	01:05:00	1.09021	1.09028	1.09019	1.09020	71	0	12
2024.03.04	01:06:00	1.09020	1.09022	1.08984	1.08996	59	0	10
2024.03.04	01:07:00	1.08996	1.08998	1.08982	1.08984	121	0	10
2024.03.04	01:08:00	1.08984	1.08994	1.08976	1.08992	39	0	9
2024.03.04	01:09:00	1.08992	1.09008	1.08989	1.09000	101	0	9
2024.03.04	01:10:00	1.09000	1.09003	1.08990	1.09000	32	0	10
2024.03.04	01:11:00	1.09000	1.09007	1.08998	1.09004	178	0	9
2024.03.04	01:12:00	1.09004	1.09016	1.08999	1.09011	58	0	10
2024.03.04	01:13:00	1.09011	1.09015	1.09001	1.09010	12	0	10
2024.03.04	01:14:00	1.09010	1.09012	1.08993	1.08998	167	0	10
2024.03.04	01:15:00	1.08998	1.09001	1.08998	1.08999	66	0	8
2024.03.04	01:16:00	1.08999	1.09009	1.08996	1.09007	41	0	10
2024.03.04	01:17:00	1.09007	1.09012	1.08996	1.09003	74	0	10
2024.03.04	01:18:00	1.09003	1.09030	1.08995	1.09019	30	0	10
2024.03.04	01:19:00	1.09019	1.09028	1.09008	1.09011	116	0	8
2024.03.04	01:20:00	1.09011	1.09012	1.09007	1.09011	163	0	9
2024.03.04	01:21:00	1.09011	1.09027	1.09006	1.09016	124	0	8
2024.03.04	01:22:00	1.09016	1.09022	1.09004	1.09008	41	0	8
2024.03.04	01:23:00	1.09008	1.09012	1.09003	1.09004	36	0	9
2024.03.04	01:24:00	1.09004	1.09008	1.08995	1.09003	143	0	9
2024.03.04	01:25:00	1.09003	1.09005	1.08989	1.08996	53	0	10
2024.03.04	01:26:00	1.08996	1.08997	1.08995	1.08995	137	0	11
2024.03.04	01:27:00	1.08995	1.09004	1.08994	1.08997	70	0	10
2024.03.04	01:28:00	1.08997	1.09021	1.08991	1.09014	108	0	11
2024.03.04	01:29:00	1.09014	1.09021	1.09010	1.09020	66	0	10
2024.03.04	01:30:00	1.09020	1.09040	1.09020	1.09028	96	0	8
2024.03.04	01:31:00	1.09028	1.09029	1.09020	1.09021	168	0	12
2024.03.04	01:32:00	1.09021	1.09034	1.09013	1.09030	105	0	11
2024.03.04	01:33:00	1.09030	1.09038	1.09026	1.09036	70	0	12
2024.03.04	01:34:00	1.09036	1.09042	1.09028	1.09032	75	0	10
2024.03.04	01:35:00	1.09032	1.09059	1.09028	1.09043	148	0	10
2024.03.04	01:36:00	1.09043	1.09060	1.09041	1.09044	8	0	10
2024.03.04	01:37:00	1.09044	1.09059	1.09039	1.09054	136	0	12
2024.03.04	01:38:00	1.09054	1.09065	1.09049	1.09058	30	0	9
2024.03.04	01:39:00	1.09058	1.09059	1.09057	1.09058	13	0	10
2024.03.04	01:40:00	1.09058	1.09062	1.09049	1.09055	47	0	12
2024.03.04	01:41:00	1.09055	1.09063	1.09040	1.09047	160	0	10
2024.03.04	01:42:00	1.09047	1.09059	1.09042	1.09049	166	0	12
2024.03.04	01:43:00	1.09049	1.09056	1.09040	1.09049	139	0	12
2024.03.04	01:44:00	1.09049	1.09053	1.09019	1.09032	137	0	11
2024.03.04	01:45:00	1.09032	1.09038	1.09022	1.09031	157	0	12
2024.03.04	01:46:00	1.09031	1.09039	1.09023	1.09023	42	0	12
2024.03.04	01:47:00	1.09023	1.09028	1.09021	1.09026	123	0	11
2024.03.04	01:48:00	1.09026	1.09028	1.09022	1.09028	75	0	8
2024.03.04	01:49:00	1.09028	1.09030	1.09025	1.09026	136	0	11
2024.03.04	01:50:00	1.09026	1.09042	1.09026	1.09038	27	0	10
2024.03.04	01:51:00	1.09038	1.09039	1.09014	1.09024	67	0	12
2024.03.04	01:52:00	1.09024	1.09029	1.09015	1.09016	81	0	8
2024.03.04	01:53:00	1.09016	1.09022	1.09006	1.09012	27	0	11
2024.03.04	01:54:00	1.09012	1.09022	1.09012	1.09018	153	0	9
2024.03.04	01:55:00	1.09018	1.09020	1.09008	1.09008	76	0	12
2024.03.04	01:56:00	1.09008	1.09017	1.08999	1.09015	81	0	10
2024.03.04	01:57:00	1.09015	1.09026	1.09013	1.09016	148	0	9
2024.03.04	01:58:00	1.09016	1.09018	1.09009	1.09014	27	0	11
2024.03.04	01:59:00	1.09014	1.09022	1.09013	1.09016	76	0	10
2024.03.04	02:00:00	1.09016	1.09037	1.09014	1.09023	44	0	12
2024.03.04	02:01:00	1.09023	1.09053	1.09021	1.09038	41	0	11
2024.03.04	02:02:00	1.09038	1.09050	1.09031	1.09044	67	0	10
2024.03.04	02:03:00	1.09044	1.09050	1.09028	1.09032	14	0	9
2024.03.04	02:04:00	1.09032	1.09046	1.09027	1.09046	44	0	10
2024.03.04	02:05:00	1.09046	1.09052	1.09042	1.09049	92	0	8
2024.03.04	02:06:00	1.09049	1.09054	1.09033	1.09044	58	0	12
2024.03.04	02:07:00	1.09044	1.09071	1.09043	1.09061	72	0	10
2024.03.04	02:08:00	1.09061	1.09074	1.09059	1.09072	117	0	10
2024.03.04	02:09:00	1.09072	1.09075	1.09065	1.09069	21	0	12
2024.03.04	02:10:00	1.09069	1.09083	1.09063	1.09063	138	0	10
2024.03.04	02:11:00	1.09063	1.09074	1.09058	1.09072	117	0	8
2024.03.04	02:12:00	1.09072	1.09086	1.09060	1.09078	148	0	9
2024.03.04	02:13:00	1.09078	1.09078	1.09061	1.09063	113	0	10
2024.03.04	02:14:00	1.09063	1.09065	1.09053	1.09058	148	0	9
2024.03.04	02:15:00	1.09058	1.09061	1.09043	1.09048	80	0	10
2024.03.04	02:16:00	1.09048	1.09058	1.09043	1.09047	69	0	10
2024.03.04	02:17:00	1.09047	1.09056	1.09036	1.09037	38	0	9
2024.03.04	02:18:00	1.09037	1.09039	1.09023	1.09034	148	0	9
2024.03.04	02:19:00	1.09034	1.09039	1.09032	1.09034	123	0	10
2024.03.04	02:20:00	1.09034	1.09042	1.09029	1.09039	31	0	10
2024.03.04	02:21:00	1.09039	1.09045	1.09034	1.09045	153	0	9
2024.03.04	02:22:00	1.09045	1.09066	1.09040	1.09060	142	0	9
2024.03.04	02:23:00	1.09060	1.09070	1.09056	1.09066	23	0	10
2024.03.04	02:24:00	1.09066	1.09081	1.09056	1.09061	169	0	9
2024.03.04	02:25:00	1.09061	1.09082	1.09054	1.09071	106	0	10
2024.03.04	02:26:00	1.09071	1.09076	1.09059	1.09063	13	0	9
2024.03.04	02:27:00	1.09063	1.09092	1.09061	1.09083	129	0	11
2024.03.04	02:28:00	1.09083	1.09083	1.09066	1.09078	143	0	10
2024.03.04	02:29:00	1.09078	1.09082	1.09065	1.09066	35	0	9
2024.03.04	02:30:00	1.09066	1.09080	1.09060	1.09074	173	0	10
2024.03.04	02:31:00	1.09074	1.09083	1.09043	1.09048	8	0	9
2024.03.04	02:32:00	1.09048	1.09064	1.09045	1.09051	40	0	12
2024.03.04	02:33:00	1.09051	1.09051	1.09034	1.09043	36	0	8
2024.03.04	02:34:00	1.09043	1.09059	1.09038	1.09056	65	0	11
2024.03.04	02:35:00	1.09056	1.09063	1.09050	1.09050	125	0	10
2024.03.04	02:36:00	1.09050	1.09069	1.09045	1.09067	68	0	11
2024.03.04	02:37:00	1.09067	1.09067	1.09043	1.09058	174	0	10
2024.03.04	02:38:00	1.09058	1.09066	1.09052	1.09065	28	0	10
2024.03.04	02:39:00	1.09065	1.09066	1.09048	1.09054	102	0	9
2024.03.04	02:40:00	1.09054	1.09054	1.09035	1.09036	109	0	9
2024.03.04	02:41:00	1.09036	1.09041	1.09025	1.09025	137	0	8
2024.03.04	02:42:00	1.09025	1.09049	1.09021	1.09034	67	0	10
2024.03.04	02:43:00	1.09034	1.09057	1.09024	1.09055	83	0	8
2024.03.04	02:44:00	1.09055	1.09070	1.09053	1.09068	114	0	12
2024.03.04	02:45:00	1.09068	1.09084	1.09065	1.09076	108	0	8
2024.03.04	02:46:00	1.09076	1.09099	1.09075	1.09083	23	0	9
2024.03.04	02:47:00	1.09083	1.09096	1.09075	1.09086	88	0	12
2024.03.04	02:48:00	1.09086	1.09092	1.09084	1.09090	175	0	11
2024.03.04	02:49:00	1.09090	1.09097	1.09088	1.09097	178	0	12
2024.03.04	02:50:00	1.09097	1.09101	1.09087	1.09089	8	0	8
2024.03.04	02:51:00	1.09089	1.09096	1.09084	1.09095	39	0	11
2024.03.04	02:52:00	1.09095	1.09104	1.09088	1.09103	118	0	8
2024.03.04	02:53:00	1.09103	1.09126	1.09101	1.09120	103	0	11
2024.03.04	02:54:00	1.09120	1.09129	1.09112	1.09127	15	0	12
2024.03.04	02:55:00	1.09127	1.09155	1.09121	1.09146	111	0	8
2024.03.04	02:56:00	1.09146	1.09151	1.09135	1.09136	57	0	12
2024.03.04	02:57:00	1.09136	1.09144	1.09129	1.09132	100	0	10
2024.03.04	02:58:00	1.09132	1.09145	1.09107	1.09117	89	0	10
2024.03.04	02:59:00	1.09117	1.09125	1.09108	1.09122	160	0	12
2024.03.04	03:00:00	1.09122	1.09127	1.09121	1.09126	127	0	10
2024.03.04	03:01:00	1.09126	1.09129	1.09108	1.09121	134	0	9
2024.03.04	03:02:00	1.09121	1.09130	1.09118	1.09128	46	0	11
2024.03.04	03:03:00	1.09128	1.09129	1.09097	1.09109	125	0	10
2024.03.04	03:04:00	1.09109	1.09120	1.09103	1.09112	48	0	9
2024.03.04	03:05:00	1.09112	1.09119	1.09106	1.09111	131	0	11
2024.03.04	03:06:00	1.09111	1.09112	1.09101	1.09104	26	0	10
2024.03.04	03:07:00	1.09104	1.09110	1.09101	1.09107	115	0	10
2024.03.04	03:08:00	1.09107	1.09140	1.09106	1.09139	125	0	11
2024.03.04	03:09:00	1.09139	1.09148	1.09136	1.09145	145	0	12
2024.03.04	03:10:00	1.09145	1.09156	1.09144	1.09146	76	0	10
2024.03.04	03:11:00	1.09146	1.09155	1.09141	1.09155	120	0	9
2024.03.04	03:12:00	1.09155	1.09162	1.09152	1.09158	56	0	10
2024.03.04	03:13:00	1.09158	1.09188	1.09156	1.09184	70	0	11
2024.03.04	03:14:00	1.09184	1.09185	1.09162	1.09167	17	0	8
2024.03.04	03:15:00	1.09167	1.09187	1.09167	1.09175	67	0	10
2024.03.04	03:16:00	1.09175	1.09179	1.09174	1.09178	56	0	11
2024.03.04	03:17:00	1.09178	1.09192	1.09177	1.09184	27	0	10
2024.03.04	03:18:00	1.09184	1.09184	1.09169	1.09177	178	0	8
2024.03.04	03:19:00	1.09177	1.09183	1.09159	1.09164	166	0	10
2024.03.04	03:20:00	1.09164	1.09172	1.09161	1.09166	73	0	8
2024.03.04	03:21:00	1.09166	1.09179	1.09161	1.09172	60	0	8
2024.03.04	03:22:00	1.09172	1.09183	1.09166	1.09177	27	0	9
2024.03.04	03:23:00	1.09177	1.09196	1.09176	1.09189	131	0	8
2024.03.04	03:24:00	1.09189	1.09195	1.09169	1.09171	144	0	8
2024.03.04	03:25:00	1.09171	1.09174	1.09160	1.09165	77	0	10
2024.03.04	03:26:00	1.09165	1.09184	1.09163	1.09183	153	0	10
2024.03.04	03:27:00	1.09183	1.09186	1.09182	1.09185	101	0	12
2024.03.04	03:28:00	1.09185	1.09200	1.09185	1.09191	48	0	10
2024.03.04	03:29:00	1.09191	1.09194	1.09189	1.09192	155	0	10
2024.03.04	03:30:00	1.09192	1.09193	1.09177	1.09185	172	0	10
2024.03.04	03:31:00	1.09185	1.09193	1.09181	1.09186	102	0	12
2024.03.04	03:32:00	1.09186	1.09186	1.09177	1.09179	25	0	8
2024.03.04	03:33:00	1.09179	1.09200	1.09172	1.09193	58	0	10
2024.03.04	03:34:00	1.09193	1.09223	1.09186	1.09213	21	0	11
2024.03.04	03:35:00	1.09213	1.09218	1.09208	1.09211	166	0	12
2024.03.04	03:36:00	1.09211	1.09217	1.09210	1.09214	111	0	11
2024.03.04	03:37:00	1.09214	1.09220	1.09197	1.09206	54	0	11
2024.03.04	03:38:00	1.09206	1.09214	1.09200	1.09208	39	0	9
2024.03.04	03:39:00	1.09208	1.09208	1.09197	1.09207	57	0	8
2024.03.04	03:40:00	1.09207	1.09232	1.09203	1.09224	90	0	8
2024.03.04	03:41:00	1.09224	1.09229	1.09204	1.09208	168	0	10
2024.03.04	03:42:00	1.09208	1.09212	1.09202	1.09202	102	0	10
2024.03.04	03:43:00	1.09202	1.09218	1.09202	1.09214	8	0	11
2024.03.04	03:44:00	1.09214	1.09228	1.09206	1.09227	125	0	9
2024.03.04	03:45:00	1.09227	1.09234	1.09221	1.09232	25	0	9
2024.03.04	03:46:00	1.09232	1.09236	1.09223	1.09225	176	0	8
2024.03.04	03:47:00	1.09225	1.09228	1.09211	1.09212	88	0	12
2024.03.04	03:48:00	1.09212	1.09212	1.09202	1.09208	42	0	8
2024.03.04	03:49:00	1.09208	1.09220	1.09192	1.09208	36	0	9
2024.03.04	03:50:00	1.09208	1.09234	1.09205	1.09225	50	0	12
2024.03.04	03:51:00	1.09225	1.09249	1.09212	1.09246	24	0	10
2024.03.04	03:52:00	1.09246	1.09249	1.09235	1.09239	124	0	9
2024.03.04	03:53:00	1.09239	1.09254	1.09224	1.09254	130	0	9
2024.03.04	03:54:00	1.09254	1.09259	1.09240	1.09240	58	0	9
2024.03.04	03:55:00	1.09240	1.09259	1.09235	1.09252	79	0	12
2024.03.04	03:56:00	1.09252	1.09257	1.09246	1.09247	143	0	8
2024.03.04	03:57:00	1.09247	1.09251	1.09234	1.09238	123	0	11
2024.03.04	03:58:00	1.09238	1.09239	1.09216	1.09220	145	0	12
2024.03.04	03:59:00	1.09220	1.09226	1.09206	1.09214	103	0	10
2024.03.04	04:00:00	1.09214	1.09218	1.09203	1.09206	28	0	10
2024.03.04	04:01:00	1.09206	1.09216	1.09198	1.09215	20	0	10
2024.03.04	04:02:00	1.09215	1.09223	1.09204	1.09219	157	0	12
2024.03.04	04:03:00	1.09219	1.09227	1.09187	1.09193	16	0	9
2024.03.04	04:04:00	1.09193	1.09210	1.09186	1.09203	20	0	9
2024.03.04	04:05:00	1.09203	1.09217	1.09202	1.09209	19	0	8
2024.03.04	04:06:00	1.09209	1.09227	1.09207	1.09224	144	0	9
2024.03.04	04:07:00	1.09224	1.09242	1.09221	1.09238	42	0	9
2024.03.04	04:08:00	1.09238	1.09246	1.09222	1.09223	70	0	12
2024.03.04	04:09:00	1.09223	1.09227	1.09221	1.09225	171	0	9
2024.03.04	04:10:00	1.09225	1.09247	1.09221	1.09239	10	0	8
2024.03.04	04:11:00	1.09239	1.09249	1.09233	1.09244	97	0	11
2024.03.04	04:12:00	1.09244	1.09249	1.09227	1.09236	71	0	9
2024.03.04	04:13:00	1.09236	1.09237	1.09227	1.09228	144	0	8
2024.03.04	04:14:00	1.09228	1.09230	1.09211	1.09221	11	0	11
2024.03.04	04:15:00	1.09221	1.09242	1.09217	1.09228	44	0	10
2024.03.04	04:16:00	1.09228	1.09241	1.09219	1.09233	164	0	9
2024.03.04	04:17:00	1.09233	1.09235	1.09232	1.09232	168	0	8
2024.03.04	04:18:00	1.09232	1.09251	1.09225	1.09251	104	0	10
2024.03.04	04:19:00	1.09251	1.09253	1.09244	1.09253	175	0	10
2024.03.04	04:20:00	1.09253	1.09289	1.09252	1.09271	39	0	10
2024.03.04	04:21:00	1.09271	1.09299	1.09262	1.09288	75	0	12
2024.03.04	04:22:00	1.09288	1.09307	1.09284	1.09304	141	0	10
2024.03.04	04:23:00	1.09304	1.09308	1.09275	1.09288	63	0	8
2024.03.04	04:24:00	1.09288	1.09291	1.09288	1.09290	59	0	9
2024.03.04	04:25:00	1.09290	1.09299	1.09285	1.09299	107	0	10
2024.03.04	04:26:00	1.09299	1.09302	1.09282	1.09290	178	0	11
2024.03.04	04:27:00	1.09290	1.09301	1.09266	1.09268	9	0	8
2024.03.04	04:28:00	1.09268	1.09272	1.09245	1.09250	62	0	10
2024.03.04	04:29:00	1.09250	1.09252	1.09244	1.09246	51	0	9
2024.03.04	04:30:00	1.09246	1.09253	1.09243	1.09252	44	0	12
2024.03.04	04:31:00	1.09252	1.09254	1.09247	1.09247	172	0	12
2024.03.04	04:32:00	1.09247	1.09252	1.09236	1.09251	101	0	9
2024.03.04	04:33:00	1.09251	1.09263	1.09241	1.09258	178	0	8
2024.03.04	04:34:00	1.09258	1.09280	1.09257	1.09273	71	0	9
2024.03.04	04:35:00	1.09273	1.09273	1.09260	1.09262	170	0	8
2024.03.04	04:36:00	1.09262	1.09278	1.09261	1.09270	33	0	12
2024.03.04	04:37:00	1.09270	1.09276	1.09265	1.09275	116	0	10
2024.03.04	04:38:00	1.09275	1.09285	1.09273	1.09284	102	0	10
2024.03.04	04:39:00	1.09284	1.09304	1.09276	1.09303	129	0	10
2024.03.04	04:40:00	1.09303	1.09304	1.09296	1.09301	33	0	10
2024.03.04	04:41:00	1.09301	1.09310	1.09301	1.09308	152	0	9
2024.03.04	04:42:00	1.09308	1.09319	1.09299	1.09303	119	0	8
2024.03.04	04:43:00	1.09303	1.09308	1.09298	1.09299	21	0	8
2024.03.04	04:44:00	1.09299	1.09301	1.09292	1.09296	134	0	11
2024.03.04	04:45:00	1.09296	1.09302	1.09266	1.09275	74	0	11
2024.03.04	04:46:00	1.09275	1.09286	1.09273	1.09284	135	0	9
2024.03.04	04:47:00	1.09284	1.09309	1.09279	1.09302	28	0	10
2024.03.04	04:48:00	1.09302	1.09315	1.09300	1.09306	99	0	8
2024.03.04	04:49:00	1.09306	1.09311	1.09287	1.09290	30	0	10
2024.03.04	04:50:00	1.09290	1.09293	1.09289	1.09292	147	0	11
2024.03.04	04:51:00	1.09292	1.09309	1.09277	1.09301	169	0	9
2024.03.04	04:52:00	1.09301	1.09308	1.09293	1.09307	162	0	12
2024.03.04	04:53:00	1.09307	1.09315	1.09295	1.09297	141	0	9
2024.03.04	04:54:00	1.09297	1.09311	1.09292	1.09306	126	0	10
2024.03.04	04:55:00	1.09306	1.09308	1.09298	1.09302	67	0	9
2024.03.04	04:56:00	1.09302	1.09309	1.09291	1.09293	76	0	10
2024.03.04	04:57:00	1.09293	1.09293	1.09269	1.09280	166	0	9
2024.03.04	04:58:00	1.09280	1.09296	1.09274	1.09275	97	0	9
2024.03.04	04:59:00	1.09275	1.09276	1.09244	1.09259	74	0	12
2024.03.04	05:00:00	1.09259	1.09266	1.09257	1.09266	46	0	9
2024.03.04	05:01:00	1.09266	1.09269	1.09250	1.09259	119	0	10
2024.03.04	05:02:00	1.09259	1.09273	1.09256	1.09265	107	0	10
2024.03.04	05:03:00	1.09265	1.09276	1.09264	1.09270	119	0	12
2024.03.04	05:04:00	1.09270	1.09293	1.09270	1.09276	73	0	11
2024.03.04	05:05:00	1.09276	1.09278	1.09275	1.09278	70	0	10
2024.03.04	05:06:00	1.09278	1.09286	1.09266	1.09273	178	0	12
2024.03.04	05:07:00	1.09273	1.09280	1.09244	1.09254	172	0	12
2024.03.04	05:08:00	1.09254	1.09256	1.09246	1.09247	118	0	10
2024.03.04	05:09:00	1.09247	1.09254	1.09238	1.09253	115	0	9
2024.03.04	05:10:00	1.09253	1.09266	1.09250	1.09257	116	0	10
2024.03.04	05:11:00	1.09257	1.09265	1.09248	1.09250	112	0	11
2024.03.04	05:12:00	1.09250	1.09262	1.09233	1.09237	10	0	10
2024.03.04	05:13:00	1.09237	1.09259	1.09226	1.09253	35	0	8
2024.03.04	05:14:00	1.09253	1.09257	1.09250	1.09253	59	0	11
2024.03.04	05:15:00	1.09253	1.09260	1.09215	1.09224	124	0	11
2024.03.04	05:16:00	1.09224	1.09235	1.09213	1.09228	102	0	11
2024.03.04	05:17:00	1.09228	1.09235	1.09220	1.09230	124	0	9
2024.03.04	05:18:00	1.09230	1.09238	1.09216	1.09238	165	0	10
2024.03.04	05:19:00	1.09238	1.09241	1.09233	1.09236	105	0	10
2024.03.04	05:20:00	1.09236	1.09241	1.09229	1.09240	180	0	10
2024.03.04	05:21:00	1.09240	1.09243	1.09230	1.09231	85	0	12
2024.03.04	05:22:00	1.09231	1.09240	1.09188	1.09207	108	0	10
2024.03.04	05:23:00	1.09207	1.09208	1.09197	1.09200	25	0	12
2024.03.04	05:24:00	1.09200	1.09214	1.09198	1.09206	45	0	10
2024.03.04	05:25:00	1.09206	1.09212	1.09174	1.09184	113	0	10
2024.03.04	05:26:00	1.09184	1.09204	1.09178	1.09204	128	0	10
2024.03.04	05:27:00	1.09204	1.09205	1.09183	1.09187	104	0	12
2024.03.04	05:28:00	1.09187	1.09193	1.09187	1.09187	79	0	10
2024.03.04	05:29:00	1.09187	1.09188	1.09182	1.09188	130	0	10
2024.03.04	05:30:00	1.09188	1.09192	1.09170	1.09173	85	0	10
2024.03.04	05:31:00	1.09173	1.09184	1.09159	1.09163	91	0	9
2024.03.04	05:32:00	1.09163	1.09164	1.09144	1.09152	61	0	8
2024.03.04	05:33:00	1.09152	1.09155	1.09139	1.09143	33	0	11
2024.03.04	05:34:00	1.09143	1.09151	1.09142	1.09148	47	0	9
2024.03.04	05:35:00	1.09148	1.09157	1.09131	1.09137	50	0	11
2024.03.04	05:36:00	1.09137	1.09155	1.09135	1.09150	148	0	12
2024.03.04	05:37:00	1.09150	1.09152	1.09130	1.09133	62	0	11
2024.03.04	05:38:00	1.09133	1.09158	1.09132	1.09153	38	0	10
2024.03.04	05:39:00	1.09153	1.09163	1.09143	1.09148	129	0	10
2024.03.04	05:40:00	1.09148	1.09150	1.09127	1.09135	71	0	10
2024.03.04	05:41:00	1.09135	1.09139	1.09118	1.09125	9	0	9
2024.03.04	05:42:00	1.09125	1.09138	1.09117	1.09132	127	0	10
2024.03.04	05:43:00	1.09132	1.09156	1.09113	1.09125	27	0	9
2024.03.04	05:44:00	1.09125	1.09131	1.09106	1.09114	92	0	8
2024.03.04	05:45:00	1.09114	1.09124	1.09114	1.09117	44	0	8
2024.03.04	05:46:00	1.09117	1.09126	1.09115	1.09120	176	0	10
2024.03.04	05:47:00	1.09120	1.09130	1.09111	1.09124	149	0	9
2024.03.04	05:48:00	1.09124	1.09129	1.09122	1.09122	82	0	10
2024.03.04	05:49:00	1.09122	1.09130	1.09116	1.09126	93	0	11
2024.03.04	05:50:00	1.09126	1.09151	1.09124	1.09150	134	0	8
2024.03.04	05:51:00	1.09150	1.09160	1.09145	1.09157	84	0	9
2024.03.04	05:52:00	1.09157	1.09161	1.09142	1.09142	149	0	10
2024.03.04	05:53:00	1.09142	1.09144	1.09138	1.09139	84	0	8
2024.03.04	05:54:00	1.09139	1.09147	1.09132	1.09147	176	0	8
2024.03.04	05:55:00	1.09147	1.09150	1.09126	1.09139	164	0	10
2024.03.04	05:56:00	1.09139	1.09145	1.09123	1.09126	29	0	9
2024.03.04	05:57:00	1.09126	1.09134	1.09109	1.09111	168	0	9
2024.03.04	05:58:00	1.09111	1.09119	1.09101	1.09117	175	0	8
2024.03.04	05:59:00	1.09117	1.09130	1.09109	1.09122	87	0	11
2024.03.04	06:00:00	1.09122	1.09134	1.09115	1.09116	13	0	10
2024.03.04	06:01:00	1.09116	1.09126	1.09113	1.09119	21	0	10
2024.03.04	06:02:00	1.09119	1.09120	1.09108	1.09116	155	0	12
2024.03.04	06:03:00	1.09116	1.09137	1.09113	1.09131	11	0	12
2024.03.04	06:04:00	1.09131	1.09136	1.09103	1.09119	129	0	10
2024.03.04	06:05:00	1.09119	1.09121	1.09105	1.09106	128	0	9
2024.03.04	06:06:00	1.09106	1.09124	1.09105	1.09119	179	0	8
2024.03.04	06:07:00	1.09119	1.09132	1.09118	1.09120	63	0	8
2024.03.04	06:08:00	1.09120	1.09123	1.09119	1.09122	55	0	8
2024.03.04	06:09:00	1.09122	1.09129	1.09106	1.09113	45	0	12
2024.03.04	06:10:00	1.09113	1.09119	1.09106	1.09114	179	0	10
2024.03.04	06:11:00	1.09114	1.09116	1.09108	1.09109	16	0	8
2024.03.04	06:12:00	1.09109	1.09137	1.09106	1.09132	107	0	10
2024.03.04	06:13:00	1.09132	1.09135	1.09109	1.09117	132	0	11
2024.03.04	06:14:00	1.09117	1.09130	1.09111	1.09128	50	0	9
2024.03.04	06:15:00	1.09128	1.09131	1.09121	1.09122	173	0	9
2024.03.04	06:16:00	1.09122	1.09127	1.09105	1.09113	77	0	11
2024.03.04	06:17:00	1.09113	1.09129	1.09109	1.09127	167	0	12
2024.03.04	06:18:00	1.09127	1.09138	1.09116	1.09120	11	0	9
2024.03.04	06:19:00	1.09120	1.09138	1.09117	1.09134	117	0	9
2024.03.04	06:20:00	1.09134	1.09140	1.09111	1.09121	123	0	10
2024.03.04	06:21:00	1.09121	1.09123	1.09101	1.09106	76	0	10
2024.03.04	06:22:00	1.09106	1.09132	1.09105	1.09121	81	0	9
2024.03.04	06:23:00	1.09121	1.09126	1.09089	1.09100	154	0	9
2024.03.04	06:24:00	1.09100	1.09112	1.09094	1.09097	135	0	10
2024.03.04	06:25:00	1.09097	1.09104	1.09078	1.09080	132	0	10
2024.03.04	06:26:00	1.09080	1.09096	1.09076	1.09086	163	0	8
2024.03.04	06:27:00	1.09086	1.09089	1.09076	1.09082	60	0	10
2024.03.04	06:28:00	1.09082	1.09082	1.09075	1.09081	145	0	10
2024.03.04	06:29:00	1.09081	1.09092	1.09077	1.09091	156	0	11
2024.03.04	06:30:00	1.09091	1.09119	1.09084	1.09111	158	0	9
2024.03.04	06:31:00	1.09111	1.09112	1.09105	1.09109	54	0	12
2024.03.04	06:32:00	1.09109	1.09117	1.09098	1.09105	46	0	9
2024.03.04	06:33:00	1.09105	1.09141	1.09099	1.09121	103	0	8
2024.03.04	06:34:00	1.09121	1.09126	1.09107	1.09112	15	0	10
2024.03.04	06:35:00	1.09112	1.09119	1.09104	1.09117	32	0	8
2024.03.04	06:36:00	1.09117	1.09136	1.09110	1.09124	62	0	10
2024.03.04	06:37:00	1.09124	1.09128	1.09116	1.09118	32	0	10
2024.03.04	06:38:00	1.09118	1.09131	1.09114	1.09120	17	0	10
2024.03.04	06:39:00	1.09120	1.09121	1.09114	1.09118	29	0	8
2024.03.04	06:40:00	1.09118	1.09135	1.09113	1.09133	24	0	11
2024.03.04	06:41:00	1.09133	1.09142	1.09113	1.09123	31	0	10
2024.03.04	06:42:00	1.09123	1.09127	1.09108	1.09119	137	0	10
2024.03.04	06:43:00	1.09119	1.09138	1.09108	1.09133	102	0	9
2024.03.04	06:44:00	1.09133	1.09141	1.09129	1.09141	98	0	8
2024.03.04	06:45:00	1.09141	1.09154	1.09134	1.09143	20	0	10
2024.03.04	06:46:00	1.09143	1.09156	1.09132	1.09147	22	0	8
2024.03.04	06:47:00	1.09147	1.09153	1.09111	1.09119	58	0	12
2024.03.04	06:48:00	1.09119	1.09127	1.09111	1.09119	128	0	10
2024.03.04	06:49:00	1.09119	1.09129	1.09115	1.09125	103	0	10
2024.03.04	06:50:00	1.09125	1.09129	1.09111	1.09116	11	0	10
2024.03.04	06:51:00	1.09116	1.09117	1.09087	1.09091	17	0	9
2024.03.04	06:52:00	1.09091	1.09101	1.09080	1.09099	43	0	10
2024.03.04	06:53:00	1.09099	1.09112	1.09085	1.09089	106	0	8
2024.03.04	06:54:00	1.09089	1.09094	1.09074	1.09080	130	0	8
2024.03.04	06:55:00	1.09080	1.09101	1.09078	1.09099	64	0	12
2024.03.04	06:56:00	1.09099	1.09120	1.09096	1.09117	46	0	10
2024.03.04	06:57:00	1.09117	1.09121	1.09113	1.09115	14	0	10
2024.03.04	06:58:00	1.09115	1.09117	1.09104	1.09106	35	0	10
2024.03.04	06:59:00	1.09106	1.09113	1.09095	1.09097	47	0	11
2024.03.04	07:00:00	1.09097	1.09125	1.09095	1.09121	130	0	10
2024.03.04	07:01:00	1.09121	1.09128	1.09107	1.09114	101	0	10
2024.03.04	07:02:00	1.09114	1.09157	1.09112	1.09156	82	0	10
2024.03.04	07:03:00	1.09156	1.09158	1.09153	1.09154	83	0	9
2024.03.04	07:04:00	1.09154	1.09156	1.09152	1.09156	43	0	10
2024.03.04	07:05:00	1.09156	1.09167	1.09146	1.09146	142	0	10
2024.03.04	07:06:00	1.09146	1.09157	1.09142	1.09151	154	0	9
2024.03.04	07:07:00	1.09151	1.09153	1.09144	1.09147	66	0	12
2024.03.04	07:08:00	1.09147	1.09161	1.09141	1.09154	134	0	10
2024.03.04	07:09:00	1.09154	1.09155	1.09129	1.09132	179	0	12
2024.03.04	07:10:00	1.09132	1.09135	1.09127	1.09127	141	0	10
2024.03.04	07:11:00	1.09127	1.09136	1.09116	1.09129	140	0	10
2024.03.04	07:12:00	1.09129	1.09139	1.09112	1.09117	11	0	10
2024.03.04	07:13:00	1.09117	1.09123	1.09102	1.09106	178	0	10
2024.03.04	07:14:00	1.09106	1.09114	1.09104	1.09106	103	0	11
2024.03.04	07:15:00	1.09106	1.09106	1.09106	1.09106	141	0	10
2024.03.04	07:16:00	1.09106	1.09111	1.09103	1.09111	90	0	12
2024.03.04	07:17:00	1.09111	1.09123	1.09105	1.09118	23	0	10
2024.03.04	07:18:00	1.09118	1.09150	1.09111	1.09139	143	0	11
2024.03.04	07:19:00	1.09139	1.09142	1.09136	1.09139	30	0	9
2024.03.04	07:20:00	1.09139	1.09141	1.09131	1.09134	15	0	8
2024.03.04	07:21:00	1.09134	1.09156	1.09129	1.09148	57	0	10
2024.03.04	07:22:00	1.09148	1.09165	1.09142	1.09164	121	0	8
2024.03.04	07:23:00	1.09164	1.09166	1.09155	1.09157	53	0	8
2024.03.04	07:24:00	1.09157	1.09164	1.09146	1.09155	36	0	8
2024.03.04	07:25:00	1.09155	1.09164	1.09136	1.09145	146	0	11
2024.03.04	07:26:00	1.09145	1.09150	1.09142	1.09146	109	0	9
2024.03.04	07:27:00	1.09146	1.09147	1.09134	1.09134	170	0	10
2024.03.04	07:28:00	1.09134	1.09142	1.09127	1.09128	21	0	10
2024.03.04	07:29:00	1.09128	1.09130	1.09122	1.09126	93	0	12
2024.03.04	07:30:00	1.09126	1.09133	1.09091	1.09095	110	0	11
2024.03.04	07:31:00	1.09095	1.09102	1.09068	1.09070	98	0	9
2024.03.04	07:32:00	1.09070	1.09088	1.09067	1.09082	55	0	8
2024.03.04	07:33:00	1.09082	1.09084	1.09078	1.09082	179	0	8
2024.03.04	07:34:00	1.09082	1.09090	1.09065	1.09084	124	0	12
2024.03.04	07:35:00	1.09084	1.09125	1.09079	1.09109	18	0	8
2024.03.04	07:36:00	1.09109	1.09126	1.09102	1.09120	168	0	11
2024.03.04	07:37:00	1.09120	1.09121	1.09110	1.09112	33	0	10
2024.03.04	07:38:00	1.09112	1.09114	1.09112	1.09113	36	0	10
2024.03.04	07:39:00	1.09113	1.09118	1.09110	1.09116	23	0	11
2024.03.04	07:40:00	1.09116	1.09145	1.09114	1.09142	159	0	11
2024.03.04	07:41:00	1.09142	1.09148	1.09136	1.09139	138	0	9
2024.03.04	07:42:00	1.09139	1.09168	1.09135	1.09159	30	0	12
2024.03.04	07:43:00	1.09159	1.09170	1.09152	1.09155	164	0	12
2024.03.04	07:44:00	1.09155	1.09159	1.09136	1.09139	125	0	11
2024.03.04	07:45:00	1.09139	1.09159	1.09133	1.09157	87	0	8
2024.03.04	07:46:00	1.09157	1.09161	1.09151	1.09157	157	0	10
2024.03.04	07:47:00	1.09157	1.09163	1.09156	1.09156	69	0	10
2024.03.04	07:48:00	1.09156	1.09158	1.09139	1.09143	83	0	8
2024.03.04	07:49:00	1.09143	1.09178	1.09140	1.09178	25	0	11
2024.03.04	07:50:00	1.09178	1.09192	1.09173	1.09187	120	0	10
2024.03.04	07:51:00	1.09187	1.09192	1.09184	1.09192	65	0	12
2024.03.04	07:52:00	1.09192	1.09195	1.09189	1.09192	180	0	9
2024.03.04	07:53:00	1.09192	1.09211	1.09184	1.09202	140	0	8
2024.03.04	07:54:00	1.09202	1.09212	1.09201	1.09201	169	0	12
2024.03.04	07:55:00	1.09201	1.09207	1.09180	1.09187	113	0	8
2024.03.04	07:56:00	1.09187	1.09207	1.09181	1.09207	154	0	9
2024.03.04	07:57:00	1.09207	1.09216	1.09195	1.09200	167	0	11
2024.03.04	07:58:00	1.09200	1.09226	1.09198	1.09218	98	0	10
2024.03.04	07:59:00	1.09218	1.09222	1.09203	1.09209	160	0	10
2024.03.04	08:00:00	1.09209	1.09210	1.09208	1.09208	105	0	10
2024.03.04	08:01:00	1.09208	1.09210	1.09165	1.09172	45	0	10
2024.03.04	08:02:00	1.09172	1.09176	1.09147	1.09158	90	0	11
2024.03.04	08:03:00	1.09158	1.09180	1.09145	1.09172	60	0	10
2024.03.04	08:04:00	1.09172	1.09204	1.09167	1.09195	135	0	10
2024.03.04	08:05:00	1.09195	1.09205	1.09190	1.09196	145	0	11
2024.03.04	08:06:00	1.09196	1.09210	1.09187	1.09210	107	0	10
2024.03.04	08:07:00	1.09210	1.09215	1.09202	1.09208	97	0	10
2024.03.04	08:08:00	1.09208	1.09228	1.09205	1.09225	103	0	11
2024.03.04	08:09:00	1.09225	1.09231	1.09220	1.09224	154	0	9
2024.03.04	08:10:00	1.09224	1.09258	1.09218	1.09247	167	0	11
2024.03.04	08:11:00	1.09247	1.09252	1.09241	1.09248	31	0	9
2024.03.04	08:12:00	1.09248	1.09252	1.09236	1.09241	52	0	8
2024.03.04	08:13:00	1.09241	1.09249	1.09237	1.09246	95	0	11
2024.03.04	08:14:00	1.09246	1.09260	1.09243	1.09256	138	0	9
2024.03.04	08:15:00	1.09256	1.09268	1.09256	1.09264	54	0	8
2024.03.04	08:16:00	1.09264	1.09270	1.09241	1.09253	170	0	12
2024.03.04	08:17:00	1.09253	1.09289	1.09251	1.09283	8	0	10
2024.03.04	08:18:00	1.09283	1.09290	1.09274	1.09279	33	0	11
2024.03.04	08:19:00	1.09279	1.09280	1.09273	1.09273	52	0	10
2024.03.04	08:20:00	1.09273	1.09283	1.09264	1.09275	139	0	9
2024.03.04	08:21:00	1.09275	1.09281	1.09254	1.09257	39	0	9
2024.03.04	08:22:00	1.09257	1.09276	1.09255	1.09268	51	0	11
2024.03.04	08:23:00	1.09268	1.09278	1.09268	1.09271	118	0	8
2024.03.04	08:24:00	1.09271	1.09278	1.09257	1.09260	68	0	10
2024.03.04	08:25:00	1.09260	1.09260	1.09255	1.09257	168	0	8
2024.03.04	08:26:00	1.09257	1.09286	1.09253	1.09275	167	0	10
2024.03.04	08:27:00	1.09275	1.09282	1.09274	1.09278	109	0	11
2024.03.04	08:28:00	1.09278	1.09280	1.09274	1.09278	65	0	8
2024.03.04	08:29:00	1.09278	1.09285	1.09271	1.09281	52	0	10
2024.03.04	08:30:00	1.09281	1.09305	1.09275	1.09305	72	0	10
2024.03.04	08:31:00	1.09305	1.09310	1.09305	1.09308	107	0	12
2024.03.04	08:32:00	1.09308	1.09312	1.09302	1.09306	132	0	8
2024.03.04	08:33:00	1.09306	1.09330	1.09302	1.09329	52	0	9
2024.03.04	08:34:00	1.09329	1.09332	1.09319	1.09324	151	0	10
2024.03.04	08:35:00	1.09324	1.09330	1.09317	1.09322	106	0	10
2024.03.04	08:36:00	1.09322	1.09323	1.09310	1.09318	97	0	11
2024.03.04	08:37:00	1.09318	1.09334	1.09314	1.09334	80	0	10
2024.03.04	08:38:00	1.09334	1.09336	1.09331	1.09334	47	0	9
2024.03.04	08:39:00	1.09334	1.09335	1.09322	1.09325	77	0	11
2024.03.04	08:40:00	1.09325	1.09331	1.09314	1.09328	69	0	9
2024.03.04	08:41:00	1.09328	1.09339	1.09325	1.09336	111	0	10
2024.03.04	08:42:00	1.09336	1.09342	1.09323	1.09325	60	0	9
2024.03.04	08:43:00	1.09325	1.09344	1.09318	1.09338	74	0	11
2024.03.04	08:44:00	1.09338	1.09356	1.09335	1.09351	163	0	11
2024.03.04	08:45:00	1.09351	1.09361	1.09339	1.09358	39	0	12
2024.03.04	08:46:00	1.09358	1.09359	1.09342	1.09343	106	0	8
2024.03.04	08:47:00	1.09343	1.09367	1.09337	1.09363	87	0	8
2024.03.04	08:48:00	1.09363	1.09365	1.09354	1.09359	90	0	9
2024.03.04	08:49:00	1.09359	1.09382	1.09357	1.09380	151	0	10
2024.03.04	08:50:00	1.09380	1.09397	1.09377	1.09387	30	0	9
2024.03.04	08:51:00	1.09387	1.09408	1.09376	1.09405	110	0	10
2024.03.04	08:52:00	1.09405	1.09414	1.09383	1.09391	168	0	9
2024.03.04	08:53:00	1.09391	1.09398	1.09390	1.09395	101	0	12
2024.03.04	08:54:00	1.09395	1.09410	1.09394	1.09401	126	0	9
2024.03.04	08:55:00	1.09401	1.09407	1.09399	1.09399	168	0	8
2024.03.04	08:56:00	1.09399	1.09404	1.09391	1.09401	18	0	10
2024.03.04	08:57:00	1.09401	1.09404	1.09390	1.09391	58	0	10
2024.03.04	08:58:00	1.09391	1.09410	1.09383	1.09402	53	0	11
2024.03.04	08:59:00	1.09402	1.09406	1.09390	1.09397	141	0	10
2024.03.04	09:00:00	1.09397	1.09417	1.09384	1.09413	36	0	12
2024.03.04	09:01:00	1.09413	1.09413	1.09398	1.09400	157	0	11
2024.03.04	09:02:00	1.09400	1.09415	1.09388	1.09389	89	0	9
2024.03.04	09:03:00	1.09389	1.09390	1.09381	1.09386	30	0	10
2024.03.04	09:04:00	1.09386	1.09392	1.09382	1.09382	79	0	11
2024.03.04	09:05:00	1.09382	1.09394	1.09351	1.09359	116	0	10
2024.03.04	09:06:00	1.09359	1.09380	1.09358	1.09376	168	0	12
2024.03.04	09:07:00	1.09376	1.09378	1.09352	1.09353	60	0	10
2024.03.04	09:08:00	1.09353	1.09363	1.09341	1.09342	56	0	8
2024.03.04	09:09:00	1.09342	1.09353	1.09325	1.09328	151	0	10
2024.03.04	09:10:00	1.09328	1.09334	1.09327	1.09331	74	0	9
2024.03.04	09:11:00	1.09331	1.09335	1.09321	1.09322	96	0	10
2024.03.04	09:12:00	1.09322	1.09341	1.09316	1.09336	132	0	12
2024.03.04	09:13:00	1.09336	1.09359	1.09335	1.09350	9	0	11
2024.03.04	09:14:00	1.09350	1.09353	1.09342	1.09348	42	0	12
2024.03.04	09:15:00	1.09348	1.09353	1.09328	1.09334	93	0	12
2024.03.04	09:16:00	1.09334	1.09347	1.09334	1.09340	178	0	9
2024.03.04	09:17:00	1.09340	1.09345	1.09329	1.09333	111	0	9
2024.03.04	09:18:00	1.09333	1.09343	1.09330	1.09340	23	0	10
2024.03.04	09:19:00	1.09340	1.09347	1.09337	1.09346	87	0	10
2024.03.04	09:20:00	1.09346	1.09354	1.09339	1.09353	82	0	9
2024.03.04	09:21:00	1.09353	1.09360	1.09352	1.09358	127	0	10
2024.03.04	09:22:00	1.09358	1.09379	1.09350	1.09374	35	0	12
2024.03.04	09:23:00	1.09374	1.09380	1.09372	1.09372	56	0	11
2024.03.04	09:24:00	1.09372	1.09377	1.09363	1.09367	165	0	12
2024.03.04	09:25:00	1.09367	1.09375	1.09363	1.09372	70	0	8
2024.03.04	09:26:00	1.09372	1.09375	1.09370	1.09374	83	0	10
2024.03.04	09:27:00	1.09374	1.09377	1.09343	1.09351	51	0	8
2024.03.04	09:28:00	1.09351	1.09367	1.09351	1.09356	55	0	12
2024.03.04	09:29:00	1.09356	1.09358	1.09340	1.09345	102	0	9
2024.03.04	09:30:00	1.09345	1.09347	1.09332	1.09334	18	0	8
2024.03.04	09:31:00	1.09334	1.09342	1.09323	1.09326	111	0	8
2024.03.04	09:32:00	1.09326	1.09341	1.09322	1.09339	84	0	11
2024.03.04	09:33:00	1.09339	1.09341	1.09338	1.09339	66	0	9
2024.03.04	09:34:00	1.09339	1.09357	1.09325	1.09350	120	0	10
2024.03.04	09:35:00	1.09350	1.09372	1.09341	1.09369	8	0	8
2024.03.04	09:36:00	1.09369	1.09392	1.09368	1.09382	80	0	8
2024.03.04	09:37:00	1.09382	1.09386	1.09364	1.09370	115	0	10
2024.03.04	09:38:00	1.09370	1.09371	1.09366	1.09371	50	0	10
2024.03.04	09:39:00	1.09371	1.09373	1.09363	1.09369	152	0	12
2024.03.04	09:40:00	1.09369	1.09372	1.09359	1.09364	125	0	10
2024.03.04	09:41:00	1.09364	1.09382	1.09362	1.09369	47	0	10
2024.03.04	09:42:00	1.09369	1.09387	1.09368	1.09385	92	0	11
2024.03.04	09:43:00	1.09385	1.09389	1.09375	1.09381	115	0	10
2024.03.04	09:44:00	1.09381	1.09382	1.09362	1.09364	170	0	8
2024.03.04	09:45:00	1.09364	1.09376	1.09361	1.09374	122	0	12
2024.03.04	09:46:00	1.09374	1.09393	1.09369	1.09389	114	0	10
2024.03.04	09:47:00	1.09389	1.09408	1.09388	1.09400	109	0	10
2024.03.04	09:48:00	1.09400	1.09408	1.09394	1.09406	36	0	9
2024.03.04	09:49:00	1.09406	1.09409	1.09393	1.09396	32	0	9
2024.03.04	09:50:00	1.09396	1.09397	1.09379	1.09387	65	0	11
2024.03.04	09:51:00	1.09387	1.09391	1.09386	1.09388	139	0	11
2024.03.04	09:52:00	1.09388	1.09393	1.09362	1.09367	42	0	11
2024.03.04	09:53:00	1.09367	1.09376	1.09345	1.09348	37	0	12
2024.03.04	09:54:00	1.09348	1.09368	1.09339	1.09367	108	0	11
2024.03.04	09:55:00	1.09367	1.09388	1.09354	1.09381	152	0	10
2024.03.04	09:56:00	1.09381	1.09385	1.09381	1.09382	68	0	8
2024.03.04	09:57:00	1.09382	1.09383	1.09377	1.09378	160	0	9
2024.03.04	09:58:00	1.09378	1.09379	1.09363	1.09372	30	0	11
2024.03.04	09:59:00	1.09372	1.09396	1.09372	1.09392	37	0	12
2024.03.04	10:00:00	1.09392	1.09400	1.09392	1.09397	10	0	10
2024.03.04	10:00:00	1.09392	1.09400	1.09392	1.09427	10	0	10
2024.03.04	10:01:00	1.09397	1.09401	1.09382	1.09386	142	0	10
2024.03.04	10:02:00	1.09386	1.09388	1.09383	1.09385	148	0	10
2024.03.04	10:03:00	1.09385	1.09386	1.09379	1.09382	180	0	9
2024.03.04	10:04:00	1.09382	1.09386	1.09371	1.09382	156	0	10
2024.03.04	10:05:00	1.09382	1.09391	1.09381	1.09390	36	0	8
2024.03.04	10:06:00	1.09390	1.09396	1.09385	1.09392	179	0	10
2024.03.04	10:07:00	1.09392	1.09396	1.09382	1.09389	72	0	11
2024.03.04	10:08:00	1.09389	1.09409	1.09388	1.09409	14	0	10
2024.03.04	10:09:00	1.09409	1.09429	1.09409	1.09422	131	0	8
2024.03.04	10:10:00	1.09422	1.09425	1.09417	1.09423	161	0	10
2024.03.04	10:11:00	1.09423	1.09452	1.09410	1.09443	122	0	10
2024.03.04	10:12:00	1.09443	1.09462	1.09437	1.09447	143	0	9
2024.03.04	10:13:00	1.09447	1.09448	1.09443	1.09446	167	0	8
2024.03.04	10:14:00	1.09446	1.09462	1.09445	1.09451	127	0	10
2024.03.04	10:15:00	1.09451	1.09456	1.09438	1.09440	93	0	11
2024.03.04	10:16:00	1.09440	1.09440	1.09431	1.09431	163	0	8
2024.03.04	10:17:00	1.09431	1.09463	1.09424	1.09456	44	0	10
2024.03.04	10:18:00	1.09456	1.09457	1.09447	1.09453	154	0	11
2024.03.04	10:19:00	1.09453	1.09456	1.09450	1.09452	16	0	11
2024.03.04	10:20:00	1.09452	1.09458	1.09450	1.09456	154	0	12
2024.03.04	10:21:00	1.09456	1.09477	1.09450	1.09468	68	0	9
2024.03.04	10:22:00	1.09468	1.09473	1.09463	1.09464	138	0	12
2024.03.04	10:23:00	1.09464	1.09464	1.09432	1.09444	111	0	10
2024.03.04	10:24:00	1.09444	1.09456	1.09436	1.09454	131	0	11
2024.03.04	10:25:00	1.09454	1.09489	1.09451	1.09486	68	0	10
2024.03.04	10:26:00	1.09486	1.09494	1.09479	1.09491	111	0	10
2024.03.04	10:27:00	1.09491	1.09499	1.09473	1.09479	51	0	11
2024.03.04	10:28:00	1.09479	1.09490	1.09476	1.09488	149	0	12
2024.03.04	10:29:00	1.09488	1.09511	1.09486	1.09506	56	0	11
2024.03.04	10:30:00	1.09506	1.09524	1.09504	1.09520	127	0	10
2024.03.04	10:31:00	1.09520	1.09540	1.09518	1.09531	25	0	10
2024.03.04	10:32:00	1.09531	1.09534	1.09522	1.09528	50	0	12
2024.03.04	10:33:00	1.09528	1.09529	1.09510	1.09519	63	0	8
2024.03.04	10:34:00	1.09519	1.09521	1.09503	1.09513	173	0	8
2024.03.04	10:35:00	1.09513	1.09516	1.09490	1.09499	41	0	11
2024.03.04	10:36:00	1.09499	1.09504	1.09496	1.09503	42	0	8
2024.03.04	10:37:00	1.09503	1.09506	1.09482	1.09489	11	0	12
2024.03.04	10:38:00	1.09489	1.09490	1.09483	1.09488	14	0	12
2024.03.04	10:39:00	1.09488	1.09518	1.09487	1.09510	94	0	9
2024.03.04	10:40:00	1.09510	1.09524	1.09502	1.09522	93	0	10
2024.03.04	10:41:00	1.09522	1.09533	1.09522	1.09527	126	0	8
2024.03.04	10:42:00	1.09527	1.09538	1.09524	1.09537	114	0	11
2024.03.04	10:43:00	1.09537	1.09540	1.09517	1.09528	48	0	8
2024.03.04	10:44:00	1.09528	1.09536	1.09517	1.09536	99	0	10
2024.03.04	10:45:00	1.09536	1.09543	1.09529	1.09532	158	0	11
2024.03.04	10:46:00	1.09532	1.09565	1.09528	1.09551	166	0	10
2024.03.04	10:47:00	1.09551	1.09554	1.09541	1.09547	16	0	12
2024.03.04	10:48:00	1.09547	1.09557	1.09532	1.09539	79	0	10
2024.03.04	10:49:00	1.09539	1.09553	1.09535	1.09537	41	0	10
2024.03.04	10:50:00	1.09537	1.09551	1.09531	1.09551	100	0	9
2024.03.04	10:51:00	1.09551	1.09555	1.09534	1.09534	31	0	8
2024.03.04	10:52:00	1.09534	1.09536	1.09526	1.09530	54	0	10
2024.03.04	10:53:00	1.09530	1.09535	1.09526	1.09528	46	0	9
2024.03.04	10:54:00	1.09528	1.09553	1.09527	1.09544	97	0	12
2024.03.04	10:55:00	1.09544	1.09545	1.09513	1.09530	135	0	9
2024.03.04	10:56:00	1.09530	1.09534	1.09521	1.09523	90	0	8
2024.03.04	10:57:00	1.09523	1.09531	1.09504	1.09510	24	0	12
2024.03.04	10:58:00	1.09510	1.09530	1.09507	1.09525	104	0	10
2024.03.04	10:59:00	1.09525	1.09537	1.09522	1.09532	176	0	12
2024.03.04	11:00:00	1.09532	1.09535	1.09523	1.09534	69	0	9
2024.03.04	11:01:00	1.09534	1.09539	1.09530	1.09536	116	0	12
2024.03.04	11:02:00	1.09536	1.09548	1.09515	1.09532	48	0	10
2024.03.04	11:03:00	1.09532	1.09540	1.09523	1.09532	76	0	9
2024.03.04	11:04:00	1.09532	1.09540	1.09529	1.09536	71	0	9
2024.03.04	11:05:00	1.09536	1.09551	1.09529	1.09548	123	0	9
2024.03.04	11:06:00	1.09548	1.09554	1.09523	1.09526	100	0	8
2024.03.04	11:07:00	1.09526	1.09552	1.09514	1.09550	54	0	10
2024.03.04	11:08:00	1.09550	1.09591	1.09550	1.09576	36	0	9
2024.03.04	11:09:00	1.09576	1.09580	1.09576	1.09579	85	0	9
2024.03.04	11:10:00	1.09579	1.09579	1.09568	1.09568	109	0	8
2024.03.04	11:11:00	1.09568	1.09575	1.09551	1.09555	178	0	12
2024.03.04	11:12:00	1.09555	1.09558	1.09540	1.09546	59	0	12
2024.03.04	11:13:00	1.09546	1.09547	1.09534	1.09536	137	0	11
2024.03.04	11:14:00	1.09536	1.09543	1.09535	1.09537	89	0	8
2024.03.04	11:15:00	1.09537	1.09540	1.09535	1.09538	132	0	9
2024.03.04	11:16:00	1.09538	1.09538	1.09536	1.09537	170	0	12
2024.03.04	11:17:00	1.09537	1.09570	1.09532	1.09552	143	0	10
2024.03.04	11:18:00	1.09552	1.09581	1.09538	1.09568	65	0	12
2024.03.04	11:19:00	1.09568	1.09591	1.09564	1.09583	11	0	10
2024.03.04	11:20:00	1.09583	1.09599	1.09578	1.09579	150	0	10
2024.03.04	11:21:00	1.09579	1.09584	1.09574	1.09583	18	0	12
2024.03.04	11:22:00	1.09583	1.09584	1.09571	1.09574	76	0	10
2024.03.04	11:23:00	1.09574	1.09592	1.09570	1.09585	106	0	9
2024.03.04	11:24:00	1.09585	1.09589	1.09573	1.09576	170	0	8
2024.03.04	11:25:00	1.09576	1.09580	1.09569	1.09580	73	0	12
2024.03.04	11:26:00	1.09580	1.09584	1.09571	1.09571	37	0	8
2024.03.04	11:27:00	1.09571	1.09585	1.09562	1.09579	20	0	10
2024.03.04	11:28:00	1.09579	1.09584	1.09570	1.09575	88	0	10
2024.03.04	11:29:00	1.09575	1.09575	1.09563	1.09563	173	0	10
2024.03.04	11:30:00	1.09563	1.09564	1.09543	1.09547	169	0	12
2024.03.04	11:31:00	1.09547	1.09551	1.09543	1.09547	24	0	10
2024.03.04	11:32:00	1.09547	1.09557	1.09541	1.09556	26	0	12
2024.03.04	11:33:00	1.09556	1.09559	1.09529	1.09537	164	0	10
2024.03.04	11:34:00	1.09537	1.09548	1.09532	1.09535	158	0	10
2024.03.04	11:35:00	1.09535	1.09556	1.09516	1.09526	24	0	11
2024.03.04	11:36:00	1.09526	1.09529	1.09518	1.09521	180	0	9
2024.03.04	11:37:00	1.09521	1.09536	1.09514	1.09531	53	0	12
2024.03.04	11:38:00	1.09531	1.09557	1.09523	1.09553	90	0	10
2024.03.04	11:39:00	1.09553	1.09561	1.09522	1.09531	117	0	8
2024.03.04	11:40:00	1.09531	1.09536	1.09511	1.09515	177	0	11
2024.03.04	11:41:00	1.09515	1.09530	1.09514	1.09523	30	0	10
2024.03.04	11:42:00	1.09523	1.09535	1.09489	1.09491	130	0	12
2024.03.04	11:43:00	1.09491	1.09494	1.09469	1.09479	46	0	8
2024.03.04	11:44:00	1.09479	1.09484	1.09470	1.09474	102	0	11
2024.03.04	11:45:00	1.09474	1.09477	1.09468	1.09473	12	0	11
2024.03.04	11:46:00	1.09473	1.09485	1.09469	1.09478	147	0	10
2024.03.04	11:47:00	1.09478	1.09485	1.09476	1.09481	75	0	10
2024.03.04	11:48:00	1.09481	1.09500	1.09478	1.09495	116	0	10
2024.03.04	11:49:00	1.09495	1.09499	1.09485	1.09489	19	0	12
2024.03.04	11:50:00	1.09489	1.09491	1.09477	1.09478	112	0	10
2024.03.04	11:51:00	1.09478	1.09485	1.09459	1.09468	98	0	9
2024.03.04	11:52:00	1.09468	1.09473	1.09453	1.09456	156	0	10
2024.03.04	11:53:00	1.09456	1.09460	1.09450	1.09452	26	0	8
2024.03.04	11:54:00	1.09452	1.09458	1.09445	1.09452	172	0	8
2024.03.04	11:55:00	1.09452	1.09458	1.09445	1.09450	126	0	12
2024.03.04	11:56:00	1.09450	1.09462	1.09438	1.09457	120	0	10
2024.03.04	11:57:00	1.09457	1.09468	1.09457	1.09461	10	0	12
2024.03.04	11:58:00	1.09461	1.09466	1.09448	1.09462	83	0	11
2024.03.04	11:59:00	1.09462	1.09465	1.09450	1.09455	125	0	8
2024.03.04	12:00:00	1.09455	1.09481	1.09454	1.09475	135	0	8
2024.03.04	12:01:00	1.09475	1.09477	1.09471	1.09474	124	0	8
2024.03.04	12:02:00	1.09474	1.09482	1.09468	1.09478	148	0	12
2024.03.04	12:03:00	1.09478	1.09499	1.09466	1.09499	43	0	10
2024.03.04	12:04:00	1.09499	1.09520	1.09496	1.09509	140	0	8
2024.03.04	12:05:00	1.09509	1.09521	1.09502	1.09518	141	0	10
2024.03.04	12:06:00	1.09518	1.09531	1.09515	1.09528	109	0	11
2024.03.04	12:07:00	1.09528	1.09535	1.09513	1.09519	86	0	10
2024.03.04	12:08:00	1.09519	1.09525	1.09512	1.09519	86	0	9
2024.03.04	12:09:00	1.09519	1.09528	1.09516	1.09525	174	0	10
2024.03.04	12:10:00	1.09525	1.09545	1.09524	1.09541	95	0	9
2024.03.04	12:11:00	1.09541	1.09550	1.09532	1.09535	177	0	8
2024.03.04	12:12:00	1.09535	1.09536	1.09522	1.09535	90	0	8
2024.03.04	12:13:00	1.09535	1.09549	1.09524	1.09547	82	0	9
2024.03.04	12:14:00	1.09547	1.09557	1.09536	1.09542	121	0	9
2024.03.04	12:15:00	1.09542	1.09543	1.09534	1.09535	119	0	12
2024.03.04	12:16:00	1.09535	1.09542	1.09527	1.09540	135	0	9
2024.03.04	12:17:00	1.09540	1.09550	1.09524	1.09525	50	0	10
2024.03.04	12:18:00	1.09525	1.09537	1.09525	1.09528	144	0	9
2024.03.04	12:19:00	1.09528	1.09536	1.09495	1.09506	60	0	11
2024.03.04	12:20:00	1.09506	1.09512	1.09503	1.09510	114	0	9
2024.03.04	12:21:00	1.09510	1.09513	1.09477	1.09481	121	0	12
2024.03.04	12:22:00	1.09481	1.09487	1.09457	1.09460	48	0	10
2024.03.04	12:23:00	1.09460	1.09461	1.09453	1.09457	157	0	10
2024.03.04	12:24:00	1.09457	1.09466	1.09450	1.09452	148	0	9
2024.03.04	12:25:00	1.09452	1.09467	1.09443	1.09461	67	0	10
2024.03.04	12:26:00	1.09461	1.09473	1.09458	1.09472	175	0	11
2024.03.04	12:27:00	1.09472	1.09481	1.09468	1.09480	46	0	12
2024.03.04	12:28:00	1.09480	1.09489	1.09479	1.09484	98	0	8
2024.03.04	12:29:00	1.09484	1.09488	1.09481	1.09486	175	0	11
2024.03.04	12:30:00	1.09486	1.09487	1.09470	1.09476	135	0	8
2024.03.04	12:31:00	1.09476	1.09493	1.09471	1.09492	85	0	11
2024.03.04	12:32:00	1.09492	1.09497	1.09473	1.09475	66	0	11
2024.03.04	12:33:00	1.09475	1.09489	1.09474	1.09488	161	0	8
2024.03.04	12:34:00	1.09488	1.09500	1.09480	1.09499	20	0	9
2024.03.04	12:35:00	1.09499	1.09502	1.09487	1.09493	71	0	10
2024.03.04	12:36:00	1.09493	1.09497	1.09492	1.09493	25	0	12
2024.03.04	12:37:00	1.09493	1.09496	1.09482	1.09483	149	0	8
2024.03.04	12:38:00	1.09483	1.09495	1.09481	1.09487	139	0	11
2024.03.04	12:39:00	1.09487	1.09495	1.09482	1.09488	41	0	10
2024.03.04	12:40:00	1.09488	1.09491	1.09472	1.09478	49	0	10
2024.03.04	12:41:00	1.09478	1.09498	1.09465	1.09491	92	0	8
2024.03.04	12:42:00	1.09491	1.09514	1.09488	1.09504	32	0	8
2024.03.04	12:43:00	1.09504	1.09507	1.09502	1.09505	135	0	10
2024.03.04	12:44:00	1.09505	1.09506	1.09495	1.09499	145	0	8
2024.03.04	12:45:00	1.09499	1.09506	1.09499	1.09500	58	0	10
2024.03.04	12:46:00	1.09500	1.09502	1.09490	1.09493	144	0	11
2024.03.04	12:47:00	1.09493	1.09499	1.09490	1.09499	35	0	8
2024.03.04	12:48:00	1.09499	1.09500	1.09470	1.09478	66	0	8
2024.03.04	12:49:00	1.09478	1.09478	1.09467	1.09470	75	0	8
2024.03.04	12:50:00	1.09470	1.09474	1.09449	1.09455	38	0	8
2024.03.04	12:51:00	1.09455	1.09467	1.09451	1.09465	70	0	11
2024.03.04	12:52:00	1.09465	1.09474	1.09460	1.09467	26	0	11
2024.03.04	12:53:00	1.09467	1.09468	1.09445	1.09447	63	0	11
2024.03.04	12:54:00	1.09447	1.09452	1.09446	1.09448	126	0	11
2024.03.04	12:55:00	1.09448	1.09454	1.09448	1.09453	113	0	10
2024.03.04	12:56:00	1.09453	1.09476	1.09449	1.09474	50	0	9
2024.03.04	12:57:00	1.09474	1.09489	1.09464	1.09486	60	0	9
2024.03.04	12:58:00	1.09486	1.09506	1.09485	1.09502	8	0	10
2024.03.04	12:59:00	1.09502	1.09509	1.09496	1.09498	92	0	8
2024.03.04	13:00:00	1.09498	1.09507	1.09495	1.09498	101	0	10
2024.03.04	13:01:00	1.09498	1.09522	1.09493	1.09514	97	0	11
2024.03.04	13:02:00	1.09514	1.09543	1.09509	1.09530	42	0	10
2024.03.04	13:03:00	1.09530	1.09537	1.09500	1.09512	21	0	12
2024.03.04	13:04:00	1.09512	1.09514	1.09489	1.09491	106	0	12
2024.03.04	13:05:00	1.09491	1.09494	1.09472	1.09484	84	0	12
2024.03.04	13:06:00	1.09484	1.09500	1.09481	1.09498	72	0	9
2024.03.04	13:07:00	1.09498	1.09498	1.09488	1.09496	151	0	9
2024.03.04	13:08:00	1.09496	1.09512	1.09484	1.09507	20	0	10
2024.03.04	13:09:00	1.09507	1.09510	1.09492	1.09497	168	0	12
2024.03.04	13:10:00	1.09497	1.09504	1.09486	1.09499	66	0	12
2024.03.04	13:11:00	1.09499	1.09524	1.09490	1.09519	177	0	11
2024.03.04	13:12:00	1.09519	1.09533	1.09517	1.09529	162	0	8
2024.03.04	13:13:00	1.09529	1.09551	1.09525	1.09539	129	0	10
2024.03.04	13:14:00	1.09539	1.09542	1.09525	1.09530	29	0	10
2024.03.04	13:15:00	1.09530	1.09547	1.09526	1.09542	16	0	10
2024.03.04	13:16:00	1.09542	1.09558	1.09518	1.09523	112	0	12
2024.03.04	13:17:00	1.09523	1.09550	1.09522	1.09546	63	0	12
2024.03.04	13:18:00	1.09546	1.09550	1.09533	1.09538	93	0	9
2024.03.04	13:19:00	1.09538	1.09541	1.09528	1.09531	164	0	10
2024.03.04	13:20:00	1.09531	1.09536	1.09519	1.09527	163	0	9
2024.03.04	13:21:00	1.09527	1.09537	1.09500	1.09512	108	0	11
2024.03.04	13:22:00	1.09512	1.09536	1.09508	1.09535	152	0	12
2024.03.04	13:23:00	1.09535	1.09540	1.09529	1.09540	33	0	11
2024.03.04	13:24:00	1.09540	1.09550	1.09536	1.09538	72	0	12
2024.03.04	13:25:00	1.09538	1.09544	1.09528	1.09532	92	0	10
2024.03.04	13:26:00	1.09532	1.09537	1.09528	1.09531	104	0	11
2024.03.04	13:27:00	1.09531	1.09550	1.09529	1.09549	175	0	10
2024.03.04	13:28:00	1.09549	1.09549	1.09519	1.09531	38	0	11
2024.03.04	13:29:00	1.09531	1.09538	1.09527	1.09534	139	0	9
2024.03.04	13:30:00	1.09534	1.09544	1.09526	1.09531	43	0	8
2024.03.04	13:31:00	1.09531	1.09545	1.09527	1.09533	44	0	9
2024.03.04	13:32:00	1.09533	1.09537	1.09514	1.09520	158	0	12
2024.03.04	13:33:00	1.09520	1.09531	1.09519	1.09523	69	0	10
2024.03.04	13:34:00	1.09523	1.09524	1.09517	1.09523	29	0	12
2024.03.04	13:35:00	1.09523	1.09527	1.09514	1.09519	100	0	12
2024.03.04	13:36:00	1.09519	1.09531	1.09515	1.09528	20	0	11
2024.03.04	13:37:00	1.09528	1.09530	1.09513	1.09516	140	0	8
2024.03.04	13:38:00	1.09516	1.09534	1.09514	1.09526	21	0	11
2024.03.04	13:39:00	1.09526	1.09537	1.09520	1.09535	100	0	12
2024.03.04	13:40:00	1.09535	1.09544	1.09531	1.09539	90	0	10
2024.03.04	13:41:00	1.09539	1.09546	1.09531	1.09536	100	0	10
2024.03.04	13:42:00	1.09536	1.09546	1.09524	1.09527	167	0	10
2024.03.04	13:43:00	1.09527	1.09534	1.09527	1.09528	48	0	10
2024.03.04	13:44:00	1.09528	1.09538	1.09519	1.09537	179	0	10
2024.03.04	13:45:00	1.09537	1.09537	1.09528	1.09533	100	0	12
2024.03.04	13:46:00	1.09533	1.09550	1.09531	1.09546	74	0	10
2024.03.04	13:47:00	1.09546	1.09562	1.09544	1.09562	153	0	10
2024.03.04	13:48:00	1.09562	1.09573	1.09545	1.09545	25	0	11
2024.03.04	13:49:00	1.09545	1.09561	1.09540	1.09554	113	0	12
2024.03.04	13:50:00	1.09554	1.09565	1.09544	1.09562	170	0	12
2024.03.04	13:51:00	1.09562	1.09566	1.09527	1.09537	108	0	12
2024.03.04	13:52:00	1.09537	1.09548	1.09532	1.09543	55	0	12
2024.03.04	13:53:00	1.09543	1.09548	1.09538	1.09543	141	0	10
2024.03.04	13:54:00	1.09543	1.09554	1.09526	1.09530	24	0	10
2024.03.04	13:55:00	1.09530	1.09538	1.09530	1.09538	154	0	12
2024.03.04	13:56:00	1.09538	1.09545	1.09536	1.09539	41	0	9
2024.03.04	13:57:00	1.09539	1.09560	1.09527	1.09558	69	0	11
2024.03.04	13:58:00	1.09558	1.09568	1.09542	1.09565	174	0	10
2024.03.04	13:59:00	1.09565	1.09574	1.09563	1.09572	106	0	11
2024.03.04	14:00:00	1.09572	1.09593	1.09571	1.09587	138	0	10
2024.03.04	14:01:00	1.09587	1.09597	1.09563	1.09571	87	0	8
2024.03.04	14:02:00	1.09571	1.09577	1.09559	1.09561	13	0	12
2024.03.04	14:03:00	1.09561	1.09564	1.09558	1.09558	91	0	9
2024.03.04	14:04:00	1.09558	1.09575	1.09555	1.09575	23	0	10
2024.03.04	14:05:00	1.09575	1.09589	1.09571	1.09582	16	0	8
2024.03.04	14:06:00	1.09582	1.09584	1.09564	1.09569	95	0	10
2024.03.04	14:07:00	1.09569	1.09574	1.09568	1.09570	150	0	9
2024.03.04	14:08:00	1.09570	1.09586	1.09556	1.09564	65	0	9
2024.03.04	14:09:00	1.09564	1.09571	1.09554	1.09555	116	0	10
2024.03.04	14:10:00	1.09555	1.09574	1.09554	1.09571	110	0	10
2024.03.04	14:11:00	1.09571	1.09579	1.09554	1.09555	65	0	12
2024.03.04	14:12:00	1.09555	1.09597	1.09550	1.09582	92	0	12
2024.03.04	14:13:00	1.09582	1.09584	1.09553	1.09553	130	0	11
2024.03.04	14:14:00	1.09553	1.09567	1.09549	1.09562	124	0	9
2024.03.04	14:15:00	1.09562	1.09564	1.09542	1.09545	111	0	9
2024.03.04	14:16:00	1.09545	1.09549	1.09542	1.09543	120	0	9
2024.03.04	14:17:00	1.09543	1.09545	1.09519	1.09529	75	0	9
2024.03.04	14:18:00	1.09529	1.09532	1.09502	1.09512	13	0	12
2024.03.04	14:19:00	1.09512	1.09514	1.09500	1.09509	24	0	10
2024.03.04	14:20:00	1.09509	1.09511	1.09503	1.09510	169	0	11
2024.03.04	14:21:00	1.09510	1.09510	1.09489	1.09495	49	0	11
2024.03.04	14:22:00	1.09495	1.09509	1.09469	1.09470	52	0	12
2024.03.04	14:23:00	1.09470	1.09481	1.09460	1.09473	124	0	8
2024.03.04	14:24:00	1.09473	1.09483	1.09452	1.09460	132	0	8
2024.03.04	14:25:00	1.09460	1.09488	1.09454	1.09479	129	0	9
2024.03.04	14:26:00	1.09479	1.09494	1.09479	1.09488	98	0	10
2024.03.04	14:27:00	1.09488	1.09508	1.09476	1.09500	57	0	12
2024.03.04	14:28:00	1.09500	1.09511	1.09486	1.09496	106	0	9
2024.03.04	14:29:00	1.09496	1.09500	1.09483	1.09494	42	0	9
2024.03.04	14:30:00	1.09494	1.09502	1.09489	1.09502	10	0	8
2024.03.04	14:31:00	1.09502	1.09504	1.09496	1.09496	154	0	11
2024.03.04	14:32:00	1.09496	1.09522	1.09492	1.09516	126	0	10
2024.03.04	14:33:00	1.09516	1.09531	1.09503	1.09529	9	0	9
2024.03.04	14:34:00	1.09529	1.09537	1.09527	1.09532	40	0	9
2024.03.04	14:35:00	1.09532	1.09539	1.09525	1.09528	170	0	12
2024.03.04	14:36:00	1.09528	1.09534	1.09516	1.09525	21	0	10
2024.03.04	14:37:00	1.09525	1.09537	1.09517	1.09533	69	0	12
2024.03.04	14:38:00	1.09533	1.09540	1.09519	1.09522	135	0	11
2024.03.04	14:39:00	1.09522	1.09530	1.09516	1.09523	66	0	8
2024.03.04	14:40:00	1.09523	1.09530	1.09503	1.09507	173	0	8
2024.03.04	14:41:00	1.09507	1.09508	1.09479	1.09492	59	0	8
2024.03.04	14:42:00	1.09492	1.09496	1.09491	1.09496	64	0	12
2024.03.04	14:43:00	1.09496	1.09531	1.09494	1.09524	155	0	10
2024.03.04	14:44:00	1.09524	1.09527	1.09513	1.09523	34	0	12
2024.03.04	14:45:00	1.09523	1.09528	1.09521	1.09525	143	0	9
2024.03.04	14:46:00	1.09525	1.09529	1.09502	1.09517	105	0	8
2024.03.04	14:47:00	1.09517	1.09518	1.09514	1.09515	173	0	8
2024.03.04	14:48:00	1.09515	1.09515	1.09489	1.09498	27	0	12
2024.03.04	14:49:00	1.09498	1.09505	1.09483	1.09486	82	0	10
2024.03.04	14:50:00	1.09486	1.09486	1.09485	1.09485	137	0	10
2024.03.04	14:51:00	1.09485	1.09487	1.09473	1.09482	61	0	12
2024.03.04	14:52:00	1.09482	1.09483	1.09470	1.09477	98	0	12
2024.03.04	14:53:00	1.09477	1.09485	1.09470	1.09475	33	0	8
2024.03.04	14:54:00	1.09475	1.09479	1.09468	1.09468	163	0	11
2024.03.04	14:55:00	1.09468	1.09478	1.09460	1.09461	9	0	8
2024.03.04	14:56:00	1.09461	1.09467	1.09458	1.09466	141	0	10
2024.03.04	14:57:00	1.09466	1.09472	1.09449	1.09451	164	0	11
2024.03.04	14:58:00	1.09451	1.09462	1.09434	1.09435	13	0	8
2024.03.04	14:59:00	1.09435	1.09435	1.09413	1.09414	42	0	10
2024.03.04	14:59:00	1.09435	1.09435	1.09413	1.09414	42	0	10
2024.03.04	15:00:00	1.09414	1.09417	1.09410	1.09415	73	0	12
2024.03.04	15:01:00	1.09415	1.09422	1.09400	1.09408	97	0	8
2024.03.04	15:02:00	1.09408	1.09410	1.09390	1.09406	175	0	12
2024.03.04	15:03:00	1.09406	1.09427	1.09402	1.09418	91	0	10
2024.03.04	15:04:00	1.09418	1.09420	1.09413	1.09419	147	0	10
2024.03.04	15:05:00	1.09419	1.09424	1.09413	1.09416	69	0	10
2024.03.04	15:06:00	1.09416	1.09427	1.09407	1.09420	88	0	10
2024.03.04	15:07:00	1.09420	1.09438	1.09416	1.09434	145	0	8
2024.03.04	15:08:00	1.09434	1.09442	1.09425	1.09441	145	0	9
2024.03.04	15:09:00	1.09441	1.09447	1.09436	1.09438	140	0	12
2024.03.04	15:10:00	1.09438	1.09449	1.09435	1.09441	11	0	12
2024.03.04	15:11:00	1.09441	1.09442	1.09425	1.09434	53	0	11
2024.03.04	15:12:00	1.09434	1.09437	1.09413	1.09417	108	0	9
2024.03.04	15:13:00	1.09417	1.09425	1.09385	1.09398	31	0	12
2024.03.04	15:14:00	1.09398	1.09415	1.09392	1.09409	159	0	9
2024.03.04	15:15:00	1.09409	1.09414	1.09390	1.09397	108	0	10
2024.03.04	15:16:00	1.09397	1.09419	1.09395	1.09414	27	0	9
2024.03.04	15:17:00	1.09414	1.09423	1.09410	1.09413	173	0	11
2024.03.04	15:18:00	1.09413	1.09417	1.09409	1.09409	33	0	10
2024.03.04	15:19:00	1.09409	1.09411	1.09396	1.09402	52	0	10
2024.03.04	15:20:00	1.09402	1.09428	1.09398	1.09427	90	0	9
2024.03.04	15:21:00	1.09427	1.09438	1.09415	1.09417	65	0	8
2024.03.04	15:22:00	1.09417	1.09439	1.09415	1.09430	10	0	9
2024.03.04	15:23:00	1.09430	1.09432	1.09420	1.09421	176	0	12
2024.03.04	15:24:00	1.09421	1.09426	1.09405	1.09406	32	0	8
2024.03.04	15:25:00	1.09406	1.09418	1.09400	1.09412	153	0	11
2024.03.04	15:26:00	1.09412	1.09415	1.09400	1.09413	41	0	10
2024.03.04	15:27:00	1.09413	1.09421	1.09406	1.09415	43	0	10
2024.03.04	15:28:00	1.09415	1.09421	1.09410	1.09417	36	0	9
2024.03.04	15:29:00	1.09417	1.09431	1.09415	1.09428	105	0	8
2024.03.04	15:30:00	1.09428	1.09433	1.09427	1.09429	101	0	9
2024.03.04	15:31:00	1.09429	1.09445	1.09424	1.09441	9	0	8
2024.03.04	15:32:00	1.09441	1.09453	1.09438	1.09450	128	0	10
2024.03.04	15:33:00	1.09450	1.09460	1.09450	1.09457	150	0	12
2024.03.04	15:34:00	1.09457	1.09457	1.09431	1.09445	67	0	10
2024.03.04	15:35:00	1.09445	1.09451	1.09444	1.09448	25	0	10
2024.03.04	15:36:00	1.09448	1.09453	1.09432	1.09439	26	0	11
2024.03.04	15:37:00	1.09439	1.09441	1.09423	1.09433	152	0	11
2024.03.04	15:38:00	1.09433	1.09465	1.09431	1.09454	118	0	11
2024.03.04	15:39:00	1.09454	1.09461	1.09446	1.09449	138	0	10
2024.03.04	15:40:00	1.09449	1.09452	1.09448	1.09450	125	0	12
2024.03.04	15:41:00	1.09450	1.09484	1.09442	1.09477	169	0	10
2024.03.04	15:42:00	1.09477	1.09488	1.09476	1.09485	129	0	10
2024.03.04	15:43:00	1.09485	1.09485	1.09474	1.09481	168	0	12
2024.03.04	15:44:00	1.09481	1.09503	1.09475	1.09491	16	0	11
2024.03.04	15:45:00	1.09491	1.09497	1.09469	1.09477	178	0	11
2024.03.04	15:46:00	1.09477	1.09488	1.09467	1.09484	90	0	12
2024.03.04	15:47:00	1.09484	1.09511	1.09481	1.09500	176	0	12
2024.03.04	15:48:00	1.09500	1.09508	1.09489	1.09504	28	0	10
2024.03.04	15:49:00	1.09504	1.09504	1.09487	1.09489	120	0	9
2024.03.04	15:50:00	1.09489	1.09498	1.09487	1.09494	24	0	10
2024.03.04	15:51:00	1.09494	1.09505	1.09493	1.09501	100	0	10
2024.03.04	15:52:00	1.09501	1.09509	1.09486	1.09502	133	0	12
2024.03.04	15:53:00	1.09502	1.09510	1.09500	1.09500	63	0	9
2024.03.04	15:54:00	1.09500	1.09507	1.09493	1.09504	65	0	10
2024.03.04	15:55:00	1.09504	1.09508	1.09503	1.09504	113	0	12
2024.03.04	15:56:00	1.09504	1.09512	1.09499	1.09500	8	0	9
2024.03.04	15:57:00	1.09500	1.09504	1.09488	1.09491	124	0	10
2024.03.04	15:58:00	1.09491	1.09495	1.09470	1.09473	38	0	10
2024.03.04	15:59:00	1.09473	1.09483	1.09472	1.09480	43	0	11
2024.03.04	16:00:00	1.09480	1.09491	1.09480	1.09487	116	0	9
2024.03.04	16:01:00	1.09487	1.09497	1.09475	1.09480	112	0	10
2024.03.04	16:02:00	1.09480	1.09499	1.09470	1.09493	76	0	12
2024.03.04	16:03:00	1.09493	1.09495	1.09469	1.09470	34	0	8
2024.03.04	16:04:00	1.09470	1.09475	1.09470	1.09474	43	0	10
2024.03.04	16:05:00	1.09474	1.09479	1.09464	1.09467	84	0	12
2024.03.04	16:06:00	1.09467	1.09473	1.09456	1.09459	176	0	11
2024.03.04	16:07:00	1.09459	1.09474	1.09453	1.09465	141	0	11
2024.03.04	16:08:00	1.09465	1.09469	1.09459	1.09467	54	0	12
2024.03.04	16:09:00	1.09467	1.09475	1.09456	1.09458	113	0	10
2024.03.04	16:10:00	1.09458	1.09468	1.09454	1.09467	22	0	11
2024.03.04	16:11:00	1.09467	1.09469	1.09446	1.09450	91	0	8
2024.03.04	16:12:00	1.09450	1.09452	1.09439	1.09440	54	0	10
2024.03.04	16:13:00	1.09440	1.09450	1.09407	1.09410	67	0	10
2024.03.04	16:14:00	1.09410	1.09445	1.09404	1.09437	42	0	12
2024.03.04	16:15:00	1.09437	1.09438	1.09424	1.09434	100	0	10
2024.03.04	16:16:00	1.09434	1.09443	1.09420	1.09423	63	0	10
2024.03.04	16:17:00	1.09423	1.09434	1.09418	1.09429	111	0	11
2024.03.04	16:18:00	1.09429	1.09430	1.09413	1.09425	155	0	11
2024.03.04	16:19:00	1.09425	1.09431	1.09404	1.09411	119	0	10
2024.03.04	16:20:00	1.09411	1.09423	1.09402	1.09417	49	0	10
2024.03.04	16:21:00	1.09417	1.09430	1.09406	1.09419	82	0	11
2024.03.04	16:22:00	1.09419	1.09426	1.09404	1.09408	58	0	10
2024.03.04	16:23:00	1.09408	1.09409	1.09373	1.09378	73	0	9
2024.03.04	16:24:00	1.09378	1.09392	1.09371	1.09385	158	0	8
2024.03.04	16:25:00	1.09385	1.09385	1.09364	1.09365	144	0	10
2024.03.04	16:26:00	1.09365	1.09370	1.09363	1.09364	52	0	8
2024.03.04	16:27:00	1.09364	1.09364	1.09363	1.09364	66	0	9
2024.03.04	16:28:00	1.09364	1.09373	1.09361	1.09362	37	0	8
2024.03.04	16:29:00	1.09362	1.09377	1.09356	1.09362	46	0	10
2024.03.04	16:30:00	1.09362	1.09368	1.09352	1.09355	130	0	10
2024.03.04	16:31:00	1.09355	1.09373	1.09343	1.09366	75	0	9
2024.03.04	16:32:00	1.09366	1.09368	1.09351	1.09366	41	0	12
2024.03.04	16:33:00	1.09366	1.09379	1.09360	1.09376	44	0	9
2024.03.04	16:34:00	1.09376	1.09387	1.09344	1.09347	116	0	10
2024.03.04	16:35:00	1.09347	1.09347	1.09327	1.09328	87	0	8
2024.03.04	16:36:00	1.09328	1.09333	1.09325	1.09330	123	0	10
2024.03.04	16:37:00	1.09330	1.09331	1.09322	1.09326	31	0	12
2024.03.04	16:38:00	1.09326	1.09327	1.09299	1.09313	63	0	8
2024.03.04	16:39:00	1.09313	1.09319	1.09307	1.09315	74	0	11
2024.03.04	16:40:00	1.09315	1.09318	1.09302	1.09302	14	0	9
2024.03.04	16:41:00	1.09302	1.09306	1.09299	1.09299	124	0	11
2024.03.04	16:42:00	1.09299	1.09306	1.09279	1.09302	74	0	9
2024.03.04	16:43:00	1.09302	1.09304	1.09295	1.09299	94	0	12
2024.03.04	16:44:00	1.09299	1.09314	1.09292	1.09293	88	0	11
2024.03.04	16:45:00	1.09293	1.09293	1.09281	1.09283	163	0	10
2024.03.04	16:46:00	1.09283	1.09287	1.09280	1.09286	169	0	9
2024.03.04	16:47:00	1.09286	1.09290	1.09284	1.09285	38	0	11
2024.03.04	16:48:00	1.09285	1.09297	1.09277	1.09280	87	0	8
2024.03.04	16:49:00	1.09280	1.09282	1.09266	1.09267	107	0	10
2024.03.04	16:50:00	1.09267	1.09267	1.09256	1.09258	89	0	10
2024.03.04	16:51:00	1.09258	1.09264	1.09249	1.09251	103	0	11
2024.03.04	16:52:00	1.09251	1.09256	1.09217	1.09225	34	0	10
2024.03.04	16:53:00	1.09225	1.09237	1.09211	1.09218	42	0	8
2024.03.04	16:54:00	1.09218	1.09247	1.09216	1.09236	166	0	8
2024.03.04	16:55:00	1.09236	1.09237	1.09232	1.09234	177	0	10
2024.03.04	16:56:00	1.09234	1.09235	1.09227	1.09229	21	0	8
2024.03.04	16:57:00	1.09229	1.09234	1.09219	1.09232	42	0	11
2024.03.04	16:58:00	1.09232	1.09237	1.09228	1.09236	112	0	9
2024.03.04	16:59:00	1.09236	1.09249	1.09230	1.09249	117	0	12
2024.03.04	17:00:00	1.09249	1.09252	1.09245	1.09246	37	0	8
2024.03.04	17:01:00	1.09246	1.09279	1.09236	1.09278	106	0	10
2024.03.04	17:02:00	1.09278	1.09283	1.09274	1.09279	108	0	12
2024.03.04	17:03:00	1.09279	1.09282	1.09250	1.09260	57	0	10
2024.03.04	17:04:00	1.09260	1.09284	1.09258	1.09277	73	0	11
2024.03.04	17:05:00	1.09277	1.09303	1.09273	1.09285	46	0	11
2024.03.04	17:06:00	1.09285	1.09288	1.09282	1.09282	56	0	12
2024.03.04	17:07:00	1.09282	1.09292	1.09266	1.09271	67	0	11
2024.03.04	17:08:00	1.09271	1.09280	1.09259	1.09259	17	0	10
2024.03.04	17:09:00	1.09259	1.09263	1.09254	1.09262	76	0	10
2024.03.04	17:10:00	1.09262	1.09270	1.09253	1.09257	66	0	8
2024.03.04	17:11:00	1.09257	1.09268	1.09254	1.09263	170	0	11
2024.03.04	17:12:00	1.09263	1.09267	1.09254	1.09263	51	0	9
2024.03.04	17:13:00	1.09263	1.09265	1.09249	1.09253	175	0	10
2024.03.04	17:14:00	1.09253	1.09261	1.09231	1.09236	94	0	12
2024.03.04	17:15:00	1.09236	1.09249	1.09231	1.09247	52	0	10
2024.03.04	17:16:00	1.09247	1.09254	1.09238	1.09252	146	0	12
2024.03.04	17:17:00	1.09252	1.09261	1.09239	1.09245	148	0	10
2024.03.04	17:18:00	1.09245	1.09260	1.09235	1.09258	62	0	12
2024.03.04	17:19:00	1.09258	1.09265	1.09254	1.09263	33	0	8
2024.03.04	17:20:00	1.09263	1.09264	1.09261	1.09262	26	0	11
2024.03.04	17:21:00	1.09262	1.09271	1.09250	1.09254	58	0	10
2024.03.04	17:22:00	1.09254	1.09258	1.09241	1.09247	171	0	12
2024.03.04	17:23:00	1.09247	1.09255	1.09242	1.09249	89	0	10
2024.03.04	17:24:00	1.09249	1.09254	1.09242	1.09248	35	0	11
2024.03.04	17:25:00	1.09248	1.09258	1.09231	1.09237	140	0	8
2024.03.04	17:26:00	1.09237	1.09238	1.09219	1.09225	61	0	9
2024.03.04	17:27:00	1.09225	1.09229	1.09209	1.09213	176	0	12
2024.03.04	17:28:00	1.09213	1.09231	1.09207	1.09224	153	0	10
2024.03.04	17:29:00	1.09224	1.09227	1.09218	1.09218	31	0	9
2024.03.04	17:30:00	1.09218	1.09220	1.09195	1.09196	64	0	12
2024.03.04	17:31:00	1.09196	1.09198	1.09184	1.09185	101	0	12
2024.03.04	17:32:00	1.09185	1.09187	1.09171	1.09174	59	0	10
2024.03.04	17:33:00	1.09174	1.09176	1.09142	1.09147	55	0	10
2024.03.04	17:34:00	1.09147	1.09149	1.09131	1.09133	104	0	11
2024.03.04	17:35:00	1.09133	1.09136	1.09125	1.09127	12	0	12
2024.03.04	17:36:00	1.09127	1.09130	1.09104	1.09108	22	0	9
2024.03.04	17:37:00	1.09108	1.09121	1.09100	1.09100	63	0	11
2024.03.04	17:38:00	1.09100	1.09101	1.09092	1.09093	120	0	8
2024.03.04	17:39:00	1.09093	1.09107	1.09089	1.09100	74	0	11
2024.03.04	17:40:00	1.09100	1.09106	1.09091	1.09098	31	0	8
2024.03.04	17:41:00	1.09098	1.09102	1.09085	1.09097	50	0	12
2024.03.04	17:42:00	1.09097	1.09107	1.09096	1.09100	67	0	11
2024.03.04	17:43:00	1.09100	1.09128	1.09089	1.09122	157	0	12
2024.03.04	17:44:00	1.09122	1.09132	1.09116	1.09118	77	0	10
2024.03.04	17:45:00	1.09118	1.09120	1.09099	1.09100	8	0	10
2024.03.04	17:46:00	1.09100	1.09125	1.09094	1.09116	114	0	9
2024.03.04	17:47:00	1.09116	1.09118	1.09104	1.09107	63	0	11
2024.03.04	17:48:00	1.09107	1.09116	1.09096	1.09096	49	0	10
2024.03.04	17:49:00	1.09096	1.09108	1.09091	1.09104	87	0	9
2024.03.04	17:50:00	1.09104	1.09109	1.09090	1.09095	39	0	11
2024.03.04	17:51:00	1.09095	1.09110	1.09089	1.09108	120	0	11
2024.03.04	17:52:00	1.09108	1.09109	1.09075	1.09079	159	0	11
2024.03.04	17:53:00	1.09079	1.09082	1.09076	1.09080	26	0	10
2024.03.04	17:54:00	1.09080	1.09095	1.09066	1.09071	116	0	10
2024.03.04	17:55:00	1.09071	1.09082	1.09064	1.09077	108	0	12
2024.03.04	17:56:00	1.09077	1.09101	1.09076	1.09091	130	0	10
2024.03.04	17:57:00	1.09091	1.09100	1.09089	1.09090	110	0	10
2024.03.04	17:58:00	1.09090	1.09092	1.09079	1.09085	9	0	12
2024.03.04	17:59:00	1.09085	1.09089	1.09064	1.09069	110	0	10
2024.03.04	18:00:00	1.09069	1.09074	1.09046	1.09054	148	0	11
2024.03.04	18:01:00	1.09054	1.09081	1.09052	1.09078	37	0	9
2024.03.04	18:02:00	1.09078	1.09101	1.09073	1.09095	130	0	10
2024.03.04	18:03:00	1.09095	1.09103	1.09095	1.09097	13	0	10
2024.03.04	18:04:00	1.09097	1.09100	1.09071	1.09077	37	0	10
2024.03.04	18:05:00	1.09077	1.09102	1.09069	1.09102	152	0	10
2024.03.04	18:06:00	1.09102	1.09124	1.09092	1.09123	168	0	11
2024.03.04	18:07:00	1.09123	1.09145	1.09122	1.09132	81	0	10
2024.03.04	18:08:00	1.09132	1.09150	1.09128	1.09142	23	0	12
2024.03.04	18:09:00	1.09142	1.09144	1.09139	1.09143	66	0	9
2024.03.04	18:10:00	1.09143	1.09154	1.09142	1.09152	35	0	9
2024.03.04	18:11:00	1.09152	1.09165	1.09129	1.09133	30	0	9
2024.03.04	18:12:00	1.09133	1.09135	1.09126	1.09126	106	0	10
2024.03.04	18:13:00	1.09126	1.09136	1.09095	1.09102	53	0	11
2024.03.04	18:14:00	1.09102	1.09113	1.09099	1.09109	17	0	8
2024.03.04	18:15:00	1.09109	1.09117	1.09101	1.09113	51	0	8
2024.03.04	18:16:00	1.09113	1.09114	1.09105	1.09107	58	0	10
2024.03.04	18:17:00	1.09107	1.09127	1.09099	1.09118	91	0	10
2024.03.04	18:18:00	1.09118	1.09122	1.09106	1.09107	180	0	12
2024.03.04	18:19:00	1.09107	1.09110	1.09105	1.09107	46	0	10
2024.03.04	18:20:00	1.09107	1.09113	1.09087	1.09095	16	0	10
2024.03.04	18:21:00	1.09095	1.09113	1.09091	1.09101	11	0	10
2024.03.04	18:22:00	1.09101	1.09101	1.09093	1.09099	138	0	9
2024.03.04	18:23:00	1.09099	1.09107	1.09076	1.09086	151	0	11
2024.03.04	18:24:00	1.09086	1.09094	1.09079	1.09091	9	0	11
2024.03.04	18:25:00	1.09091	1.09106	1.09081	1.09103	139	0	8
2024.03.04	18:26:00	1.09103	1.09114	1.09102	1.09109	105	0	12
2024.03.04	18:27:00	1.09109	1.09112	1.09097	1.09102	130	0	11
2024.03.04	18:28:00	1.09102	1.09121	1.09100	1.09117	76	0	9
2024.03.04	18:29:00	1.09117	1.09131	1.09107	1.09128	9	0	11
2024.03.04	18:30:00	1.09128	1.09133	1.09124	1.09124	164	0	10
2024.03.04	18:31:00	1.09124	1.09130	1.09105	1.09115	133	0	10
2024.03.04	18:32:00	1.09115	1.09152	1.09104	1.09138	19	0	9
2024.03.04	18:33:00	1.09138	1.09141	1.09137	1.09139	114	0	10
2024.03.04	18:34:00	1.09139	1.09142	1.09126	1.09128	42	0	8
2024.03.04	18:35:00	1.09128	1.09137	1.09117	1.09126	163	0	10
2024.03.04	18:36:00	1.09126	1.09129	1.09108	1.09108	174	0	10
2024.03.04	18:37:00	1.09108	1.09133	1.09104	1.09127	84	0	9
2024.03.04	18:38:00	1.09127	1.09138	1.09126	1.09136	138	0	11
2024.03.04	18:39:00	1.09136	1.09142	1.09128	1.09128	154	0	12
2024.03.04	18:40:00	1.09128	1.09144	1.09116	1.09135	110	0	12
2024.03.04	18:41:00	1.09135	1.09148	1.09133	1.09142	38	0	8
2024.03.04	18:42:00	1.09142	1.09145	1.09141	1.09142	146	0	12
2024.03.04	18:43:00	1.09142	1.09142	1.09135	1.09138	171	0	10
2024.03.04	18:44:00	1.09138	1.09148	1.09131	1.09144	14	0	8
2024.03.04	18:45:00	1.09144	1.09153	1.09138	1.09143	16	0	9
2024.03.04	18:46:00	1.09143	1.09144	1.09128	1.09130	95	0	11
2024.03.04	18:47:00	1.09130	1.09131	1.09108	1.09111	38	0	12
2024.03.04	18:48:00	1.09111	1.09124	1.09109	1.09117	65	0	10
2024.03.04	18:49:00	1.09117	1.09126	1.09114	1.09123	74	0	8
2024.03.04	18:50:00	1.09123	1.09141	1.09111	1.09128	24	0	12
2024.03.04	18:51:00	1.09128	1.09134	1.09101	1.09107	121	0	9
2024.03.04	18:52:00	1.09107	1.09137	1.09104	1.09129	106	0	9
2024.03.04	18:53:00	1.09129	1.09133	1.09106	1.09112	143	0	9
2024.03.04	18:54:00	1.09112	1.09120	1.09109	1.09118	111	0	9
2024.03.04	18:55:00	1.09118	1.09129	1.09097	1.09104	128	0	10
2024.03.04	18:56:00	1.09104	1.09121	1.09098	1.09118	158	0	10
2024.03.04	18:57:00	1.09118	1.09133	1.09107	1.09126	102	0	10
2024.03.04	18:58:00	1.09126	1.09163	1.09121	1.09159	92	0	10
2024.03.04	18:59:00	1.09159	1.09174	1.09157	1.09171	15	0	10
2024.03.04	19:00:00	1.09171	1.09176	1.09169	1.09173	152	0	12
2024.03.04	19:01:00	1.09173	1.09192	1.09167	1.09190	170	0	9
2024.03.04	19:02:00	1.09190	1.09193	1.09164	1.09167	162	0	9
2024.03.04	19:03:00	1.09167	1.09172	1.09142	1.09157	70	0	12
2024.03.04	19:04:00	1.09157	1.09161	1.09149	1.09161	60	0	11
2024.03.04	19:05:00	1.09161	1.09165	1.09161	1.09162	68	0	12
2024.03.04	19:06:00	1.09162	1.09173	1.09159	1.09170	156	0	12
2024.03.04	19:07:00	1.09170	1.09177	1.09166	1.09175	117	0	8
2024.03.04	19:08:00	1.09175	1.09186	1.09174	1.09185	114	0	10
2024.03.04	19:09:00	1.09185	1.09192	1.09179	1.09184	54	0	8
2024.03.04	19:10:00	1.09184	1.09192	1.09148	1.09152	61	0	8
2024.03.04	19:11:00	1.09152	1.09153	1.09135	1.09147	139	0	10
2024.03.04	19:12:00	1.09147	1.09152	1.09141	1.09142	160	0	12
2024.03.04	19:13:00	1.09142	1.09145	1.09142	1.09142	77	0	11
2024.03.04	19:14:00	1.09142	1.09154	1.09134	1.09149	21	0	10
2024.03.04	19:15:00	1.09149	1.09155	1.09118	1.09124	49	0	10
2024.03.04	19:16:00	1.09124	1.09132	1.09114	1.09122	73	0	11
2024.03.04	19:17:00	1.09122	1.09144	1.09119	1.09142	46	0	8
2024.03.04	19:18:00	1.09142	1.09148	1.09120	1.09124	155	0	8
2024.03.04	19:19:00	1.09124	1.09142	1.09122	1.09136	147	0	8
2024.03.04	19:20:00	1.09136	1.09140	1.09126	1.09135	9	0	9
2024.03.04	19:21:00	1.09135	1.09160	1.09132	1.09156	31	0	10
2024.03.04	19:22:00	1.09156	1.09159	1.09143	1.09145	179	0	8
2024.03.04	19:23:00	1.09145	1.09153	1.09143	1.09146	17	0	11
2024.03.04	19:24:00	1.09146	1.09155	1.09145	1.09153	30	0	10
2024.03.04	19:25:00	1.09153	1.09178	1.09148	1.09174	86	0	8
2024.03.04	19:26:00	1.09174	1.09175	1.09146	1.09146	86	0	10
2024.03.04	19:27:00	1.09146	1.09159	1.09134	1.09153	139	0	10
2024.03.04	19:28:00	1.09153	1.09170	1.09135	1.09167	173	0	12
2024.03.04	19:29:00	1.09167	1.09173	1.09160	1.09168	22	0	10
2024.03.04	19:30:00	1.09168	1.09168	1.09149	1.09157	56	0	11
2024.03.04	19:31:00	1.09157	1.09173	1.09155	1.09169	61	0	10
2024.03.04	19:32:00	1.09169	1.09176	1.09168	1.09168	65	0	12
2024.03.04	19:33:00	1.09168	1.09184	1.09166	1.09181	30	0	11
2024.03.04	19:34:00	1.09181	1.09199	1.09164	1.09166	179	0	10
2024.03.04	19:35:00	1.09166	1.09175	1.09160	1.09174	118	0	8
2024.03.04	19:36:00	1.09174	1.09179	1.09156	1.09177	168	0	8
2024.03.04	19:37:00	1.09177	1.09184	1.09161	1.09167	72	0	9
2024.03.04	19:38:00	1.09167	1.09197	1.09161	1.09189	24	0	11
2024.03.04	19:39:00	1.09189	1.09192	1.09178	1.09184	44	0	8
2024.03.04	19:40:00	1.09184	1.09184	1.09174	1.09178	156	0	12
2024.03.04	19:41:00	1.09178	1.09187	1.09158	1.09161	27	0	8
2024.03.04	19:42:00	1.09161	1.09168	1.09158	1.09164	76	0	10
2024.03.04	19:43:00	1.09164	1.09198	1.09154	1.09193	112	0	12
2024.03.04	19:44:00	1.09193	1.09199	1.09190	1.09196	41	0	8
2024.03.04	19:45:00	1.09196	1.09205	1.09194	1.09199	68	0	12
2024.03.04	19:46:00	1.09199	1.09219	1.09199	1.09214	105	0	8
2024.03.04	19:47:00	1.09214	1.09220	1.09214	1.09220	18	0	10
2024.03.04	19:48:00	1.09220	1.09232	1.09210	1.09229	151	0	11
2024.03.04	19:49:00	1.09229	1.09243	1.09212	1.09217	152	0	11
2024.03.04	19:50:00	1.09217	1.09229	1.09212	1.09222	103	0	10
2024.03.04	19:51:00	1.09222	1.09231	1.09221	1.09223	64	0	11
2024.03.04	19:52:00	1.09223	1.09230	1.09215	1.09221	178	0	11
2024.03.04	19:53:00	1.09221	1.09224	1.09214	1.09221	78	0	8
2024.03.04	19:54:00	1.09221	1.09232	1.09220	1.09223	71	0	12
2024.03.04	19:55:00	1.09223	1.09229	1.09206	1.09209	104	0	11
2024.03.04	19:56:00	1.09209	1.09215	1.09203	1.09206	131	0	10
2024.03.04	19:57:00	1.09206	1.09206	1.09181	1.09185	123	0	10
2024.03.04	19:58:00	1.09185	1.09191	1.09177	1.09182	175	0	9
2024.03.04	19:59:00	1.09182	1.09196	1.09167	1.09188	118	0	12
2024.03.04	20:00:00	1.09188	1.09193	1.09186	1.09187	148	0	8
2024.03.04	20:01:00	1.09187	1.09192	1.09182	1.09189	119	0	11
2024.03.04	20:02:00	1.09189	1.09190	1.09160	1.09171	66	0	10
2024.03.04	20:03:00	1.09171	1.09172	1.09164	1.09166	55	0	10
2024.03.04	20:04:00	1.09166	1.09174	1.09165	1.09172	41	0	10
2024.03.04	20:05:00	1.09172	1.09179	1.09160	1.09170	120	0	10
2024.03.04	20:06:00	1.09170	1.09172	1.09157	1.09161	48	0	10
2024.03.04	20:07:00	1.09161	1.09164	1.09147	1.09160	70	0	10
2024.03.04	20:08:00	1.09160	1.09168	1.09154	1.09167	46	0	10
2024.03.04	20:09:00	1.09167	1.09174	1.09167	1.09171	77	0	10
2024.03.04	20:10:00	1.09171	1.09172	1.09114	1.09132	108	0	10
2024.03.04	20:11:00	1.09132	1.09136	1.09119	1.09129	103	0	8
2024.03.04	20:12:00	1.09129	1.09135	1.09125	1.09130	56	0	9
2024.03.04	20:13:00	1.09130	1.09139	1.09114	1.09115	164	0	9
2024.03.04	20:14:00	1.09115	1.09119	1.09105	1.09113	67	0	10
2024.03.04	20:15:00	1.09113	1.09120	1.09088	1.09092	90	0	8
2024.03.04	20:16:00	1.09092	1.09103	1.09087	1.09102	138	0	10
2024.03.04	20:17:00	1.09102	1.09105	1.09086	1.09089	87	0	10
2024.03.04	20:18:00	1.09089	1.09092	1.09088	1.09091	110	0	9
2024.03.04	20:19:00	1.09091	1.09106	1.09086	1.09102	93	0	11
2024.03.04	20:20:00	1.09102	1.09111	1.09094	1.09103	85	0	10
2024.03.04	20:21:00	1.09103	1.09112	1.09099	1.09101	127	0	8
2024.03.04	20:22:00	1.09101	1.09114	1.09100	1.09112	161	0	10
2024.03.04	20:23:00	1.09112	1.09135	1.09110	1.09129	34	0	10
2024.03.04	20:24:00	1.09129	1.09140	1.09118	1.09130	87	0	10
2024.03.04	20:25:00	1.09130	1.09136	1.09114	1.09121	25	0	8
2024.03.04	20:26:00	1.09121	1.09129	1.09115	1.09127	124	0	10
2024.03.04	20:27:00	1.09127	1.09132	1.09124	1.09127	102	0	12
2024.03.04	20:28:00	1.09127	1.09140	1.09121	1.09134	146	0	9
2024.03.04	20:29:00	1.09134	1.09135	1.09128	1.09134	93	0	11
2024.03.04	20:30:00	1.09134	1.09139	1.09121	1.09122	102	0	8
2024.03.04	20:31:00	1.09122	1.09139	1.09109	1.09127	172	0	10
2024.03.04	20:32:00	1.09127	1.09146	1.09124	1.09139	13	0	10
2024.03.04	20:33:00	1.09139	1.09144	1.09138	1.09144	177	0	9
2024.03.04	20:34:00	1.09144	1.09150	1.09133	1.09137	125	0	9
2024.03.04	20:35:00	1.09137	1.09145	1.09132	1.09142	22	0	8
2024.03.04	20:36:00	1.09142	1.09151	1.09121	1.09124	18	0	10
2024.03.04	20:37:00	1.09124	1.09145	1.09121	1.09135	146	0	9
2024.03.04	20:38:00	1.09135	1.09144	1.09131	1.09142	136	0	9
2024.03.04	20:39:00	1.09142	1.09165	1.09132	1.09162	176	0	11
2024.03.04	20:40:00	1.09162	1.09173	1.09153	1.09169	165	0	8
2024.03.04	20:41:00	1.09169	1.09172	1.09161	1.09165	59	0	11
2024.03.04	20:42:00	1.09165	1.09188	1.09154	1.09186	179	0	10
2024.03.04	20:43:00	1.09186	1.09186	1.09173	1.09178	40	0	10
2024.03.04	20:44:00	1.09178	1.09178	1.09162	1.09163	35	0	8
2024.03.04	20:45:00	1.09163	1.09168	1.09162	1.09167	139	0	12
2024.03.04	20:46:00	1.09167	1.09189	1.09155	1.09180	141	0	8
2024.03.04	20:47:00	1.09180	1.09204	1.09179	1.09191	120	0	8
2024.03.04	20:48:00	1.09191	1.09208	1.09179	1.09200	59	0	10
2024.03.04	20:49:00	1.09200	1.09204	1.09192	1.09195	14	0	9
2024.03.04	20:50:00	1.09195	1.09197	1.09185	1.09193	38	0	8
2024.03.04	20:51:00	1.09193	1.09203	1.09189	1.09200	79	0	10
2024.03.04	20:52:00	1.09200	1.09229	1.09188	1.09223	120	0	11
2024.03.04	20:53:00	1.09223	1.09224	1.09192	1.09197	9	0	8
2024.03.04	20:54:00	1.09197	1.09201	1.09185	1.09196	149	0	10
2024.03.04	20:55:00	1.09196	1.09220	1.09188	1.09211	44	0	10
2024.03.04	20:56:00	1.09211	1.09217	1.09206	1.09207	58	0	9
2024.03.04	20:57:00	1.09207	1.09209	1.09184	1.09194	138	0	9
2024.03.04	20:58:00	1.09194	1.09205	1.09191	1.09201	120	0	10
2024.03.04	20:59:00	1.09201	1.09208	1.09200	1.09203	132	0	8
2024.03.04	21:00:00	1.09203	1.09210	1.09185	1.09188	110	0	9
2024.03.04	21:01:00	1.09188	1.09192	1.09164	1.09170	176	0	10
2024.03.04	21:02:00	1.09170	1.09189	1.09167	1.09181	137	0	9
2024.03.04	21:03:00	1.09181	1.09185	1.09177	1.09184	71	0	10
2024.03.04	21:04:00	1.09184	1.09190	1.09161	1.09161	39	0	10
2024.03.04	21:05:00	1.09161	1.09174	1.09153	1.09172	63	0	10
2024.03.04	21:06:00	1.09172	1.09172	1.09170	1.09171	43	0	11
2024.03.04	21:07:00	1.09171	1.09178	1.09159	1.09162	40	0	12
2024.03.04	21:08:00	1.09162	1.09169	1.09155	1.09164	119	0	10
2024.03.04	21:09:00	1.09164	1.09172	1.09145	1.09148	119	0	9
2024.03.04	21:10:00	1.09148	1.09155	1.09142	1.09152	89	0	9
2024.03.04	21:11:00	1.09152	1.09179	1.09147	1.09175	79	0	9
2024.03.04	21:12:00	1.09175	1.09197	1.09173	1.09191	158	0	11
2024.03.04	21:13:00	1.09191	1.09194	1.09177	1.09185	132	0	8
2024.03.04	21:14:00	1.09185	1.09214	1.09184	1.09213	173	0	11
2024.03.04	21:15:00	1.09213	1.09221	1.09209	1.09216	86	0	12
2024.03.04	21:16:00	1.09216	1.09220	1.09207	1.09215	103	0	8
2024.03.04	21:17:00	1.09215	1.09217	1.09207	1.09207	172	0	9
2024.03.04	21:18:00	1.09207	1.09210	1.09196	1.09205	33	0	8
2024.03.04	21:19:00	1.09205	1.09211	1.09189	1.09199	20	0	9
2024.03.04	21:20:00	1.09199	1.09202	1.09199	1.09199	133	0	9
2024.03.04	21:21:00	1.09199	1.09204	1.09194	1.09204	126	0	9
2024.03.04	21:22:00	1.09204	1.09212	1.09188	1.09189	65	0	8
2024.03.04	21:23:00	1.09189	1.09197	1.09176	1.09183	123	0	12
2024.03.04	21:24:00	1.09183	1.09183	1.09179	1.09180	88	0	10
2024.03.04	21:25:00	1.09180	1.09203	1.09173	1.09191	108	0	9
2024.03.04	21:26:00	1.09191	1.09193	1.09182	1.09189	120	0	12
2024.03.04	21:27:00	1.09189	1.09198	1.09180	1.09184	129	0	10
2024.03.04	21:28:00	1.09184	1.09195	1.09179	1.09189	177	0	8
2024.03.04	21:29:00	1.09189	1.09195	1.09179	1.09181	155	0	9
2024.03.04	21:30:00	1.09181	1.09195	1.09174	1.09195	118	0	8
2024.03.04	21:31:00	1.09195	1.09215	1.09194	1.09207	169	0	9
2024.03.04	21:32:00	1.09207	1.09220	1.09204	1.09214	170	0	12
2024.03.04	21:33:00	1.09214	1.09224	1.09213	1.09221	108	0	12
2024.03.04	21:34:00	1.09221	1.09231	1.09214	1.09231	141	0	11
2024.03.04	21:35:00	1.09231	1.09244	1.09229	1.09244	20	0	12
2024.03.04	21:36:00	1.09244	1.09248	1.09241	1.09247	49	0	8
2024.03.04	21:37:00	1.09247	1.09275	1.09242	1.09268	84	0	8
2024.03.04	21:38:00	1.09268	1.09286	1.09266	1.09273	170	0	11
2024.03.04	21:39:00	1.09273	1.09274	1.09244	1.09257	38	0	11
2024.03.04	21:40:00	1.09257	1.09259	1.09240	1.09243	66	0	10
2024.03.04	21:41:00	1.09243	1.09250	1.09242	1.09245	173	0	12
2024.03.04	21:42:00	1.09245	1.09256	1.09245	1.09251	36	0	11
2024.03.04	21:43:00	1.09251	1.09257	1.09239	1.09241	59	0	9
2024.03.04	21:44:00	1.09241	1.09245	1.09221	1.09222	140	0	9
2024.03.04	21:45:00	1.09222	1.09242	1.09216	1.09229	68	0	8
2024.03.04	21:46:00	1.09229	1.09231	1.09211	1.09217	85	0	11
2024.03.04	21:47:00	1.09217	1.09229	1.09213	1.09220	34	0	8
2024.03.04	21:48:00	1.09220	1.09224	1.09203	1.09208	101	0	9
2024.03.04	21:49:00	1.09208	1.09209	1.09186	1.09188	14	0	9
2024.03.04	21:50:00	1.09188	1.09188	1.09168	1.09171	162	0	11
2024.03.04	21:51:00	1.09171	1.09175	1.09155	1.09157	114	0	10
2024.03.04	21:52:00	1.09157	1.09161	1.09156	1.09157	32	0	11
2024.03.04	21:53:00	1.09157	1.09163	1.09152	1.09154	160	0	8
2024.03.04	21:54:00	1.09154	1.09160	1.09146	1.09158	158	0	12
2024.03.04	21:55:00	1.09158	1.09171	1.09151	1.09165	82	0	9
2024.03.04	21:56:00	1.09165	1.09166	1.09158	1.09163	148	0	10
2024.03.04	21:57:00	1.09163	1.09171	1.09158	1.09166	32	0	11
2024.03.04	21:58:00	1.09166	1.09166	1.09152	1.09157	136	0	10
2024.03.04	21:59:00	1.09157	1.09167	1.09151	1.09166	113	0	11
2024.03.04	23:00:00	1.09166	1.09183	1.09147	1.09161	127	0	10
2024.03.04	23:01:00	1.09161	1.09172	1.09134	1.09138	60	0	9
2024.03.04	23:02:00	1.09138	1.09155	1.09135	1.09155	28	0	10
2024.03.04	23:03:00	1.09155	1.09157	1.09138	1.09141	74	0	12
2024.03.04	23:04:00	1.09141	1.09144	1.09126	1.09135	32	0	10
2024.03.04	23:05:00	1.09135	1.09141	1.09133	1.09139	129	0	12
2024.03.04	23:06:00	1.09139	1.09146	1.09124	1.09128	108	0	10
2024.03.04	23:07:00	1.09128	1.09132	1.09124	1.09130	178	0	12
2024.03.04	23:08:00	1.09130	1.09136	1.09098	1.09100	110	0	11
2024.03.04	23:09:00	1.09100	1.09122	1.09096	1.09117	44	0	11
2024.03.04	23:10:00	1.09117	1.09142	1.09106	1.09123	69	0	12
2024.03.04	23:11:00	1.09123	1.09128	1.09114	1.09128	52	0	10
2024.03.04	23:12:00	1.09128	1.09138	1.09126	1.09135	87	0	11
2024.03.04	23:13:00	1.09135	1.09142	1.09114	1.09122	55	0	11
2024.03.04	23:14:00	1.09122	1.09125	1.09114	1.09118	62	0	10
2024.03.04	23:15:00	1.09118	1.09132	1.09116	1.09131	47	0	9
2024.03.04	23:16:00	1.09131	1.09135	1.09126	1.09129	81	0	10
2024.03.04	23:17:00	1.09129	1.09133	1.09118	1.09120	11	0	10
2024.03.04	23:18:00	1.09120	1.09130	1.09112	1.09123	8	0	8
2024.03.04	23:19:00	1.09123	1.09133	1.09122	1.09129	72	0	9
2024.03.04	23:20:00	1.09129	1.09134	1.09127	1.09134	137	0	8
2024.03.04	23:21:00	1.09134	1.09134	1.09114	1.09119	22	0	10
2024.03.04	23:22:00	1.09119	1.09120	1.09110	1.09116	159	0	8
2024.03.04	23:23:00	1.09116	1.09122	1.09093	1.09099	132	0	11
2024.03.04	23:24:00	1.09099	1.09111	1.09094	1.09106	96	0	10
2024.03.04	23:25:00	1.09106	1.09107	1.09096	1.09098	154	0	12
2024.03.04	23:26:00	1.09098	1.09104	1.09077	1.09087	153	0	12
2024.03.04	23:27:00	1.09087	1.09093	1.09065	1.09077	103	0	11
2024.03.04	23:28:00	1.09077	1.09089	1.09073	1.09086	173	0	10
2024.03.04	23:29:00	1.09086	1.09093	1.09047	1.09059	142	0	10
2024.03.04	23:30:00	1.09059	1.09061	1.09034	1.09046	166	0	9
2024.03.04	23:31:00	1.09046	1.09048	1.09031	1.09035	40	0	9
2024.03.04	23:32:00	1.09035	1.09049	1.09028	1.09044	122	0	10
2024.03.04	23:33:00	1.09044	1.09071	1.09036	1.09069	52	0	8
2024.03.04	23:34:00	1.09069	1.09073	1.09068	1.09071	131	0	12
2024.03.04	23:35:00	1.09071	1.09085	1.09063	1.09072	113	0	9
2024.03.04	23:36:00	1.09072	1.09092	1.09068	1.09084	86	0	12
2024.03.04	23:37:00	1.09084	1.09090	1.09079	1.09079	173	0	11
2024.03.04	23:38:00	1.09079	1.09082	1.09077	1.09082	64	0	10
2024.03.04	23:39:00	1.09082	1.09083	1.09070	1.09070	22	0	10
2024.03.04	23:40:00	1.09070	1.09084	1.09064	1.09079	33	0	11
2024.03.04	23:41:00	1.09079	1.09084	1.09075	1.09080	106	0	12
2024.03.04	23:42:00	1.09080	1.09088	1.09072	1.09079	104	0	8
2024.03.04	23:43:00	1.09079	1.09091	1.09079	1.09085	34	0	10
2024.03.04	23:44:00	1.09085	1.09096	1.09081	1.09083	161	0	10
2024.03.04	23:45:00	1.09083	1.09095	1.09067	1.09080	85	0	8
2024.03.04	23:46:00	1.09080	1.09084	1.09063	1.09070	8	0	10
2024.03.04	23:47:00	1.09070	1.09074	1.09057	1.09060	155	0	10
2024.03.04	23:48:00	1.09060	1.09063	1.09052	1.09053	92	0	10
2024.03.04	23:49:00	1.09053	1.09066	1.09032	1.09036	153	0	10
2024.03.04	23:50:00	1.09036	1.09053	1.09035	1.09049	125	0	11
2024.03.04	23:51:00	1.09049	1.09054	1.09043	1.09049	45	0	11
2024.03.04	23:52:00	1.09049	1.09054	1.09047	1.09048	82	0	12
2024.03.04	23:53:00	1.09048	1.09053	1.09046	1.09046	23	0	9
2024.03.04	23:54:00	1.09046	1.09065	1.09045	1.09063	105	0	9
2024.03.04	23:55:00	1.09063	1.09063	1.09045	1.09055	163	0	10
2024.03.04	23:56:00	1.09055	1.09057	1.09046	1.09050	33	0	9
2024.03.04	23:57:00	1.09050	1.09062	1.09024	1.09029	96	0	9
2024.03.04	23:58:00	1.09029	1.09035	1.09019	1.09031	102	0	8
2024.03.04	23:59:00	1.09031	1.09042	1.09022	1.09024	21	0	8
2024.03.05	00:00:00	1.09024	1.09046	1.09018	1.09036	24	0	10
2024.03.05	00:01:00	1.09036	1.09047	1.09033	1.09045	42	0	10
2024.03.05	00:02:00	1.09045	1.09045	1.09034	1.09042	125	0	11
2024.03.05	00:03:00	1.09042	1.09042	1.09019	1.09026	38	0	9
2024.03.05	00:04:00	1.09026	1.09033	1.09021	1.09031	21	0	10
2024.03.05	00:05:00	1.09031	1.09063	1.09025	1.09055	120	0	12
2024.03.05	00:06:00	1.09055	1.09056	1.09017	1.09033	41	0	9
2024.03.05	00:07:00	1.09033	1.09037	1.09021	1.09029	45	0	12
2024.03.05	00:08:00	1.09029	1.09031	1.09020	1.09020	42	0	11
2024.03.05	00:09:00	1.09020	1.09043	1.09010	1.09035	70	0	12
2024.03.05	00:10:00	1.09035	1.09043	1.09021	1.09029	9	0	10
2024.03.05	00:11:00	1.09029	1.09047	1.09020	1.09043	127	0	11
2024.03.05	00:12:00	1.09043	1.09048	1.09036	1.09046	49	0	9
2024.03.05	00:13:00	1.09046	1.09075	1.09042	1.09066	31	0	12
2024.03.05	00:14:00	1.09066	1.09068	1.09059	1.09061	112	0	12
2024.03.05	00:15:00	1.09061	1.09063	1.09061	1.09062	95	0	9
2024.03.05	00:16:00	1.09062	1.09074	1.09060	1.09063	144	0	10
2024.03.05	00:17:00	1.09063	1.09064	1.09040	1.09043	106	0	8
2024.03.05	00:18:00	1.09043	1.09048	1.09040	1.09040	91	0	10
2024.03.05	00:19:00	1.09040	1.09042	1.09020	1.09032	171	0	10
2024.03.05	00:20:00	1.09032	1.09040	1.09023	1.09026	24	0	11
2024.03.05	00:21:00	1.09026	1.09035	1.09024	1.09029	134	0	10
2024.03.05	00:22:00	1.09029	1.09032	1.09019	1.09022	138	0	10
2024.03.05	00:23:00	1.09022	1.09022	1.09005	1.09006	105	0	10
2024.03.05	00:24:00	1.09006	1.09008	1.08996	1.09002	108	0	12
2024.03.05	00:25:00	1.09002	1.09005	1.08982	1.08987	40	0	10
2024.03.05	00:26:00	1.08987	1.08997	1.08974	1.08977	158	0	10
2024.03.05	00:27:00	1.08977	1.09007	1.08972	1.09001	52	0	10
2024.03.05	00:28:00	1.09001	1.09010	1.08970	1.08986	14	0	10
2024.03.05	00:29:00	1.08986	1.09011	1.08977	1.09005	103	0	9
2024.03.05	00:30:00	1.09005	1.09006	1.08993	1.09003	31	0	8
2024.03.05	00:31:00	1.09003	1.09015	1.08988	1.09002	87	0	10
2024.03.05	00:32:00	1.09002	1.09011	1.08997	1.09005	124	0	12
2024.03.05	00:33:00	1.09005	1.09010	1.08987	1.08989	65	0	8
2024.03.05	00:34:00	1.08989	1.08992	1.08987	1.08987	113	0	12
2024.03.05	00:35:00	1.08987	1.08991	1.08962	1.08967	51	0	9
2024.03.05	00:36:00	1.08967	1.08985	1.08961	1.08982	72	0	10
2024.03.05	00:37:00	1.08982	1.08985	1.08973	1.08979	122	0	8
2024.03.05	00:38:00	1.08979	1.08995	1.08978	1.08994	48	0	8
2024.03.05	00:39:00	1.08994	1.09004	1.08985	1.08998	63	0	9
2024.03.05	00:40:00	1.08998	1.08998	1.08983	1.08988	27	0	8
2024.03.05	00:41:00	1.08988	1.08988	1.08977	1.08981	61	0	12
2024.03.05	00:42:00	1.08981	1.08989	1.08971	1.08987	100	0	8
2024.03.05	00:43:00	1.08987	1.08990	1.08980	1.08984	117	0	9
2024.03.05	00:44:00	1.08984	1.08989	1.08979	1.08987	111	0	12
2024.03.05	00:45:00	1.08987	1.09009	1.08981	1.09008	67	0	10
2024.03.05	00:46:00	1.09008	1.09014	1.09005	1.09011	96	0	9
2024.03.05	00:47:00	1.09011	1.09018	1.08994	1.08999	108	0	11
2024.03.05	00:48:00	1.08999	1.09010	1.08996	1.09008	68	0	12
2024.03.05	00:49:00	1.09008	1.09018	1.09001	1.09015	106	0	9
2024.03.05	00:50:00	1.09015	1.09019	1.08998	1.09007	118	0	12
2024.03.05	00:51:00	1.09007	1.09009	1.09002	1.09008	67	0	11
2024.03.05	00:52:00	1.09008	1.09013	1.09004	1.09005	130	0	11
2024.03.05	00:53:00	1.09005	1.09011	1.08987	1.08994	104	0	8
2024.03.05	00:54:00	1.08994	1.08996	1.08993	1.08996	147	0	12
2024.03.05	00:55:00	1.08996	1.09004	1.08987	1.08994	88	0	10
2024.03.05	00:56:00	1.08994	1.09009	1.08984	1.08999	133	0	8
2024.03.05	00:57:00	1.08999	1.09011	1.08991	1.08993	91	0	10
2024.03.05	00:58:00	1.08993	1.09005	1.08991	1.08996	43	0	12
2024.03.05	00:59:00	1.08996	1.09015	1.08985	1.09014	167	0	12
2024.03.05	01:00:00	1.09014	1.09024	1.09010	1.09020	58	0	10
2024.03.05	01:01:00	1.09020	1.09021	1.09019	1.09020	83	0	10
2024.03.05	01:02:00	1.09020	1.09029	1.09016	1.09027	81	0	8
2024.03.05	01:03:00	1.09027	1.09043	1.09021	1.09037	32	0	10
2024.03.05	01:04:00	1.09037	1.09044	1.09035	1.09037	80	0	12
2024.03.05	01:05:00	1.09037	1.09068	1.09025	1.09062	95	0	10
2024.03.05	01:06:00	1.09062	1.09075	1.09044	1.09045	66	0	10
2024.03.05	01:07:00	1.09045	1.09047	1.09026	1.09037	75	0	10
2024.03.05	01:08:00	1.09037	1.09062	1.09037	1.09060	77	0	9
2024.03.05	01:09:00	1.09060	1.09063	1.09057	1.09062	102	0	10
2024.03.05	01:10:00	1.09062	1.09071	1.09062	1.09068	122	0	10
2024.03.05	01:11:00	1.09068	1.09086	1.09061	1.09084	18	0	10
2024.03.05	01:12:00	1.09084	1.09088	1.09069	1.09069	135	0	10
2024.03.05	01:13:00	1.09069	1.09081	1.09067	1.09077	74	0	11
2024.03.05	01:14:00	1.09077	1.09081	1.09074	1.09074	58	0	12
2024.03.05	01:15:00	1.09074	1.09086	1.09074	1.09083	134	0	10
2024.03.05	01:16:00	1.09083	1.09094	1.09075	1.09090	67	0	10
2024.03.05	01:17:00	1.09090	1.09103	1.09089	1.09096	19	0	12
2024.03.05	01:18:00	1.09096	1.09098	1.09089	1.09093	139	0	11
2024.03.05	01:19:00	1.09093	1.09115	1.09083	1.09104	169	0	8
2024.03.05	01:20:00	1.09104	1.09104	1.09093	1.09097	157	0	10
2024.03.05	01:21:00	1.09097	1.09118	1.09094	1.09104	94	0	10
2024.03.05	01:22:00	1.09104	1.09119	1.09097	1.09109	133	0	9
2024.03.05	01:23:00	1.09109	1.09113	1.09102	1.09111	38	0	12
2024.03.05	01:24:00	1.09111	1.09131	1.09111	1.09123	33	0	10
2024.03.05	01:25:00	1.09123	1.09126	1.09106	1.09107	151	0	12
2024.03.05	01:26:00	1.09107	1.09111	1.09098	1.09100	146	0	8
2024.03.05	01:27:00	1.09100	1.09105	1.09092	1.09103	126	0	10
2024.03.05	01:28:00	1.09103	1.09108	1.09098	1.09102	56	0	10
2024.03.05	01:29:00	1.09102	1.09104	1.09077	1.09081	96	0	12
2024.03.05	01:30:00	1.09081	1.09083	1.09074	1.09074	179	0	8
2024.03.05	01:31:00	1.09074	1.09085	1.09068	1.09070	19	0	11
2024.03.05	01:32:00	1.09070	1.09085	1.09056	1.09080	177	0	10
2024.03.05	01:33:00	1.09080	1.09082	1.09079	1.09082	152	0	10
2024.03.05	01:34:00	1.09082	1.09083	1.09069	1.09073	61	0	9
2024.03.05	01:35:00	1.09073	1.09083	1.09063	1.09075	178	0	12
2024.03.05	01:36:00	1.09075	1.09077	1.09057	1.09069	8	0	10
2024.03.05	01:37:00	1.09069	1.09086	1.09068	1.09084	34	0	10
2024.03.05	01:38:00	1.09084	1.09109	1.09084	1.09106	42	0	10
2024.03.05	01:39:00	1.09106	1.09106	1.09098	1.09102	139	0	10
2024.03.05	01:40:00	1.09102	1.09107	1.09098	1.09104	76	0	8
2024.03.05	01:41:00	1.09104	1.09104	1.09088	1.09095	173	0	10
2024.03.05	01:42:00	1.09095	1.09100	1.09065	1.09072	140	0	9
2024.03.05	01:43:00	1.09072	1.09074	1.09069	1.09071	67	0	10
2024.03.05	01:44:00	1.09071	1.09074	1.09070	1.09072	130	0	10
2024.03.05	01:45:00	1.09072	1.09083	1.09066	1.09077	62	0	10
2024.03.05	01:46:00	1.09077	1.09086	1.09069	1.09071	160	0	10
2024.03.05	01:47:00	1.09071	1.09087	1.09067	1.09086	96	0	11
2024.03.05	01:48:00	1.09086	1.09106	1.09083	1.09096	61	0	10
2024.03.05	01:49:00	1.09096	1.09104	1.09089	1.09095	93	0	12
2024.03.05	01:50:00	1.09095	1.09097	1.09063	1.09066	173	0	8
2024.03.05	01:51:00	1.09066	1.09070	1.09056	1.09063	134	0	11
2024.03.05	01:52:00	1.09063	1.09072	1.09059	1.09064	115	0	8
2024.03.05	01:53:00	1.09064	1.09080	1.09061	1.09073	100	0	11
2024.03.05	01:54:00	1.09073	1.09077	1.09052	1.09063	31	0	10
2024.03.05	01:55:00	1.09063	1.09096	1.09062	1.09086	109	0	10
2024.03.05	01:56:00	1.09086	1.09089	1.09068	1.09071	11	0	9
2024.03.05	01:57:00	1.09071	1.09088	1.09061	1.09078	81	0	10
2024.03.05	01:58:00	1.09078	1.09090	1.09062	1.09066	179	0	9
2024.03.05	01:59:00	1.09066	1.09077	1.09057	1.09061	128	0	10
2024.03.05	02:04:00	1.09062	1.09080	1.09058	1.09075	39	0	11
2024.03.05	02:05:00	1.09075	1.09080	1.09070	1.09079	154	0	10
2024.03.05	02:06:00	1.09079	1.09097	1.09074	1.09093	140	0	10
2024.03.05	02:07:00	1.09093	1.09102	1.09075	1.09077	24	0	10
2024.03.05	02:08:00	1.09077	1.09080	1.09077	1.09079	52	0	12
2024.03.05	02:09:00	1.09079	1.09119	1.09079	1.09107	122	0	8
2024.03.05	02:10:00	1.09107	1.09111	1.09098	1.09103	46	0	11
2024.03.05	02:11:00	1.09103	1.09104	1.09079	1.09092	78	0	10
2024.03.05	02:12:00	1.09092	1.09096	1.09092	1.09093	163	0	9
2024.03.05	02:13:00	1.09093	1.09112	1.09090	1.09106	62	0	12
2024.03.05	02:14:00	1.09106	1.09111	1.09100	1.09100	129	0	10
2024.03.05	02:15:00	1.09100	1.09103	1.09083	1.09088	20	0	10
2024.03.05	02:16:00	1.09088	1.09104	1.09082	1.09096	93	0	12
2024.03.05	02:17:00	1.09096	1.09125	1.09080	1.09120	42	0	9
2024.03.05	02:18:00	1.09120	1.09133	1.09118	1.09129	142	0	11
2024.03.05	02:19:00	1.09129	1.09130	1.09112	1.09116	94	0	12
2024.03.05	02:20:00	1.09116	1.09122	1.09111	1.09117	55	0	8
2024.03.05	02:21:00	1.09117	1.09120	1.09098	1.09099	35	0	10
2024.03.05	02:22:00	1.09099	1.09101	1.09089	1.09089	79	0	10
2024.03.05	02:23:00	1.09089	1.09103	1.09081	1.09099	21	0	12
2024.03.05	02:24:00	1.09099	1.09107	1.09095	1.09099	13	0	9
2024.03.05	02:25:00	1.09099	1.09110	1.09081	1.09086	28	0	12
2024.03.05	02:26:00	1.09086	1.09089	1.09074	1.09075	95	0	10
2024.03.05	02:27:00	1.09075	1.09125	1.09070	1.09109	73	0	8
2024.03.05	02:28:00	1.09109	1.09115	1.09090	1.09092	33	0	12
2024.03.05	02:29:00	1.09092	1.09095	1.09067	1.09077	162	0	12
2024.03.05	02:30:00	1.09077	1.09082	1.09073	1.09074	67	0	8
2024.03.05	02:31:00	1.09074	1.09095	1.09071	1.09090	155	0	9
2024.03.05	02:32:00	1.09090	1.09095	1.09083	1.09084	169	0	12
2024.03.05	02:33:00	1.09084	1.09106	1.09083	1.09101	155	0	8
2024.03.05	02:34:00	1.09101	1.09101	1.09093	1.09098	42	0	11
2024.03.05	02:35:00	1.09098	1.09115	1.09096	1.09109	156	0	10
2024.03.05	02:36:00	1.09109	1.09120	1.09102	1.09115	44	0	8
2024.03.05	02:37:00	1.09115	1.09132	1.09109	1.09124	40	0	10
2024.03.05	02:38:00	1.09124	1.09135	1.09117	1.09118	48	0	10
2024.03.05	02:39:00	1.09118	1.09122	1.09107	1.09113	83	0	10
2024.03.05	02:40:00	1.09113	1.09125	1.09109	1.09119	85	0	10
2024.03.05	02:41:00	1.09119	1.09125	1.09115	1.09122	69	0	10
2024.03.05	02:42:00	1.09122	1.09130	1.09100	1.09108	124	0	12
2024.03.05	02:43:00	1.09108	1.09117	1.09100	1.09105	145	0	11
2024.03.05	02:44:00	1.09105	1.09117	1.09102	1.09109	32	0	9
2024.03.05	02:45:00	1.09109	1.09119	1.09105	1.09115	112	0	8
2024.03.05	02:46:00	1.09115	1.09116	1.09107	1.09110	74	0	10
2024.03.05	02:47:00	1.09110	1.09119	1.09086	1.09089	78	0	12
2024.03.05	02:48:00	1.09089	1.09101	1.09081	1.09097	124	0	10
2024.03.05	02:49:00	1.09097	1.09098	1.09074	1.09075	85	0	10
2024.03.05	02:50:00	1.09075	1.09078	1.09073	1.09074	143	0	10
2024.03.05	02:51:00	1.09074	1.09080	1.09069	1.09078	149	0	11
2024.03.05	02:52:00	1.09078	1.09082	1.09066	1.09067	86	0	12
2024.03.05	02:53:00	1.09067	1.09073	1.09065	1.09070	118	0	8
2024.03.05	02:54:00	1.09070	1.09100	1.09067	1.09097	54	0	10
2024.03.05	02:55:00	1.09097	1.09129	1.09093	1.09123	42	0	9
2024.03.05	02:56:00	1.09123	1.09130	1.09119	1.09128	8	0	9
2024.03.05	02:57:00	1.09128	1.09129	1.09113	1.09113	68	0	9
2024.03.05	02:58:00	1.09113	1.09122	1.09088	1.09095	155	0	10
2024.03.05	02:59:00	1.09095	1.09125	1.09093	1.09114	9	0	9
2024.03.05	03:00:00	1.09114	1.09119	1.09109	1.09110	16	0	10
2024.03.05	03:01:00	1.09110	1.09113	1.09095	1.09096	167	0	10
2024.03.05	03:02:00	1.09096	1.09113	1.09093	1.09107	174	0	8
2024.03.05	03:03:00	1.09107	1.09111	1.09083	1.09098	133	0	11
2024.03.05	03:04:00	1.09098	1.09105	1.09093	1.09102	109	0	10
2024.03.05	03:05:00	1.09102	1.09119	1.09101	1.09118	134	0	8
2024.03.05	03:06:00	1.09118	1.09133	1.09113	1.09130	67	0	10
2024.03.05	03:07:00	1.09130	1.09141	1.09123	1.09136	121	0	11
2024.03.05	03:08:00	1.09136	1.09151	1.09131	1.09144	162	0	11
2024.03.05	03:09:00	1.09144	1.09157	1.09131	1.09148	63	0	10
2024.03.05	03:10:00	1.09148	1.09154	1.09146	1.09153	116	0	12
2024.03.05	03:11:00	1.09153	1.09166	1.09140	1.09158	64	0	9
2024.03.05	03:12:00	1.09158	1.09159	1.09158	1.09158	143	0	10
2024.03.05	03:13:00	1.09158	1.09165	1.09149	1.09162	151	0	10
2024.03.05	03:14:00	1.09162	1.09165	1.09153	1.09154	51	0	10
2024.03.05	03:15:00	1.09154	1.09165	1.09133	1.09136	110	0	8
2024.03.05	03:16:00	1.09136	1.09168	1.09132	1.09160	137	0	8
2024.03.05	03:17:00	1.09160	1.09182	1.09151	1.09175	133	0	9
2024.03.05	03:18:00	1.09175	1.09182	1.09169	1.09176	92	0	8
2024.03.05	03:19:00	1.09176	1.09188	1.09159	1.09166	107	0	11
2024.03.05	03:20:00	1.09166	1.09180	1.09162	1.09166	92	0	10
2024.03.05	03:21:00	1.09166	1.09173	1.09151	1.09159	13	0	11
2024.03.05	03:22:00	1.09159	1.09183	1.09142	1.09173	88	0	9
2024.03.05	03:23:00	1.09173	1.09184	1.09172	1.09181	103	0	9
2024.03.05	03:24:00	1.09181	1.09196	1.09177	1.09196	14	0	8
2024.03.05	03:25:00	1.09196	1.09200	1.09192	1.09194	151	0	12
2024.03.05	03:26:00	1.09194	1.09200	1.09171	1.09184	155	0	10
2024.03.05	03:27:00	1.09184	1.09193	1.09167	1.09172	96	0	10
2024.03.05	03:28:00	1.09172	1.09183	1.09170	1.09182	23	0	9
2024.03.05	03:29:00	1.09182	1.09189	1.09180	1.09182	125	0	8
2024.03.05	03:30:00	1.09182	1.09185	1.09168	1.09173	33	0	9
2024.03.05	03:31:00	1.09173	1.09183	1.09168	1.09171	125	0	10
2024.03.05	03:32:00	1.09171	1.09195	1.09164	1.09180	78	0	11
2024.03.05	03:33:00	1.09180	1.09186	1.09164	1.09173	129	0	12
2024.03.05	03:34:00	1.09173	1.09179	1.09167	1.09175	58	0	8
2024.03.05	03:35:00	1.09175	1.09176	1.09163	1.09164	145	0	11
2024.03.05	03:36:00	1.09164	1.09188	1.09161	1.09184	112	0	10
2024.03.05	03:37:00	1.09184	1.09187	1.09170	1.09174	57	0	8
2024.03.05	03:38:00	1.09174	1.09184	1.09162	1.09165	121	0	11
2024.03.05	03:39:00	1.09165	1.09173	1.09154	1.09163	52	0	12
2024.03.05	03:40:00	1.09163	1.09183	1.09158	1.09183	12	0	8
2024.03.05	03:41:00	1.09183	1.09187	1.09174	1.09176	158	0	8
2024.03.05	03:42:00	1.09176	1.09184	1.09168	1.09184	35	0	9
2024.03.05	03:43:00	1.09184	1.09193	1.09178	1.09192	36	0	10
2024.03.05	03:44:00	1.09192	1.09200	1.09146	1.09156	128	0	12
2024.03.05	03:45:00	1.09156	1.09159	1.09142	1.09147	122	0	9
2024.03.05	03:46:00	1.09147	1.09149	1.09123	1.09129	134	0	8
2024.03.05	03:47:00	1.09129	1.09142	1.09127	1.09138	102	0	9
2024.03.05	03:48:00	1.09138	1.09159	1.09124	1.09154	104	0	12
2024.03.05	03:49:00	1.09154	1.09179	1.09145	1.09171	135	0	9
2024.03.05	03:50:00	1.09171	1.09182	1.09164	1.09180	150	0	9
2024.03.05	03:51:00	1.09180	1.09191	1.09176	1.09189	169	0	12
2024.03.05	03:52:00	1.09189	1.09196	1.09184	1.09190	136	0	10
2024.03.05	03:53:00	1.09190	1.09198	1.09165	1.09168	44	0	9
2024.03.05	03:54:00	1.09168	1.09182	1.09167	1.09171	38	0	10
2024.03.05	03:55:00	1.09171	1.09178	1.09165	1.09175	179	0	10
2024.03.05	03:56:00	1.09175	1.09180	1.09169	1.09180	14	0	11
2024.03.05	03:57:00	1.09180	1.09186	1.09179	1.09183	96	0	10
2024.03.05	03:58:00	1.09183	1.09187	1.09177	1.09179	75	0	9
2024.03.05	03:59:00	1.09179	1.09179	1.09172	1.09173	71	0	10
2024.03.05	04:00:00	1.09173	1.09185	1.09164	1.09172	11	0	11
2024.03.05	04:01:00	1.09172	1.09182	1.09158	1.09178	14	0	10
2024.03.05	04:02:00	1.09178	1.09203	1.09178	1.09201	12	0	12
2024.03.05	04:03:00	1.09201	1.09202	1.09181	1.09190	44	0	11
2024.03.05	04:04:00	1.09190	1.09214	1.09186	1.09212	88	0	11
2024.03.05	04:05:00	1.09212	1.09213	1.09184	1.09197	144	0	10
2024.03.05	04:06:00	1.09197	1.09209	1.09196	1.09208	26	0	10
2024.03.05	04:07:00	1.09208	1.09212	1.09207	1.09212	114	0	8
2024.03.05	04:08:00	1.09212	1.09222	1.09211	1.09215	38	0	10
2024.03.05	04:09:00	1.09215	1.09218	1.09211	1.09211	144	0	12
2024.03.05	04:10:00	1.09211	1.09211	1.09200	1.09202	91	0	11
2024.03.05	04:11:00	1.09202	1.09219	1.09197	1.09197	114	0	12
2024.03.05	04:12:00	1.09197	1.09211	1.09182	1.09200	170	0	12
2024.03.05	04:13:00	1.09200	1.09202	1.09182	1.09183	67	0	9
2024.03.05	04:14:00	1.09183	1.09221	1.09174	1.09202	96	0	10
2024.03.05	04:15:00	1.09202	1.09221	1.09196	1.09217	135	0	9
2024.03.05	04:16:00	1.09217	1.09224	1.09212	1.09213	113	0	9
2024.03.05	04:17:00	1.09213	1.09213	1.09193	1.09202	67	0	10
2024.03.05	04:18:00	1.09202	1.09214	1.09199	1.09213	153	0	10
2024.03.05	04:19:00	1.09213	1.09221	1.09212	1.09219	87	0	11
2024.03.05	04:20:00	1.09219	1.09223	1.09217	1.09222	165	0	8
2024.03.05	04:21:00	1.09222	1.09225	1.09194	1.09203	166	0	11
2024.03.05	04:22:00	1.09203	1.09213	1.09199	1.09205	46	0	12
2024.03.05	04:23:00	1.09205	1.09217	1.09199	1.09211	52	0	10
2024.03.05	04:24:00	1.09211	1.09218	1.09205	1.09210	146	0	9
2024.03.05	04:25:00	1.09210	1.09227	1.09208	1.09214	155	0	12
2024.03.05	04:26:00	1.09214	1.09220	1.09203	1.09204	8	0	12
2024.03.05	04:27:00	1.09204	1.09215	1.09192	1.09193	40	0	8
2024.03.05	04:28:00	1.09193	1.09202	1.09191	1.09199	13	0	9
2024.03.05	04:29:00	1.09199	1.09200	1.09194	1.09194	74	0	10
2024.03.05	04:30:00	1.09194	1.09197	1.09183	1.09188	70	0	10
2024.03.05	04:31:00	1.09188	1.09191	1.09184	1.09188	91	0	10
2024.03.05	04:32:00	1.09188	1.09203	1.09185	1.09197	177	0	8
2024.03.05	04:33:00	1.09197	1.09213	1.09195	1.09212	128	0	10
2024.03.05	04:34:00	1.09212	1.09221	1.09196	1.09199	136	0	10
2024.03.05	04:35:00	1.09199	1.09203	1.09198	1.09200	89	0	9
2024.03.05	04:36:00	1.09200	1.09206	1.09181	1.09187	104	0	11
2024.03.05	04:37:00	1.09187	1.09188	1.09175	1.09175	154	0	10
2024.03.05	04:38:00	1.09175	1.09198	1.09172	1.09193	59	0	11
2024.03.05	04:39:00	1.09193	1.09210	1.09184	1.09203	105	0	10
2024.03.05	04:40:00	1.09203	1.09214	1.09195	1.09212	67	0	10
2024.03.05	04:41:00	1.09212	1.09214	1.09202	1.09204	143	0	9
2024.03.05	04:42:00	1.09204	1.09226	1.09199	1.09216	44	0	11
2024.03.05	04:43:00	1.09216	1.09232	1.09207	1.09230	61	0	10
2024.03.05	04:44:00	1.09230	1.09231	1.09223	1.09223	27	0	10
2024.03.05	04:45:00	1.09223	1.09237	1.09213	1.09230	175	0	12
2024.03.05	04:46:00	1.09230	1.09239	1.09224	1.09237	14	0	12
2024.03.05	04:47:00	1.09237	1.09243	1.09225	1.09229	161	0	8
2024.03.05	04:48:00	1.09229	1.09242	1.09223	1.09238	95	0	10
2024.03.05	04:49:00	1.09238	1.09244	1.09231	1.09233	116	0	11
2024.03.05	04:50:00	1.09233	1.09236	1.09201	1.09211	145	0	12
2024.03.05	04:51:00	1.09211	1.09215	1.09196	1.09209	19	0	10
2024.03.05	04:52:00	1.09209	1.09214	1.09203	1.09210	67	0	10
2024.03.05	04:53:00	1.09210	1.09211	1.09201	1.09205	26	0	10
2024.03.05	04:54:00	1.09205	1.09214	1.09204	1.09208	119	0	12
2024.03.05	04:55:00	1.09208	1.09219	1.09199	1.09218	134	0	12
2024.03.05	04:56:00	1.09218	1.09232	1.09217	1.09230	128	0	9
2024.03.05	04:57:00	1.09230	1.09237	1.09229	1.09232	34	0	10
2024.03.05	04:58:00	1.09232	1.09232	1.09224	1.09227	97	0	10
2024.03.05	04:59:00	1.09227	1.09245	1.09227	1.09238	107	0	11
2024.03.05	05:00:00	1.09238	1.09241	1.09223	1.09240	80	0	9
2024.03.05	05:01:00	1.09240	1.09243	1.09224	1.09228	113	0	10
2024.03.05	05:02:00	1.09228	1.09235	1.09201	1.09210	102	0	9
2024.03.05	05:03:00	1.09210	1.09240	1.09207	1.09235	152	0	10
2024.03.05	05:04:00	1.09235	1.09239	1.09214	1.09222	68	0	10
2024.03.05	05:05:00	1.09222	1.09230	1.09213	1.09226	44	0	11
2024.03.05	05:06:00	1.09226	1.09241	1.09222	1.09241	114	0	12
2024.03.05	05:07:00	1.09241	1.09247	1.09235	1.09235	137	0	10
2024.03.05	05:08:00	1.09235	1.09246	1.09234	1.09239	53	0	10
2024.03.05	05:09:00	1.09239	1.09253	1.09231	1.09253	61	0	10
2024.03.05	05:10:00	1.09253	1.09256	1.09244	1.09254	73	0	8
2024.03.05	05:11:00	1.09254	1.09274	1.09246	1.09265	99	0	10
2024.03.05	05:12:00	1.09265	1.09276	1.09260	1.09270	73	0	9
2024.03.05	05:13:00	1.09270	1.09273	1.09259	1.09261	49	0	12
2024.03.05	05:14:00	1.09261	1.09278	1.09259	1.09272	130	0	10
2024.03.05	05:15:00	1.09272	1.09275	1.09266	1.09267	75	0	12
2024.03.05	05:16:00	1.09267	1.09289	1.09259	1.09284	35	0	10
2024.03.05	05:17:00	1.09284	1.09286	1.09282	1.09283	170	0	9
2024.03.05	05:18:00	1.09283	1.09303	1.09273	1.09298	125	0	9
2024.03.05	05:19:00	1.09298	1.09301	1.09279	1.09280	145	0	10
2024.03.05	05:20:00	1.09280	1.09291	1.09259	1.09272	126	0	8
2024.03.05	05:21:00	1.09272	1.09273	1.09257	1.09262	47	0	10
2024.03.05	05:22:00	1.09262	1.09279	1.09259	1.09267	63	0	10
2024.03.05	05:23:00	1.09267	1.09276	1.09262	1.09273	90	0	11
2024.03.05	05:24:00	1.09273	1.09276	1.09259	1.09268	111	0	8
2024.03.05	05:25:00	1.09268	1.09293	1.09261	1.09292	24	0	8
2024.03.05	05:26:00	1.09292	1.09298	1.09266	1.09268	66	0	9
2024.03.05	05:27:00	1.09268	1.09294	1.09267	1.09292	27	0	10
2024.03.05	05:28:00	1.09292	1.09308	1.09284	1.09306	140	0	9
2024.03.05	05:29:00	1.09306	1.09320	1.09305	1.09317	156	0	12
2024.03.05	05:30:00	1.09317	1.09319	1.09303	1.09307	38	0	10
2024.03.05	05:31:00	1.09307	1.09309	1.09290	1.09291	75	0	11
2024.03.05	05:32:00	1.09291	1.09303	1.09258	1.09270	39	0	12
2024.03.05	05:33:00	1.09270	1.09273	1.09255	1.09265	129	0	9
2024.03.05	05:34:00	1.09265	1.09267	1.09259	1.09260	164	0	9
2024.03.05	05:35:00	1.09260	1.09274	1.09252	1.09266	10	0	8
2024.03.05	05:36:00	1.09266	1.09275	1.09262	1.09273	36	0	8
2024.03.05	05:37:00	1.09273	1.09276	1.09257	1.09269	151	0	11
2024.03.05	05:38:00	1.09269	1.09276	1.09267	1.09273	137	0	11
2024.03.05	05:39:00	1.09273	1.09288	1.09272	1.09285	53	0	12
2024.03.05	05:40:00	1.09285	1.09307	1.09283	1.09304	104	0	11
2024.03.05	05:41:00	1.09304	1.09328	1.09300	1.09323	16	0	11
2024.03.05	05:42:00	1.09323	1.09328	1.09321	1.09327	119	0	10
2024.03.05	05:43:00	1.09327	1.09344	1.09319	1.09328	171	0	10
2024.03.05	05:44:00	1.09328	1.09342	1.09325	1.09335	46	0	8
2024.03.05	05:45:00	1.09335	1.09350	1.09332	1.09347	144	0	11
2024.03.05	05:46:00	1.09347	1.09347	1.09321	1.09323	37	0	10
2024.03.05	05:47:00	1.09323	1.09324	1.09319	1.09320	65	0	10
2024.03.05	05:48:00	1.09320	1.09328	1.09317	1.09321	85	0	12
2024.03.05	05:49:00	1.09321	1.09332	1.09319	1.09328	26	0	11
2024.03.05	05:50:00	1.09328	1.09329	1.09320	1.09326	94	0	11
2024.03.05	05:51:00	1.09326	1.09334	1.09309	1.09312	49	0	10
2024.03.05	05:52:00	1.09312	1.09320	1.09295	1.09298	34	0	8
2024.03.05	05:53:00	1.09298	1.09299	1.09279	1.09284	16	0	10
2024.03.05	05:54:00	1.09284	1.09290	1.09267	1.09274	115	0	10
2024.03.05	05:55:00	1.09274	1.09280	1.09266	1.09267	16	0	10
2024.03.05	05:56:00	1.09267	1.09299	1.09263	1.09294	58	0	8
2024.03.05	05:57:00	1.09294	1.09306	1.09289	1.09301	129	0	10
2024.03.05	05:58:00	1.09301	1.09323	1.09300	1.09319	105	0	11
2024.03.05	05:59:00	1.09319	1.09328	1.09314	1.09321	19	0	8
2024.03.05	06:00:00	1.09321	1.09326	1.09307	1.09310	96	0	8
2024.03.05	06:01:00	1.09310	1.09312	1.09308	1.09311	50	0	9
2024.03.05	06:02:00	1.09311	1.09324	1.09298	1.09304	30	0	10
2024.03.05	06:03:00	1.09304	1.09315	1.09289	1.09291	95	0	12
2024.03.05	06:04:00	1.09291	1.09315	1.09291	1.09306	24	0	11
2024.03.05	06:05:00	1.09306	1.09312	1.09296	1.09305	120	0	8
2024.03.05	06:06:00	1.09305	1.09308	1.09297	1.09297	126	0	12
2024.03.05	06:07:00	1.09297	1.09305	1.09267	1.09270	173	0	9
2024.03.05	06:08:00	1.09270	1.09293	1.09259	1.09287	146	0	10
2024.03.05	06:09:00	1.09287	1.09304	1.09284	1.09298	28	0	10
2024.03.05	06:10:00	1.09298	1.09302	1.09289	1.09296	44	0	10
2024.03.05	06:11:00	1.09296	1.09300	1.09294	1.09295	84	0	12
2024.03.05	06:12:00	1.09295	1.09306	1.09291	1.09298	146	0	9
2024.03.05	06:13:00	1.09298	1.09301	1.09289	1.09293	101	0	12
2024.03.05	06:14:00	1.09293	1.09300	1.09276	1.09278	170	0	10
2024.03.05	06:15:00	1.09278	1.09281	1.09276	1.09279	46	0	10
2024.03.05	06:16:00	1.09279	1.09300	1.09274	1.09297	178	0	9
2024.03.05	06:17:00	1.09297	1.09301	1.09287	1.09288	128	0	9
2024.03.05	06:18:00	1.09288	1.09292	1.09275	1.09283	127	0	10
2024.03.05	06:19:00	1.09283	1.09308	1.09272	1.09298	175	0	8
2024.03.05	06:20:00	1.09298	1.09303	1.09293	1.09293	26	0	12
2024.03.05	06:21:00	1.09293	1.09312	1.09288	1.09307	69	0	10
2024.03.05	06:22:00	1.09307	1.09308	1.09293	1.09302	175	0	10
2024.03.05	06:23:00	1.09302	1.09334	1.09291	1.09331	65	0	10
2024.03.05	06:24:00	1.09331	1.09342	1.09321	1.09342	154	0	12
2024.03.05	06:25:00	1.09342	1.09343	1.09329	1.09335	138	0	10
2024.03.05	06:26:00	1.09335	1.09347	1.09332	1.09345	135	0	12
2024.03.05	06:27:00	1.09345	1.09345	1.09327	1.09331	179	0	8
2024.03.05	06:28:00	1.09331	1.09343	1.09303	1.09316	78	0	11
2024.03.05	06:29:00	1.09316	1.09319	1.09298	1.09298	99	0	10
2024.03.05	06:30:00	1.09298	1.09314	1.09288	1.09311	101	0	10
2024.03.05	06:31:00	1.09311	1.09318	1.09296	1.09306	161	0	9
2024.03.05	06:32:00	1.09306	1.09339	1.09302	1.09333	116	0	10
2024.03.05	06:33:00	1.09333	1.09339	1.09319	1.09324	101	0	11
2024.03.05	06:34:00	1.09324	1.09325	1.09321	1.09323	175	0	11
2024.03.05	06:35:00	1.09323	1.09325	1.09305	1.09306	101	0	11
2024.03.05	06:36:00	1.09306	1.09309	1.09271	1.09274	23	0	10
2024.03.05	06:37:00	1.09274	1.09299	1.09270	1.09290	48	0	9
2024.03.05	06:38:00	1.09290	1.09308	1.09285	1.09292	98	0	12
2024.03.05	06:39:00	1.09292	1.09295	1.09267	1.09273	169	0	12
2024.03.05	06:40:00	1.09273	1.09277	1.09244	1.09250	59	0	10
2024.03.05	06:41:00	1.09250	1.09263	1.09249	1.09256	21	0	8
2024.03.05	06:42:00	1.09256	1.09258	1.09234	1.09237	107	0	10
2024.03.05	06:43:00	1.09237	1.09242	1.09227	1.09233	169	0	10
2024.03.05	06:44:00	1.09233	1.09236	1.09204	1.09212	130	0	9
2024.03.05	06:45:00	1.09212	1.09214	1.09199	1.09206	29	0	10
2024.03.05	06:46:00	1.09206	1.09207	1.09199	1.09202	19	0	12
2024.03.05	06:47:00	1.09202	1.09213	1.09195	1.09199	136	0	10
2024.03.05	06:48:00	1.09199	1.09213	1.09198	1.09209	141	0	10
2024.03.05	06:49:00	1.09209	1.09216	1.09196	1.09199	41	0	11
2024.03.05	06:50:00	1.09199	1.09208	1.09196	1.09206	101	0	9
2024.03.05	06:51:00	1.09206	1.09220	1.09204	1.09215	118	0	9
2024.03.05	06:52:00	1.09215	1.09222	1.09207	1.09209	113	0	12
2024.03.05	06:53:00	1.09209	1.09228	1.09204	1.09227	124	0	11
2024.03.05	06:54:00	1.09227	1.09230	1.09205	1.09209	29	0	10
2024.03.05	06:55:00	1.09209	1.09212	1.09197	1.09199	55	0	11
2024.03.05	06:56:00	1.09199	1.09214	1.09192	1.09206	67	0	9
2024.03.05	06:57:00	1.09206	1.09231	1.09200	1.09228	156	0	10
2024.03.05	06:58:00	1.09228	1.09233	1.09216	1.09232	176	0	11
2024.03.05	06:59:00	1.09232	1.09235	1.09231	1.09233	101	0	10
2024.03.05	07:00:00	1.09233	1.09246	1.09231	1.09244	24	0	10
2024.03.05	07:01:00	1.09244	1.09251	1.09222	1.09240	72	0	8
2024.03.05	07:02:00	1.09240	1.09245	1.09237	1.09242	103	0	10
2024.03.05	07:03:00	1.09242	1.09253	1.09225	1.09229	14	0	9
2024.03.05	07:04:00	1.09229	1.09238	1.09228	1.09233	88	0	10
2024.03.05	07:05:00	1.09233	1.09247	1.09227	1.09242	178	0	11
2024.03.05	07:06:00	1.09242	1.09242	1.09233	1.09234	157	0	10
2024.03.05	07:07:00	1.09234	1.09250	1.09226	1.09246	18	0	8
2024.03.05	07:08:00	1.09246	1.09258	1.09241	1.09250	28	0	9
2024.03.05	07:09:00	1.09250	1.09257	1.09245	1.09246	174	0	9
2024.03.05	07:10:00	1.09246	1.09251	1.09235	1.09236	63	0	12
2024.03.05	07:11:00	1.09236	1.09245	1.09231	1.09240	146	0	10
2024.03.05	07:12:00	1.09240	1.09246	1.09224	1.09231	150	0	8
2024.03.05	07:13:00	1.09231	1.09267	1.09228	1.09261	19	0	10
2024.03.05	07:14:00	1.09261	1.09278	1.09258	1.09273	55	0	12
2024.03.05	07:15:00	1.09273	1.09284	1.09268	1.09281	162	0	8
2024.03.05	07:16:00	1.09281	1.09282	1.09263	1.09273	49	0	11
2024.03.05	07:17:00	1.09273	1.09283	1.09273	1.09277	50	0	9
2024.03.05	07:18:00	1.09277	1.09284	1.09259	1.09268	141	0	9
2024.03.05	07:19:00	1.09268	1.09283	1.09266	1.09267	133	0	8
2024.03.05	07:20:00	1.09267	1.09288	1.09264	1.09274	27	0	11
2024.03.05	07:21:00	1.09274	1.09281	1.09272	1.09277	124	0	9
2024.03.05	07:22:00	1.09277	1.09281	1.09261	1.09266	155	0	10
2024.03.05	07:23:00	1.09266	1.09274	1.09266	1.09272	102	0	11
2024.03.05	07:24:00	1.09272	1.09290	1.09268	1.09281	23	0	8
2024.03.05	07:25:00	1.09281	1.09286	1.09274	1.09276	11	0	12
2024.03.05	07:26:00	1.09276	1.09277	1.09247	1.09259	82	0	10
2024.03.05	07:27:00	1.09259	1.09263	1.09239	1.09245	63	0	8
2024.03.05	07:28:00	1.09245	1.09255	1.09239	1.09254	40	0	8
2024.03.05	07:29:00	1.09254	1.09262	1.09243	1.09245	31	0	9
2024.03.05	07:30:00	1.09245	1.09252	1.09222	1.09231	14	0	11
2024.03.05	07:31:00	1.09231	1.09237	1.09213	1.09221	36	0	11
2024.03.05	07:32:00	1.09221	1.09223	1.09210	1.09214	121	0	12
2024.03.05	07:33:00	1.09214	1.09232	1.09207	1.09231	98	0	10
2024.03.05	07:34:00	1.09231	1.09237	1.09219	1.09235	161	0	9
2024.03.05	07:35:00	1.09235	1.09239	1.09224	1.09229	59	0	10
2024.03.05	07:36:00	1.09229	1.09242	1.09227	1.09237	69	0	10
2024.03.05	07:37:00	1.09237	1.09263	1.09231	1.09253	135	0	10
2024.03.05	07:38:00	1.09253	1.09266	1.09248	1.09265	128	0	10
2024.03.05	07:39:00	1.09265	1.09271	1.09248	1.09256	11	0	9
2024.03.05	07:40:00	1.09256	1.09267	1.09241	1.09266	60	0	8
2024.03.05	07:41:00	1.09266	1.09271	1.09254	1.09257	31	0	11
2024.03.05	07:42:00	1.09257	1.09275	1.09252	1.09268	178	0	10
2024.03.05	07:43:00	1.09268	1.09276	1.09243	1.09263	151	0	9
2024.03.05	07:44:00	1.09263	1.09268	1.09263	1.09266	161	0	8
2024.03.05	07:45:00	1.09266	1.09268	1.09259	1.09265	148	0	12
2024.03.05	07:46:00	1.09265	1.09273	1.09264	1.09271	113	0	9
2024.03.05	07:47:00	1.09271	1.09280	1.09252	1.09257	46	0	8
2024.03.05	07:48:00	1.09257	1.09257	1.09244	1.09254	138	0	11
2024.03.05	07:49:00	1.09254	1.09255	1.09250	1.09251	143	0	10
2024.03.05	07:50:00	1.09251	1.09276	1.09251	1.09271	178	0	9
2024.03.05	07:51:00	1.09271	1.09282	1.09261	1.09276	49	0	8
2024.03.05	07:52:00	1.09276	1.09287	1.09261	1.09267	151	0	8
2024.03.05	07:53:00	1.09267	1.09268	1.09263	1.09266	26	0	8
2024.03.05	07:54:00	1.09266	1.09268	1.09263	1.09265	39	0	9
2024.03.05	07:55:00	1.09265	1.09276	1.09263	1.09274	128	0	9
2024.03.05	07:56:00	1.09274	1.09282	1.09247	1.09263	26	0	9
2024.03.05	07:57:00	1.09263	1.09266	1.09263	1.09264	68	0	11
2024.03.05	07:58:00	1.09264	1.09267	1.09259	1.09260	58	0	10
2024.03.05	07:59:00	1.09260	1.09270	1.09257	1.09266	102	0	11
2024.03.05	08:00:00	1.09266	1.09278	1.09263	1.09276	98	0	12
2024.03.05	08:01:00	1.09276	1.09298	1.09275	1.09284	111	0	11
2024.03.05	08:02:00	1.09284	1.09292	1.09278	1.09281	12	0	9
2024.03.05	08:03:00	1.09281	1.09294	1.09275	1.09289	29	0	10
2024.03.05	08:04:00	1.09289	1.09303	1.09279	1.09303	138	0	9
2024.03.05	08:05:00	1.09303	1.09303	1.09288	1.09296	74	0	10
2024.03.05	08:06:00	1.09296	1.09302	1.09291	1.09298	8	0	12
2024.03.05	08:07:00	1.09298	1.09303	1.09290	1.09291	10	0	12
2024.03.05	08:08:00	1.09291	1.09293	1.09280	1.09287	179	0	10
2024.03.05	08:09:00	1.09287	1.09295	1.09285	1.09285	122	0	8
2024.03.05	08:10:00	1.09285	1.09298	1.09282	1.09292	36	0	10
2024.03.05	08:11:00	1.09292	1.09301	1.09290	1.09299	73	0	9
2024.03.05	08:12:00	1.09299	1.09315	1.09297	1.09314	90	0	11
2024.03.05	08:13:00	1.09314	1.09329	1.09308	1.09325	110	0	11
2024.03.05	08:14:00	1.09325	1.09325	1.09310	1.09311	48	0	10
2024.03.05	08:15:00	1.09311	1.09323	1.09302	1.09320	138	0	12
2024.03.05	08:16:00	1.09320	1.09324	1.09298	1.09304	119	0	9
2024.03.05	08:17:00	1.09304	1.09306	1.09302	1.09305	81	0	10
2024.03.05	08:18:00	1.09305	1.09306	1.09296	1.09298	113	0	9
2024.03.05	08:19:00	1.09298	1.09314	1.09284	1.09313	103	0	11
2024.03.05	08:20:00	1.09313	1.09318	1.09276	1.09285	36	0	8
2024.03.05	08:21:00	1.09285	1.09290	1.09280	1.09280	35	0	8
2024.03.05	08:22:00	1.09280	1.09288	1.09271	1.09284	57	0	12
2024.03.05	08:23:00	1.09284	1.09287	1.09268	1.09279	27	0	12
2024.03.05	08:24:00	1.09279	1.09298	1.09271	1.09289	95	0	9
2024.03.05	08:25:00	1.09289	1.09293	1.09276	1.09280	120	0	11
2024.03.05	08:26:00	1.09280	1.09284	1.09278	1.09282	150	0	8
2024.03.05	08:27:00	1.09282	1.09289	1.09274	1.09280	76	0	12
2024.03.05	08:28:00	1.09280	1.09301	1.09279	1.09294	146	0	11
2024.03.05	08:29:00	1.09294	1.09302	1.09284	1.09284	107	0	11
2024.03.05	08:30:00	1.09284	1.09294	1.09279	1.09293	115	0	10
2024.03.05	08:31:00	1.09293	1.09305	1.09288	1.09290	38	0	9
2024.03.05	08:32:00	1.09290	1.09303	1.09266	1.09279	35	0	10
2024.03.05	08:33:00	1.09279	1.09288	1.09257	1.09263	99	0	12
2024.03.05	08:34:00	1.09263	1.09267	1.09257	1.09264	109	0	10
2024.03.05	08:35:00	1.09264	1.09271	1.09251	1.09253	158	0	12
2024.03.05	08:36:00	1.09253	1.09264	1.09252	1.09261	36	0	11
2024.03.05	08:37:00	1.09261	1.09277	1.09250	1.09269	40	0	12
2024.03.05	08:38:00	1.09269	1.09279	1.09241	1.09252	81	0	10
2024.03.05	08:39:00	1.09252	1.09264	1.09227	1.09227	63	0	11
2024.03.05	08:40:00	1.09227	1.09244	1.09223	1.09243	47	0	8
2024.03.05	08:41:00	1.09243	1.09257	1.09229	1.09230	43	0	8
2024.03.05	08:42:00	1.09230	1.09242	1.09216	1.09222	160	0	10
2024.03.05	08:43:00	1.09222	1.09227	1.09205	1.09212	84	0	8
2024.03.05	08:44:00	1.09212	1.09216	1.09198	1.09214	64	0	9
2024.03.05	08:45:00	1.09214	1.09232	1.09209	1.09223	19	0	11
2024.03.05	08:46:00	1.09223	1.09242	1.09218	1.09237	180	0	10
2024.03.05	08:47:00	1.09237	1.09252	1.09230	1.09251	62	0	10
2024.03.05	08:48:00	1.09251	1.09269	1.09248	1.09263	23	0	10
2024.03.05	08:49:00	1.09263	1.09271	1.09240	1.09247	139	0	9
2024.03.05	08:50:00	1.09247	1.09251	1.09235	1.09235	79	0	9
2024.03.05	08:51:00	1.09235	1.09239	1.09220	1.09220	9	0	10
2024.03.05	08:52:00	1.09220	1.09222	1.09195	1.09196	138	0	12
2024.03.05	08:53:00	1.09196	1.09203	1.09184	1.09188	125	0	11
2024.03.05	08:54:00	1.09188	1.09203	1.09187	1.09201	19	0	12
2024.03.05	08:55:00	1.09201	1.09210	1.09197	1.09201	113	0	10
2024.03.05	08:56:00	1.09201	1.09205	1.09193	1.09199	70	0	12
2024.03.05	08:57:00	1.09199	1.09202	1.09189	1.09196	136	0	10
2024.03.05	08:58:00	1.09196	1.09212	1.09190	1.09205	36	0	10
2024.03.05	08:59:00	1.09205	1.09207	1.09196	1.09202	161	0	10
2024.03.05	09:00:00	1.09202	1.09204	1.09191	1.09191	108	0	11
2024.03.05	09:01:00	1.09191	1.09191	1.09175	1.09179	102	0	9
2024.03.05	09:02:00	1.09179	1.09187	1.09177	1.09187	129	0	10
2024.03.05	09:03:00	1.09187	1.09199	1.09181	1.09193	113	0	9
2024.03.05	09:04:00	1.09193	1.09202	1.09192	1.09193	61	0	12
2024.03.05	09:05:00	1.09193	1.09199	1.09190	1.09195	75	0	9
2024.03.05	09:06:00	1.09195	1.09198	1.09184	1.09193	148	0	9
2024.03.05	09:07:00	1.09193	1.09198	1.09187	1.09189	116	0	12
2024.03.05	09:08:00	1.09189	1.09196	1.09187	1.09196	66	0	12
2024.03.05	09:09:00	1.09196	1.09200	1.09176	1.09193	48	0	9
2024.03.05	09:10:00	1.09193	1.09195	1.09187	1.09193	62	0	9
2024.03.05	09:11:00	1.09193	1.09194	1.09176	1.09177	30	0	10
2024.03.05	09:12:00	1.09177	1.09182	1.09176	1.09180	167	0	10
2024.03.05	09:13:00	1.09180	1.09189	1.09170	1.09176	147	0	10
2024.03.05	09:14:00	1.09176	1.09184	1.09173	1.09179	40	0	11
2024.03.05	09:15:00	1.09179	1.09181	1.09163	1.09180	104	0	10
2024.03.05	09:16:00	1.09180	1.09190	1.09171	1.09172	40	0	12
2024.03.05	09:17:00	1.09172	1.09173	1.09158	1.09166	73	0	9
2024.03.05	09:18:00	1.09166	1.09178	1.09164	1.09168	18	0	10
2024.03.05	09:19:00	1.09168	1.09174	1.09154	1.09161	10	0	9
2024.03.05	09:20:00	1.09161	1.09186	1.09156	1.09175	174	0	10
2024.03.05	09:21:00	1.09175	1.09194	1.09171	1.09186	140	0	10
2024.03.05	09:22:00	1.09186	1.09195	1.09179	1.09188	113	0	9
2024.03.05	09:23:00	1.09188	1.09194	1.09183	1.09191	64	0	10
2024.03.05	09:24:00	1.09191	1.09197	1.09189	1.09193	139	0	9
2024.03.05	09:25:00	1.09193	1.09197	1.09183	1.09185	33	0	10
2024.03.05	09:26:00	1.09185	1.09189	1.09157	1.09159	31	0	10
2024.03.05	09:27:00	1.09159	1.09160	1.09144	1.09145	54	0	10
2024.03.05	09:28:00	1.09145	1.09155	1.09140	1.09151	157	0	11
2024.03.05	09:29:00	1.09151	1.09176	1.09136	1.09163	156	0	11
2024.03.05	09:30:00	1.09163	1.09165	1.09149	1.09157	178	0	11
2024.03.05	09:31:00	1.09157	1.09167	1.09150	1.09167	85	0	12
2024.03.05	09:32:00	1.09167	1.09176	1.09141	1.09142	168	0	10
2024.03.05	09:33:00	1.09142	1.09148	1.09141	1.09146	115	0	12
2024.03.05	09:34:00	1.09146	1.09156	1.09128	1.09134	37	0	12
2024.03.05	09:35:00	1.09134	1.09152	1.09125	1.09141	95	0	11
2024.03.05	09:36:00	1.09141	1.09146	1.09140	1.09143	97	0	11
2024.03.05	09:37:00	1.09143	1.09157	1.09138	1.09155	176	0	8
2024.03.05	09:38:00	1.09155	1.09160	1.09145	1.09159	55	0	8
2024.03.05	09:39:00	1.09159	1.09186	1.09159	1.09178	90	0	11
2024.03.05	09:40:00	1.09178	1.09186	1.09177	1.09179	18	0	8
2024.03.05	09:41:00	1.09179	1.09194	1.09174	1.09186	20	0	11
2024.03.05	09:42:00	1.09186	1.09190	1.09172	1.09188	108	0	8
2024.03.05	09:43:00	1.09188	1.09188	1.09171	1.09178	72	0	12
2024.03.05	09:44:00	1.09178	1.09192	1.09177	1.09191	149	0	10
2024.03.05	09:45:00	1.09191	1.09197	1.09179	1.09181	115	0	9
2024.03.05	09:46:00	1.09181	1.09193	1.09171	1.09193	109	0	12
2024.03.05	09:47:00	1.09193	1.09195	1.09192	1.09192	59	0	9
2024.03.05	09:48:00	1.09192	1.09193	1.09189	1.09190	98	0	12
2024.03.05	09:49:00	1.09190	1.09206	1.09182	1.09197	31	0	8
2024.03.05	09:50:00	1.09197	1.09229	1.09188	1.09225	162	0	10
2024.03.05	09:51:00	1.09225	1.09226	1.09209	1.09210	56	0	12
2024.03.05	09:52:00	1.09210	1.09218	1.09197	1.09198	141	0	10
2024.03.05	09:53:00	1.09198	1.09209	1.09192	1.09202	53	0	11
2024.03.05	09:54:00	1.09202	1.09205	1.09195	1.09197	180	0	10
2024.03.05	09:55:00	1.09197	1.09221	1.09192	1.09207	167	0	8
2024.03.05	09:56:00	1.09207	1.09217	1.09204	1.09209	130	0	10
2024.03.05	09:57:00	1.09209	1.09216	1.09180	1.09182	122	0	10
2024.03.05	09:58:00	1.09182	1.09191	1.09178	1.09183	18	0	10
2024.03.05	09:59:00	1.09183	1.09208	1.09179	1.09204	115	0	12
2024.03.05	10:00:00	1.09204	1.09208	1.09165	1.09171	143	0	9
2024.03.05	10:01:00	1.09171	1.09179	1.09170	1.09171	58	0	10
2024.03.05	10:02:00	1.09171	1.09180	1.09156	1.09161	17	0	11
2024.03.05	10:03:00	1.09161	1.09169	1.09153	1.09167	178	0	8
2024.03.05	10:04:00	1.09167	1.09197	1.09158	1.09190	119	0	10
2024.03.05	10:05:00	1.09190	1.09198	1.09179	1.09182	66	0	11
2024.03.05	10:06:00	1.09182	1.09193	1.09181	1.09185	157	0	8
2024.03.05	10:07:00	1.09185	1.09191	1.09183	1.09184	10	0	12
2024.03.05	10:08:00	1.09184	1.09190	1.09165	1.09175	95	0	12
2024.03.05	10:09:00	1.09175	1.09214	1.09166	1.09208	90	0	10
2024.03.05	10:10:00	1.09208	1.09221	1.09182	1.09187	11	0	12
2024.03.05	10:11:00	1.09187	1.09194	1.09179	1.09179	161	0	12
2024.03.05	10:12:00	1.09179	1.09183	1.09159	1.09167	140	0	11
2024.03.05	10:13:00	1.09167	1.09185	1.09156	1.09179	18	0	10
2024.03.05	10:14:00	1.09179	1.09190	1.09176	1.09184	76	0	10
2024.03.05	10:15:00	1.09184	1.09191	1.09172	1.09184	12	0	9
2024.03.05	10:16:00	1.09184	1.09204	1.09182	1.09199	154	0	9
2024.03.05	10:17:00	1.09199	1.09207	1.09197	1.09206	131	0	10
2024.03.05	10:18:00	1.09206	1.09210	1.09206	1.09207	155	0	11
2024.03.05	10:19:00	1.09207	1.09230	1.09203	1.09227	24	0	12
2024.03.05	10:20:00	1.09227	1.09249	1.09212	1.09245	122	0	9
2024.03.05	10:21:00	1.09245	1.09256	1.09229	1.09250	85	0	12
2024.03.05	10:23:00	1.09222	1.09235	1.09210	1.09216	9	0	8
2024.03.05	10:22:00	1.09250	1.09253	1.09220	1.09222	20	0	10
2024.03.05	10:24:00	1.09216	1.09222	1.09213	1.09220	14	0	8
2024.03.05	10:25:00	1.09220	1.09227	1.09202	1.09215	156	0	11
2024.03.05	10:26:00	1.09215	1.09216	1.09166	1.09171	78	0	10
2024.03.05	10:27:00	1.09171	1.09184	1.09161	1.09166	23	0	12
2024.03.05	10:28:00	1.09166	1.09173	1.09162	1.09162	99	0	9
2024.03.05	10:29:00	1.09162	1.09170	1.09156	1.09166	82	0	10
2024.03.05	10:30:00	1.09166	1.09166	1.09159	1.09164	95	0	10
2024.03.05	10:31:00	1.09164	1.09180	1.09157	1.09173	148	0	10
2024.03.05	10:32:00	1.09173	1.09182	1.09171	1.09172	23	0	10
2024.03.05	10:33:00	1.09172	1.09186	1.09163	1.09183	63	0	9
2024.03.05	10:34:00	1.09183	1.09201	1.09182	1.09201	24	0	12
2024.03.05	10:35:00	1.09201	1.09203	1.09182	1.09190	43	0	10
2024.03.05	10:36:00	1.09190	1.09204	1.09189	1.09201	143	0	9
2024.03.05	10:37:00	1.09201	1.09218	1.09200	1.09213	23	0	12
2024.03.05	10:38:00	1.09213	1.09218	1.09178	1.09188	122	0	8
2024.03.05	10:39:00	1.09188	1.09211	1.09177	1.09202	71	0	11
2024.03.05	10:40:00	1.09202	1.09206	1.09194	1.09201	132	0	8
2024.03.05	10:41:00	1.09201	1.09209	1.09197	1.09198	25	0	10
2024.03.05	10:42:00	1.09198	1.09204	1.09179	1.09190	172	0	9
2024.03.05	10:43:00	1.09190	1.09196	1.09173	1.09185	37	0	9
2024.03.05	10:44:00	1.09185	1.09195	1.09176	1.09190	108	0	8
2024.03.05	10:45:00	1.09190	1.09200	1.09178	1.09180	22	0	10
2024.03.05	10:46:00	1.09180	1.09182	1.09164	1.09165	163	0	12
2024.03.05	10:47:00	1.09165	1.09166	1.09148	1.09154	11	0	10
2024.03.05	10:48:00	1.09154	1.09170	1.09146	1.09163	81	0	10
2024.03.05	10:49:00	1.09163	1.09184	1.09158	1.09177	47	0	10
2024.03.05	10:50:00	1.09177	1.09192	1.09176	1.09191	14	0	10
2024.03.05	10:51:00	1.09191	1.09197	1.09174	1.09179	31	0	10
2024.03.05	10:52:00	1.09179	1.09196	1.09178	1.09195	71	0	12
2024.03.05	10:53:00	1.09195	1.09201	1.09188	1.09196	52	0	9
2024.03.05	10:54:00	1.09196	1.09196	1.09179	1.09187	140	0	9
2024.03.05	10:55:00	1.09187	1.09187	1.09172	1.09180	29	0	10
2024.03.05	10:56:00	1.09180	1.09186	1.09171	1.09172	98	0	12
2024.03.05	10:57:00	1.09172	1.09175	1.09140	1.09144	174	0	11
2024.03.05	10:58:00	1.09144	1.09166	1.09138	1.09166	135	0	10
2024.03.05	10:59:00	1.09166	1.09175	1.09162	1.09170	62	0	12
2024.03.05	11:00:00	1.09170	1.09174	1.09159	1.09165	129	0	10
2024.03.05	11:01:00	1.09165	1.09178	1.09164	1.09176	158	0	9
2024.03.05	11:02:00	1.09176	1.09182	1.09175	1.09182	121	0	10
2024.03.05	11:03:00	1.09182	1.09195	1.09178	1.09189	26	0	12
2024.03.05	11:04:00	1.09189	1.09195	1.09188	1.09195	118	0	9
2024.03.05	11:05:00	1.09195	1.09207	1.09188	1.09201	26	0	10
2024.03.05	11:06:00	1.09201	1.09214	1.09189	1.09192	13	0	10
2024.03.05	11:07:00	1.09192	1.09195	1.09189	1.09193	18	0	8
2024.03.05	11:08:00	1.09193	1.09198	1.09188	1.09192	90	0	10
2024.03.05	11:09:00	1.09192	1.09208	1.09192	1.09198	166	0	10
2024.03.05	11:10:00	1.09198	1.09202	1.09185	1.09191	101	0	9
2024.03.05	11:11:00	1.09191	1.09194	1.09153	1.09162	159	0	10
2024.03.05	11:12:00	1.09162	1.09164	1.09134	1.09141	64	0	8
2024.03.05	11:13:00	1.09141	1.09165	1.09137	1.09160	100	0	10
2024.03.05	11:14:00	1.09160	1.09171	1.09141	1.09154	144	0	10
2024.03.05	11:15:00	1.09154	1.09156	1.09135	1.09140	87	0	10
2024.03.05	11:16:00	1.09140	1.09144	1.09134	1.09141	82	0	8
2024.03.05	11:17:00	1.09141	1.09147	1.09131	1.09144	10	0	12
2024.03.05	11:18:00	1.09144	1.09152	1.09143	1.09147	153	0	12
2024.03.05	11:19:00	1.09147	1.09155	1.09139	1.09140	116	0	10
2024.03.05	11:20:00	1.09140	1.09147	1.09129	1.09134	130	0	10
2024.03.05	11:21:00	1.09134	1.09138	1.09109	1.09111	180	0	10
2024.03.05	11:22:00	1.09111	1.09129	1.09111	1.09129	97	0	10
2024.03.05	11:23:00	1.09129	1.09135	1.09118	1.09123	147	0	10
2024.03.05	11:24:00	1.09123	1.09128	1.09117	1.09127	100	0	12
2024.03.05	11:25:00	1.09127	1.09128	1.09116	1.09117	122	0	10
2024.03.05	11:26:00	1.09117	1.09120	1.09108	1.09111	63	0	11
2024.03.05	11:27:00	1.09111	1.09118	1.09109	1.09109	101	0	10
2024.03.05	11:28:00	1.09109	1.09119	1.09105	1.09113	53	0	9
2024.03.05	11:29:00	1.09113	1.09115	1.09107	1.09114	160	0	11
2024.03.05	11:30:00	1.09114	1.09118	1.09105	1.09108	134	0	11
2024.03.05	11:31:00	1.09108	1.09121	1.09087	1.09103	79	0	9
2024.03.05	11:32:00	1.09103	1.09128	1.09094	1.09128	177	0	10
2024.03.05	11:33:00	1.09128	1.09134	1.09125	1.09125	122	0	12
2024.03.05	11:34:00	1.09125	1.09135	1.09123	1.09133	95	0	9
2024.03.05	11:35:00	1.09133	1.09143	1.09118	1.09124	23	0	9
2024.03.05	11:36:00	1.09124	1.09146	1.09116	1.09145	84	0	9
2024.03.05	11:37:00	1.09145	1.09149	1.09135	1.09139	135	0	9
2024.03.05	11:38:00	1.09139	1.09143	1.09132	1.09140	171	0	12
2024.03.05	11:39:00	1.09140	1.09140	1.09137	1.09137	99	0	12
2024.03.05	11:40:00	1.09137	1.09139	1.09125	1.09130	75	0	11
2024.03.05	11:41:00	1.09130	1.09130	1.09121	1.09127	56	0	12
2024.03.05	11:42:00	1.09127	1.09130	1.09120	1.09122	156	0	10
2024.03.05	11:43:00	1.09122	1.09125	1.09113	1.09120	116	0	8
2024.03.05	11:44:00	1.09120	1.09121	1.09103	1.09108	68	0	10
2024.03.05	11:45:00	1.09108	1.09109	1.09103	1.09103	167	0	9
2024.03.05	11:46:00	1.09103	1.09107	1.09088	1.09090	62	0	10
2024.03.05	11:47:00	1.09090	1.09091	1.09081	1.09084	35	0	10
2024.03.05	11:48:00	1.09084	1.09091	1.09079	1.09082	81	0	8
2024.03.05	11:49:00	1.09082	1.09088	1.09073	1.09079	98	0	12
2024.03.05	11:50:00	1.09079	1.09080	1.09063	1.09069	34	0	9
2024.03.05	11:51:00	1.09069	1.09078	1.09065	1.09075	93	0	8
2024.03.05	11:52:00	1.09075	1.09078	1.09069	1.09074	22	0	8
2024.03.05	11:53:00	1.09074	1.09089	1.09065	1.09081	16	0	12
2024.03.05	11:54:00	1.09081	1.09083	1.09057	1.09071	109	0	10
2024.03.05	11:55:00	1.09071	1.09077	1.09065	1.09070	144	0	10
2024.03.05	11:56:00	1.09070	1.09075	1.09060	1.09063	98	0	12
2024.03.05	11:57:00	1.09063	1.09071	1.09057	1.09068	80	0	8
2024.03.05	11:58:00	1.09068	1.09073	1.09045	1.09050	56	0	9
2024.03.05	11:59:00	1.09050	1.09064	1.09043	1.09059	64	0	10
2024.03.05	12:00:00	1.09059	1.09065	1.09053	1.09060	79	0	10
2024.03.05	12:01:00	1.09060	1.09091	1.09056	1.09082	125	0	12
2024.03.05	12:02:00	1.09082	1.09088	1.09079	1.09087	85	0	11
2024.03.05	12:03:00	1.09087	1.09094	1.09087	1.09092	170	0	11
2024.03.05	12:04:00	1.09092	1.09102	1.09052	1.09065	134	0	10
2024.03.05	12:05:00	1.09065	1.09067	1.09055	1.09065	71	0	10
2024.03.05	12:06:00	1.09065	1.09093	1.09053	1.09083	26	0	8
2024.03.05	12:07:00	1.09083	1.09096	1.09066	1.09075	128	0	10
2024.03.05	12:08:00	1.09075	1.09084	1.09042	1.09046	145	0	11
2024.03.05	12:09:00	1.09046	1.09056	1.09032	1.09038	34	0	12
2024.03.05	12:10:00	1.09038	1.09045	1.09030	1.09038	12	0	9
2024.03.05	12:11:00	1.09038	1.09040	1.09028	1.09034	48	0	8
2024.03.05	12:12:00	1.09034	1.09049	1.09033	1.09043	167	0	12
2024.03.05	12:13:00	1.09043	1.09045	1.09022	1.09023	93	0	9
2024.03.05	12:14:00	1.09023	1.09028	1.09018	1.09018	52	0	11
2024.03.05	12:15:00	1.09018	1.09020	1.09007	1.09012	137	0	8
2024.03.05	12:16:00	1.09012	1.09033	1.09005	1.09025	9	0	9
2024.03.05	12:17:00	1.09025	1.09050	1.09013	1.09042	126	0	9
2024.03.05	12:18:00	1.09042	1.09058	1.09034	1.09053	29	0	9
2024.03.05	12:19:00	1.09053	1.09059	1.09044	1.09052	131	0	9
2024.03.05	12:20:00	1.09052	1.09056	1.09036	1.09040	119	0	8
2024.03.05	12:21:00	1.09040	1.09059	1.09039	1.09047	105	0	8
2024.03.05	12:22:00	1.09047	1.09049	1.09046	1.09047	51	0	10
2024.03.05	12:23:00	1.09047	1.09055	1.09038	1.09053	66	0	12
2024.03.05	12:24:00	1.09053	1.09070	1.09053	1.09066	44	0	10
2024.03.05	12:25:00	1.09066	1.09072	1.09053	1.09056	160	0	8
2024.03.05	12:26:00	1.09056	1.09060	1.09048	1.09049	21	0	10
2024.03.05	12:27:00	1.09049	1.09056	1.09035	1.09043	38	0	10
2024.03.05	12:28:00	1.09043	1.09048	1.09011	1.09016	37	0	12
2024.03.05	12:29:00	1.09016	1.09028	1.09007	1.09011	109	0	9
2024.03.05	12:30:00	1.09011	1.09016	1.09004	1.09013	35	0	10
2024.03.05	12:31:00	1.09013	1.09023	1.09008	1.09019	117	0	8
2024.03.05	12:32:00	1.09019	1.09030	1.09010	1.09024	162	0	10
2024.03.05	12:33:00	1.09024	1.09039	1.09004	1.09009	84	0	12
2024.03.05	12:34:00	1.09009	1.09028	1.09006	1.09026	79	0	9
2024.03.05	12:35:00	1.09026	1.09035	1.09022	1.09024	32	0	10
2024.03.05	12:36:00	1.09024	1.09039	1.09019	1.09032	79	0	10
2024.03.05	12:37:00	1.09032	1.09065	1.09031	1.09058	21	0	10
2024.03.05	12:38:00	1.09058	1.09076	1.09045	1.09065	84	0	9
2024.03.05	12:39:00	1.09065	1.09069	1.09057	1.09069	19	0	9
2024.03.05	12:40:00	1.09069	1.09082	1.09060	1.09081	48	0	10
2024.03.05	12:41:00	1.09081	1.09113	1.09081	1.09107	27	0	10
2024.03.05	12:42:00	1.09107	1.09107	1.09094	1.09101	28	0	11
2024.03.05	12:43:00	1.09101	1.09102	1.09070	1.09071	37	0	12
2024.03.05	12:44:00	1.09071	1.09074	1.09067	1.09067	50	0	9
2024.03.05	12:45:00	1.09067	1.09085	1.09037	1.09049	176	0	12
2024.03.05	12:46:00	1.09049	1.09071	1.09038	1.09070	116	0	12
2024.03.05	12:47:00	1.09070	1.09078	1.09064	1.09074	112	0	12
2024.03.05	12:48:00	1.09074	1.09079	1.09066	1.09077	148	0	10
2024.03.05	12:49:00	1.09077	1.09082	1.09051	1.09052	18	0	9
2024.03.05	12:50:00	1.09052	1.09056	1.09030	1.09034	58	0	9
2024.03.05	12:51:00	1.09034	1.09047	1.09027	1.09046	108	0	11
2024.03.05	12:52:00	1.09046	1.09055	1.09036	1.09047	70	0	10
2024.03.05	12:53:00	1.09047	1.09071	1.09039	1.09062	158	0	10
2024.03.05	12:54:00	1.09062	1.09064	1.09022	1.09036	166	0	10
2024.03.05	12:55:00	1.09036	1.09037	1.09028	1.09034	134	0	8
2024.03.05	12:56:00	1.09034	1.09040	1.09008	1.09012	89	0	9
2024.03.05	12:57:00	1.09012	1.09023	1.09010	1.09018	141	0	11
2024.03.05	12:58:00	1.09018	1.09018	1.08987	1.08995	19	0	11
2024.03.05	12:59:00	1.08995	1.09001	1.08988	1.08995	41	0	10
2024.03.05	13:00:00	1.08995	1.08999	1.08976	1.08998	112	0	9
2024.03.05	13:01:00	1.08998	1.09020	1.08995	1.09012	38	0	8
2024.03.05	13:02:00	1.09012	1.09017	1.09005	1.09006	32	0	9
2024.03.05	13:03:00	1.09006	1.09015	1.08980	1.08985	73	0	9
2024.03.05	13:04:00	1.08985	1.09018	1.08977	1.09005	102	0	12
2024.03.05	13:05:00	1.09005	1.09008	1.08994	1.08996	32	0	11
2024.03.05	13:06:00	1.08996	1.08999	1.08979	1.08985	46	0	12
2024.03.05	13:07:00	1.08985	1.08986	1.08976	1.08979	162	0	8
2024.03.05	13:08:00	1.08979	1.08989	1.08977	1.08980	88	0	12
2024.03.05	13:09:00	1.08980	1.08988	1.08969	1.08971	172	0	12
2024.03.05	13:10:00	1.08971	1.08976	1.08953	1.08962	114	0	9
2024.03.05	13:11:00	1.08962	1.08965	1.08949	1.08951	141	0	9
2024.03.05	13:12:00	1.08951	1.08958	1.08940	1.08958	166	0	10
2024.03.05	13:13:00	1.08958	1.08969	1.08951	1.08960	147	0	12
2024.03.05	13:14:00	1.08960	1.08962	1.08957	1.08958	48	0	11
2024.03.05	13:15:00	1.08958	1.08962	1.08955	1.08960	160	0	9
2024.03.05	13:16:00	1.08960	1.08966	1.08939	1.08947	152	0	9
2024.03.05	13:17:00	1.08947	1.08961	1.08920	1.08931	104	0	10
2024.03.05	13:18:00	1.08931	1.08951	1.08926	1.08936	72	0	11
2024.03.05	13:19:00	1.08936	1.08940	1.08927	1.08934	112	0	12
2024.03.05	13:20:00	1.08934	1.08938	1.08924	1.08925	155	0	8
2024.03.05	13:21:00	1.08925	1.08930	1.08910	1.08912	85	0	9
2024.03.05	13:22:00	1.08912	1.08917	1.08902	1.08915	66	0	10
2024.03.05	13:23:00	1.08915	1.08930	1.08898	1.08926	46	0	8
2024.03.05	13:24:00	1.08926	1.08928	1.08911	1.08919	127	0	10
2024.03.05	13:25:00	1.08919	1.08923	1.08900	1.08907	54	0	10
2024.03.05	13:26:00	1.08907	1.08912	1.08897	1.08899	75	0	12
2024.03.05	13:27:00	1.08899	1.08900	1.08875	1.08879	53	0	10
2024.03.05	13:28:00	1.08879	1.08883	1.08875	1.08882	17	0	10
2024.03.05	13:29:00	1.08882	1.08889	1.08865	1.08871	47	0	8
2024.03.05	13:30:00	1.08871	1.08875	1.08865	1.08870	57	0	10
2024.03.05	13:31:00	1.08870	1.08872	1.08838	1.08842	89	0	8
2024.03.05	13:32:00	1.08842	1.08844	1.08831	1.08840	97	0	10
2024.03.05	13:33:00	1.08840	1.08848	1.08837	1.08839	153	0	9
2024.03.05	13:34:00	1.08839	1.08847	1.08834	1.08845	175	0	10
2024.03.05	13:35:00	1.08845	1.08867	1.08845	1.08860	171	0	12
2024.03.05	13:36:00	1.08860	1.08868	1.08850	1.08851	76	0	11
2024.03.05	13:37:00	1.08851	1.08860	1.08842	1.08858	117	0	10
2024.03.05	13:38:00	1.08858	1.08863	1.08849	1.08853	120	0	10
2024.03.05	13:39:00	1.08853	1.08880	1.08849	1.08869	66	0	8
2024.03.05	13:40:00	1.08869	1.08876	1.08861	1.08869	144	0	11
2024.03.05	13:41:00	1.08869	1.08869	1.08854	1.08854	110	0	11
2024.03.05	13:42:00	1.08854	1.08846	1.08848	1.08850	156	0	10
2024.03.05	13:43:00	1.08850	1.08860	1.08844	1.08845	82	0	10
2024.03.05	13:44:00	1.08845	1.08861	1.08843	1.08853	116	0	8
2024.03.05	13:45:00	1.08853	1.08854	1.08849	1.08849	8	0	10
2024.03.05	13:46:00	1.08849	1.08862	1.08846	1.08848	31	0	11
2024.03.05	13:47:00	1.08848	1.08856	1.08841	1.08853	25	0	10
2024.03.05	13:48:00	1.08853	1.08860	1.08835	1.08839	61	0	10
2024.03.05	13:49:00	1.08839	1.08846	1.08834	1.08845	108	0	12
2024.03.05	13:50:00	1.08845	1.08846	1.08838	1.08843	36	0	9
2024.03.05	13:51:00	1.08843	1.08853	1.08822	1.08828	75	0	8
2024.03.05	13:52:00	1.08828	1.08829	1.08811	1.08817	96	0	9
2024.03.05	13:53:00	1.08817	1.08825	1.08809	1.08813	121	0	10
2024.03.05	13:54:00	1.08813	1.08826	1.08803	1.08820	180	0	12
2024.03.05	13:55:00	1.08820	1.08823	1.08812	1.08817	122	0	10
2024.03.05	13:56:00	1.08817	1.08838	1.08813	1.08838	104	0	10
2024.03.05	13:57:00	1.08838	1.08839	1.08836	1.08838	65	0	9
2024.03.05	13:58:00	1.08838	1.08841	1.08816	1.08823	171	0	12
2024.03.05	13:59:00	1.08823	1.08843	1.08819	1.08840	67	0	11
2024.03.05	14:00:00	1.08840	1.08846	1.08824	1.08837	39	0	12
2024.03.05	14:01:00	1.08837	1.08842	1.08834	1.08836	11	0	10
2024.03.05	14:02:00	1.08836	1.08842	1.08828	1.08830	60	0	10
2024.03.05	14:03:00	1.08830	1.08836	1.08826	1.08830	42	0	8
2024.03.05	14:04:00	1.08830	1.08833	1.08790	1.08798	83	0	11
2024.03.05	14:05:00	1.08798	1.08808	1.08793	1.08805	8	0	8
2024.03.05	14:06:00	1.08805	1.08819	1.08797	1.08814	82	0	8
2024.03.05	14:07:00	1.08814	1.08825	1.08810	1.08816	130	0	8
2024.03.05	14:08:00	1.08816	1.08817	1.08790	1.08797	173	0	10
2024.03.05	14:09:00	1.08797	1.08813	1.08784	1.08802	31	0	10
2024.03.05	14:10:00	1.08802	1.08808	1.08800	1.08801	180	0	10
2024.03.05	14:11:00	1.08801	1.08826	1.08791	1.08824	50	0	8
2024.03.05	14:12:00	1.08824	1.08826	1.08808	1.08822	140	0	10
2024.03.05	14:13:00	1.08822	1.08830	1.08820	1.08828	27	0	10
2024.03.05	14:14:00	1.08828	1.08837	1.08807	1.08818	29	0	10
2024.03.05	14:15:00	1.08818	1.08818	1.08802	1.08803	111	0	10
2024.03.05	14:16:00	1.08803	1.08807	1.08794	1.08804	144	0	10
2024.03.05	14:17:00	1.08804	1.08805	1.08802	1.08803	54	0	9
2024.03.05	14:18:00	1.08803	1.08807	1.08801	1.08806	137	0	8
2024.03.05	14:19:00	1.08806	1.08822	1.08794	1.08822	55	0	12
2024.03.05	14:20:00	1.08822	1.08823	1.08811	1.08815	120	0	8
2024.03.05	14:21:00	1.08815	1.08829	1.08813	1.08820	46	0	12
2024.03.05	14:22:00	1.08820	1.08832	1.08817	1.08829	39	0	11
2024.03.05	14:23:00	1.08829	1.08833	1.08824	1.08825	36	0	9
2024.03.05	14:24:00	1.08825	1.08834	1.08819	1.08819	64	0	8
2024.03.05	14:25:00	1.08819	1.08825	1.08809	1.08815	43	0	12
2024.03.05	14:26:00	1.08815	1.08821	1.08808	1.08814	137	0	9
2024.03.05	14:27:00	1.08814	1.08819	1.08812	1.08818	178	0	12
2024.03.05	14:28:00	1.08818	1.08821	1.08807	1.08816	19	0	9
2024.03.05	14:29:00	1.08816	1.08846	1.08800	1.08842	85	0	11
2024.03.05	14:30:00	1.08842	1.08843	1.08829	1.08836	107	0	10
2024.03.05	14:31:00	1.08836	1.08837	1.08820	1.08837	62	0	9
2024.03.05	14:32:00	1.08837	1.08848	1.08831	1.08832	78	0	11
2024.03.05	14:33:00	1.08832	1.08857	1.08828	1.08851	71	0	10
2024.03.05	14:34:00	1.08851	1.08877	1.08848	1.08864	14	0	12
2024.03.05	14:35:00	1.08864	1.08873	1.08857	1.08861	148	0	11
2024.03.05	14:36:00	1.08861	1.08880	1.08861	1.08879	24	0	10
2024.03.05	14:37:00	1.08879	1.08896	1.08876	1.08891	55	0	11
2024.03.05	14:38:00	1.08891	1.08894	1.08853	1.08861	76	0	9
2024.03.05	14:39:00	1.08861	1.08865	1.08854	1.08860	140	0	10
2024.03.05	14:40:00	1.08860	1.08863	1.08844	1.08860	35	0	10
2024.03.05	14:41:00	1.08860	1.08862	1.08852	1.08852	93	0	9
2024.03.05	14:42:00	1.08852	1.08857	1.08839	1.08843	154	0	11
2024.03.05	14:43:00	1.08843	1.08845	1.08824	1.08830	45	0	10
2024.03.05	14:44:00	1.08830	1.08834	1.08813	1.08823	142	0	10
2024.03.05	14:45:00	1.08823	1.08825	1.08822	1.08825	149	0	9
2024.03.05	14:46:00	1.08825	1.08828	1.08810	1.08811	117	0	10
2024.03.05	14:47:00	1.08811	1.08815	1.08793	1.08798	95	0	11
2024.03.05	14:48:00	1.08798	1.08802	1.08770	1.08779	14	0	12
2024.03.05	14:49:00	1.08779	1.08788	1.08775	1.08784	145	0	10
2024.03.05	14:50:00	1.08784	1.08793	1.08770	1.08792	153	0	12
2024.03.05	14:51:00	1.08792	1.08803	1.08791	1.08800	152	0	12
2024.03.05	14:52:00	1.08800	1.08810	1.08799	1.08808	80	0	10
2024.03.05	14:53:00	1.08808	1.08817	1.08793	1.08799	16	0	8
2024.03.05	14:54:00	1.08799	1.08813	1.08799	1.08807	149	0	9
2024.03.05	14:55:00	1.08807	1.08817	1.08803	1.08817	25	0	9
2024.03.05	14:56:00	1.08817	1.08827	1.08809	1.08819	102	0	12
2024.03.05	14:57:00	1.08819	1.08834	1.08817	1.08831	163	0	9
2024.03.05	14:58:00	1.08831	1.08835	1.08824	1.08826	149	0	11
2024.03.05	14:59:00	1.08826	1.08830	1.08814	1.08820	131	0	9
2024.03.05	15:00:00	1.08820	1.08825	1.08818	1.08821	150	0	12
2024.03.05	15:01:00	1.08821	1.08826	1.08809	1.08817	90	0	10
2024.03.05	15:02:00	1.08817	1.08827	1.08810	1.08824	144	0	9
2024.03.05	15:03:00	1.08824	1.08827	1.08816	1.08822	81	0	9
2024.03.05	15:04:00	1.08822	1.08842	1.08818	1.08840	111	0	10
2024.03.05	15:05:00	1.08840	1.08849	1.08836	1.08843	44	0	8
2024.03.05	15:06:00	1.08843	1.08855	1.08842	1.08852	117	0	10
2024.03.05	15:07:00	1.08852	1.08855	1.08818	1.08821	26	0	10
2024.03.05	15:08:00	1.08821	1.08836	1.08820	1.08827	67	0	9
2024.03.05	15:09:00	1.08827	1.08842	1.08826	1.08839	174	0	12
2024.03.05	15:10:00	1.08839	1.08841	1.08827	1.08828	163	0	10
2024.03.05	15:11:00	1.08828	1.08831	1.08818	1.08820	51	0	9
2024.03.05	15:12:00	1.08820	1.08823	1.08803	1.08816	22	0	9
2024.03.05	15:13:00	1.08816	1.08820	1.08805	1.08808	125	0	10
2024.03.05	15:14:00	1.08808	1.08811	1.08804	1.08811	38	0	10
2024.03.05	15:15:00	1.08811	1.08814	1.08800	1.08801	47	0	10
2024.03.05	15:16:00	1.08801	1.08805	1.08791	1.08802	15	0	9
2024.03.05	15:17:00	1.08802	1.08810	1.08790	1.08794	119	0	10
2024.03.05	15:18:00	1.08794	1.08799	1.08789	1.08793	63	0	10
2024.03.05	15:19:00	1.08793	1.08808	1.08791	1.08808	170	0	12
2024.03.05	15:20:00	1.08808	1.08821	1.08805	1.08816	70	0	11
2024.03.05	15:21:00	1.08816	1.08823	1.08806	1.08807	148	0	8
2024.03.05	15:22:00	1.08807	1.08814	1.08805	1.08809	128	0	10
2024.03.05	15:23:00	1.08809	1.08812	1.08802	1.08804	154	0	12
2024.03.05	15:24:00	1.08804	1.08807	1.08800	1.08802	77	0	10
2024.03.05	15:25:00	1.08802	1.08802	1.08777	1.08787	27	0	10
2024.03.05	15:26:00	1.08787	1.08793	1.08759	1.08773	18	0	10
2024.03.05	15:27:00	1.08773	1.08774	1.08763	1.08765	19	0	8
2024.03.05	15:28:00	1.08765	1.08773	1.08747	1.08748	168	0	10
2024.03.05	15:29:00	1.08748	1.08754	1.08729	1.08734	112	0	8
2024.03.05	15:30:00	1.08734	1.08751	1.08729	1.08746	75	0	11
2024.03.05	15:31:00	1.08746	1.08750	1.08729	1.08739	162	0	10
2024.03.05	15:32:00	1.08739	1.08769	1.08732	1.08760	97	0	10
2024.03.05	15:33:00	1.08760	1.08771	1.08753	1.08768	166	0	11
2024.03.05	15:34:00	1.08768	1.08774	1.08743	1.08749	165	0	9
2024.03.05	15:35:00	1.08749	1.08751	1.08746	1.08749	91	0	9
2024.03.05	15:36:00	1.08749	1.08756	1.08731	1.08743	113	0	8
2024.03.05	15:37:00	1.08743	1.08747	1.08740	1.08742	105	0	11
2024.03.05	15:38:00	1.08742	1.08761	1.08741	1.08751	97	0	12
2024.03.05	15:39:00	1.08751	1.08756	1.08736	1.08740	99	0	10
2024.03.05	15:40:00	1.08740	1.08744	1.08718	1.08726	133	0	10
2024.03.05	15:41:00	1.08726	1.08748	1.08726	1.08747	121	0	12
2024.03.05	15:42:00	1.08747	1.08750	1.08745	1.08749	143	0	10
2024.03.05	15:43:00	1.08749	1.08749	1.08743	1.08745	8	0	8
2024.03.05	15:44:00	1.08745	1.08769	1.08743	1.08766	65	0	12
2024.03.05	15:45:00	1.08766	1.08776	1.08757	1.08762	87	0	10
2024.03.05	15:46:00	1.08762	1.08791	1.08754	1.08784	122	0	12
2024.03.05	15:47:00	1.08784	1.08796	1.08783	1.08790	71	0	11
2024.03.05	15:48:00	1.08790	1.08801	1.08788	1.08798	62	0	10
2024.03.05	15:49:00	1.08798	1.08808	1.08768	1.08771	95	0	10
2024.03.05	15:50:00	1.08771	1.08775	1.08760	1.08766	78	0	10
2024.03.05	15:51:00	1.08766	1.08783	1.08756	1.08778	26	0	11
2024.03.05	15:52:00	1.08778	1.08780	1.08760	1.08768	123	0	10
2024.03.05	15:53:00	1.08768	1.08773	1.08763	1.08764	120	0	11
2024.03.05	15:54:00	1.08764	1.08774	1.08742	1.08746	81	0	12
2024.03.05	15:55:00	1.08746	1.08749	1.08728	1.08730	75	0	12
2024.03.05	15:56:00	1.08730	1.08743	1.08728	1.08736	102	0	11
2024.03.05	15:57:00	1.08736	1.08745	1.08736	1.08744	149	0	8
2024.03.05	15:58:00	1.08744	1.08755	1.08742	1.08749	11	0	11
2024.03.05	15:59:00	1.08749	1.08766	1.08748	1.08759	125	0	9
2024.03.05	16:00:00	1.08759	1.08783	1.08753	1.08770	147	0	9
2024.03.05	16:01:00	1.08770	1.08779	1.08763	1.08768	51	0	12
2024.03.05	16:02:00	1.08768	1.08776	1.08750	1.08770	93	0	10
2024.03.05	16:03:00	1.08770	1.08776	1.08760	1.08760	32	0	11
2024.03.05	16:04:00	1.08760	1.08781	1.08759	1.08767	104	0	9
2024.03.05	16:05:00	1.08767	1.08790	1.08766	1.08782	94	0	12
2024.03.05	16:06:00	1.08782	1.08787	1.08774	1.08777	26	0	12
2024.03.05	16:07:00	1.08777	1.08785	1.08774	1.08780	140	0	8
2024.03.05	16:08:00	1.08780	1.08784	1.08778	1.08783	24	0	10
2024.03.05	16:09:00	1.08783	1.08802	1.08781	1.08792	135	0	11
2024.03.05	16:10:00	1.08792	1.08808	1.08785	1.08807	176	0	11
2024.03.05	16:11:00	1.08807	1.08813	1.08800	1.08808	32	0	9
2024.03.05	16:12:00	1.08808	1.08811	1.08805	1.08806	147	0	10
2024.03.05	16:13:00	1.08806	1.08819	1.08799	1.08807	69	0	11
2024.03.05	16:14:00	1.08807	1.08810	1.08781	1.08791	167	0	8
2024.03.05	16:15:00	1.08791	1.08808	1.08784	1.08800	43	0	12
2024.03.05	16:16:00	1.08800	1.08808	1.08774	1.08780	122	0	8
2024.03.05	16:17:00	1.08780	1.08793	1.08771	1.08793	106	0	8
2024.03.05	16:18:00	1.08793	1.08803	1.08789	1.08799	71	0	10
2024.03.05	16:19:00	1.08799	1.08817	1.08797	1.08816	63	0	10
2024.03.05	16:20:00	1.08816	1.08825	1.08807	1.08825	33	0	9
2024.03.05	16:21:00	1.08825	1.08826	1.08795	1.08808	158	0	10
2024.03.05	16:22:00	1.08808	1.08809	1.08800	1.08804	165	0	11
2024.03.05	16:23:00	1.08804	1.08814	1.08801	1.08807	163	0	8
2024.03.05	16:24:00	1.08807	1.08808	1.08801	1.08806	132	0	10
2024.03.05	16:25:00	1.08806	1.08807	1.08797	1.08800	72	0	10
2024.03.05	16:26:00	1.08800	1.08806	1.08784	1.08790	101	0	10
2024.03.05	16:27:00	1.08790	1.08808	1.08790	1.08796	161	0	9
2024.03.05	16:28:00	1.08796	1.08806	1.08780	1.08806	67	0	11
2024.03.05	16:29:00	1.08806	1.08812	1.08804	1.08807	173	0	10
2024.03.05	16:30:00	1.08807	1.08816	1.08800	1.08814	151	0	11
2024.03.05	16:31:00	1.08814	1.08846	1.08804	1.08829	57	0	9
2024.03.05	16:32:00	1.08829	1.08837	1.08822	1.08836	13	0	11
2024.03.05	16:33:00	1.08836	1.08852	1.08830	1.08839	43	0	8
2024.03.05	16:34:00	1.08839	1.08851	1.08834	1.08844	74	0	10
2024.03.05	16:35:00	1.08844	1.08862	1.08838	1.08856	160	0	10
2024.03.05	16:36:00	1.08856	1.08861	1.08850	1.08851	9	0	10
2024.03.05	16:37:00	1.08851	1.08863	1.08846	1.08863	50	0	8
2024.03.05	16:38:00	1.08863	1.08876	1.08859	1.08873	111	0	10
2024.03.05	16:39:00	1.08873	1.08878	1.08859	1.08871	95	0	8
2024.03.05	16:40:00	1.08871	1.08879	1.08868	1.08878	65	0	11
2024.03.05	16:41:00	1.08878	1.08890	1.08869	1.08883	145	0	11
2024.03.05	16:42:00	1.08883	1.08885	1.08878	1.08881	114	0	11
2024.03.05	16:43:00	1.08881	1.08896	1.08879	1.08896	93	0	12
2024.03.05	16:44:00	1.08896	1.08900	1.08884	1.08890	10	0	12
2024.03.05	16:45:00	1.08890	1.08897	1.08854	1.08861	36	0	10
2024.03.05	16:46:00	1.08861	1.08866	1.08848	1.08850	119	0	11
2024.03.05	16:47:00	1.08850	1.08866	1.08846	1.08860	177	0	11
2024.03.05	16:48:00	1.08860	1.08874	1.08851	1.08871	80	0	11
2024.03.05	16:49:00	1.08871	1.08877	1.08854	1.08861	50	0	9
2024.03.05	16:50:00	1.08861	1.08865	1.08851	1.08861	139	0	10
2024.03.05	16:51:00	1.08861	1.08887	1.08861	1.08877	120	0	10
2024.03.05	16:52:00	1.08877	1.08877	1.08871	1.08871	99	0	12
2024.03.05	16:53:00	1.08871	1.08883	1.08868	1.08882	117	0	11
2024.03.05	16:54:00	1.08882	1.08902	1.08881	1.08888	132	0	8
2024.03.05	16:55:00	1.08888	1.08889	1.08876	1.08880	131	0	12
2024.03.05	16:56:00	1.08880	1.08880	1.08878	1.08878	178	0	11
2024.03.05	16:57:00	1.08878	1.08905	1.08875	1.08898	143	0	10
2024.03.05	16:58:00	1.08898	1.08901	1.08894	1.08899	140	0	9
2024.03.05	16:59:00	1.08899	1.08908	1.08891	1.08904	66	0	8
2024.03.05	17:00:00	1.08904	1.08921	1.08897	1.08911	33	0	11
2024.03.05	17:01:00	1.08911	1.08919	1.08900	1.08905	92	0	10
2024.03.05	17:02:00	1.08905	1.08912	1.08904	1.08906	99	0	10
2024.03.05	17:03:00	1.08906	1.08916	1.08883	1.08888	144	0	11
2024.03.05	17:04:00	1.08888	1.08899	1.08887	1.08896	141	0	10
2024.03.05	17:05:00	1.08896	1.08925	1.08890	1.08909	81	0	9
2024.03.05	17:06:00	1.08909	1.08919	1.08896	1.08902	143	0	11
2024.03.05	17:07:00	1.08902	1.08910	1.08868	1.08874	174	0	9
2024.03.05	17:08:00	1.08874	1.08896	1.08870	1.08893	19	0	10
2024.03.05	17:09:00	1.08893	1.08904	1.08890	1.08899	21	0	11
2024.03.05	17:10:00	1.08899	1.08899	1.08871	1.08873	177	0	10
2024.03.05	17:11:00	1.08873	1.08897	1.08870	1.08893	180	0	11
2024.03.05	17:12:00	1.08893	1.08896	1.08869	1.08873	36	0	11
2024.03.05	17:13:00	1.08873	1.08878	1.08871	1.08875	114	0	9
2024.03.05	17:14:00	1.08875	1.08900	1.08867	1.08893	62	0	12
2024.03.05	17:15:00	1.08893	1.08897	1.08883	1.08884	114	0	11
2024.03.05	17:16:00	1.08884	1.08902	1.08878	1.08895	81	0	12
2024.03.05	17:17:00	1.08895	1.08897	1.08884	1.08888	163	0	10
2024.03.05	17:18:00	1.08888	1.08892	1.08877	1.08884	176	0	10
2024.03.05	17:19:00	1.08884	1.08895	1.08877	1.08894	109	0	9
2024.03.05	17:20:00	1.08894	1.08898	1.08886	1.08895	35	0	10
2024.03.05	17:21:00	1.08895	1.08904	1.08890	1.08898	136	0	10
2024.03.05	17:22:00	1.08898	1.08901	1.08894	1.08898	165	0	8
2024.03.05	17:23:00	1.08898	1.08911	1.08887	1.08891	95	0	12
2024.03.05	17:24:00	1.08891	1.08925	1.08886	1.08912	146	0	12
2024.03.05	17:25:00	1.08912	1.08915	1.08901	1.08906	101	0	12
2024.03.05	17:26:00	1.08906	1.08908	1.08885	1.08890	11	0	10
2024.03.05	17:27:00	1.08890	1.08903	1.08885	1.08897	28	0	11
2024.03.05	17:28:00	1.08897	1.08903	1.08883	1.08890	165	0	10
2024.03.05	17:29:00	1.08890	1.08893	1.08874	1.08889	65	0	8
2024.03.05	17:30:00	1.08889	1.08904	1.08877	1.08883	127	0	10
2024.03.05	17:31:00	1.08883	1.08883	1.08878	1.08880	95	0	8
2024.03.05	17:32:00	1.08880	1.08888	1.08874	1.08877	168	0	11
2024.03.05	17:33:00	1.08877	1.08880	1.08872	1.08879	104	0	10
2024.03.05	17:34:00	1.08879	1.08883	1.08864	1.08873	149	0	9
2024.03.05	17:35:00	1.08873	1.08888	1.08870	1.08884	137	0	8
2024.03.05	17:36:00	1.08884	1.08895	1.08882	1.08892	161	0	9
2024.03.05	17:37:00	1.08892	1.08913	1.08890	1.08911	30	0	10
2024.03.05	17:38:00	1.08911	1.08912	1.08887	1.08891	56	0	10
2024.03.05	17:39:00	1.08891	1.08903	1.08887	1.08899	151	0	8
2024.03.05	17:40:00	1.08899	1.08914	1.08891	1.08906	166	0	10
2024.03.05	17:41:00	1.08906	1.08936	1.08896	1.08931	172	0	12
2024.03.05	17:42:00	1.08931	1.08943	1.08929	1.08942	23	0	8
2024.03.05	17:43:00	1.08942	1.08947	1.08927	1.08928	159	0	8
2024.03.05	17:44:00	1.08928	1.08935	1.08915	1.08933	177	0	8
2024.03.05	17:45:00	1.08933	1.08965	1.08933	1.08959	118	0	9
2024.03.05	17:46:00	1.08959	1.08976	1.08953	1.08974	86	0	9
2024.03.05	17:47:00	1.08974	1.08979	1.08969	1.08971	82	0	10
2024.03.05	17:48:00	1.08971	1.08975	1.08945	1.08947	178	0	11
2024.03.05	17:49:00	1.08947	1.08949	1.08936	1.08936	103	0	12
2024.03.05	17:50:00	1.08936	1.08938	1.08921	1.08932	55	0	10
2024.03.05	17:51:00	1.08932	1.08940	1.08931	1.08938	28	0	10
2024.03.05	17:52:00	1.08938	1.08940	1.08926	1.08929	90	0	10
2024.03.05	17:53:00	1.08929	1.08952	1.08923	1.08950	167	0	8
2024.03.05	17:54:00	1.08950	1.08969	1.08947	1.08958	140	0	10
2024.03.05	17:55:00	1.08958	1.08978	1.08958	1.08964	66	0	8
2024.03.05	17:56:00	1.08964	1.08995	1.08957	1.08982	97	0	11
2024.03.05	17:57:00	1.08982	1.08988	1.08975	1.08986	22	0	11
2024.03.05	17:58:00	1.08986	1.08991	1.08982	1.08986	28	0	10
2024.03.05	17:59:00	1.08986	1.08990	1.08980	1.08981	175	0	8
2024.03.05	18:00:00	1.08981	1.08986	1.08980	1.08984	179	0	8
2024.03.05	18:01:00	1.08984	1.09023	1.08981	1.09009	60	0	10
2024.03.05	18:02:00	1.09009	1.09023	1.09002	1.09021	30	0	11
2024.03.05	18:03:00	1.09021	1.09026	1.09012	1.09013	158	0	12
2024.03.05	18:04:00	1.09013	1.09017	1.09010	1.09011	22	0	8
2024.03.05	18:05:00	1.09011	1.09038	1.09006	1.09032	76	0	10
2024.03.05	18:06:00	1.09032	1.09060	1.09025	1.09047	163	0	12
2024.03.05	18:07:00	1.09047	1.09058	1.09029	1.09034	24	0	10
2024.03.05	18:08:00	1.09034	1.09048	1.09025	1.09044	171	0	9
2024.03.05	18:09:00	1.09044	1.09046	1.09035	1.09038	154	0	12
2024.03.05	18:10:00	1.09038	1.09053	1.09029	1.09043	127	0	12
2024.03.05	18:11:00	1.09043	1.09050	1.09038	1.09049	95	0	8
2024.03.05	18:12:00	1.09049	1.09057	1.09047	1.09055	95	0	12
2024.03.05	18:13:00	1.09055	1.09062	1.09050	1.09060	119	0	11
2024.03.05	18:14:00	1.09060	1.09064	1.09056	1.09060	117	0	11
2024.03.05	18:15:00	1.09060	1.09061	1.09052	1.09056	117	0	9
2024.03.05	18:16:00	1.09056	1.09061	1.09051	1.09051	67	0	8
2024.03.05	18:17:00	1.09051	1.09070	1.09048	1.09066	55	0	12
2024.03.05	18:18:00	1.09066	1.09068	1.09064	1.09068	60	0	11
2024.03.05	18:19:00	1.09068	1.09073	1.09058	1.09063	55	0	8
2024.03.05	18:20:00	1.09063	1.09073	1.09045	1.09046	28	0	10
2024.03.05	18:21:00	1.09046	1.09049	1.09030	1.09042	139	0	12
2024.03.05	18:22:00	1.09042	1.09042	1.09024	1.09034	150	0	10
2024.03.05	18:23:00	1.09034	1.09048	1.09031	1.09035	42	0	9
2024.03.05	18:24:00	1.09035	1.09043	1.09030	1.09034	126	0	10
2024.03.05	18:25:00	1.09034	1.09036	1.09023	1.09027	103	0	11
2024.03.05	18:26:00	1.09027	1.09044	1.09026	1.09037	114	0	10
2024.03.05	18:27:00	1.09037	1.09037	1.09031	1.09037	43	0	8
2024.03.05	18:28:00	1.09037	1.09058	1.09028	1.09049	49	0	12
2024.03.05	18:29:00	1.09049	1.09066	1.09036	1.09045	8	0	10
2024.03.05	18:30:00	1.09045	1.09049	1.09028	1.09037	130	0	8
2024.03.05	18:31:00	1.09037	1.09046	1.09033	1.09044	125	0	9
2024.03.05	18:32:00	1.09044	1.09044	1.09024	1.09027	86	0	8
2024.03.05	18:33:00	1.09027	1.09043	1.09020	1.09039	63	0	8
2024.03.05	18:34:00	1.09039	1.09051	1.09032	1.09051	162	0	12
2024.03.05	18:35:00	1.09051	1.09067	1.09051	1.09064	10	0	10
2024.03.05	18:36:00	1.09064	1.09065	1.09056	1.09057	57	0	9
2024.03.05	18:37:00	1.09057	1.09064	1.09053	1.09063	123	0	9
2024.03.05	18:38:00	1.09063	1.09066	1.09050	1.09054	27	0	8
2024.03.05	18:39:00	1.09054	1.09055	1.09034	1.09037	131	0	10
2024.03.05	18:40:00	1.09037	1.09049	1.09032	1.09043	91	0	8
2024.03.05	18:41:00	1.09043	1.09049	1.09025	1.09027	79	0	11
2024.03.05	18:42:00	1.09027	1.09040	1.09021	1.09038	56	0	8
2024.03.05	18:43:00	1.09038	1.09057	1.09027	1.09056	44	0	9
2024.03.05	18:44:00	1.09056	1.09065	1.09044	1.09054	92	0	9
2024.03.05	18:45:00	1.09054	1.09061	1.09042	1.09042	146	0	10
2024.03.05	18:46:00	1.09042	1.09042	1.09020	1.09022	40	0	11
2024.03.05	18:47:00	1.09022	1.09026	1.08982	1.08989	15	0	12
2024.03.05	18:48:00	1.08989	1.09000	1.08975	1.08999	16	0	12
2024.03.05	18:49:00	1.08999	1.09000	1.08986	1.08989	14	0	8
2024.03.05	18:50:00	1.08989	1.09000	1.08981	1.08984	120	0	9
2024.03.05	18:51:00	1.08984	1.08994	1.08976	1.08989	41	0	8
2024.03.05	18:52:00	1.08989	1.08995	1.08989	1.08991	38	0	10
2024.03.05	18:53:00	1.08991	1.08996	1.08976	1.08982	118	0	9
2024.03.05	18:54:00	1.08982	1.08986	1.08965	1.08968	123	0	8
2024.03.05	18:55:00	1.08968	1.08974	1.08961	1.08966	78	0	10
2024.03.05	18:56:00	1.08966	1.08989	1.08965	1.08988	46	0	11
2024.03.05	18:57:00	1.08988	1.09002	1.08976	1.09002	11	0	11
2024.03.05	18:58:00	1.09002	1.09020	1.09001	1.09014	121	0	9
2024.03.05	18:59:00	1.09014	1.09017	1.09002	1.09006	108	0	11
2024.03.05	19:00:00	1.09006	1.09013	1.08977	1.08978	176	0	11
2024.03.05	19:01:00	1.08978	1.09005	1.08976	1.09001	177	0	12
2024.03.05	19:02:00	1.09001	1.09028	1.08997	1.09020	170	0	11
2024.03.05	19:03:00	1.09020	1.09023	1.08988	1.08998	92	0	10
2024.03.05	19:04:00	1.08998	1.09002	1.08997	1.09001	54	0	10
2024.03.05	19:05:00	1.09001	1.09009	1.08997	1.09009	95	0	10
2024.03.05	19:06:00	1.09009	1.09026	1.09007	1.09020	25	0	9
2024.03.05	19:07:00	1.09020	1.09042	1.09016	1.09040	92	0	11
2024.03.05	19:08:00	1.09040	1.09041	1.09031	1.09039	176	0	8
2024.03.05	19:09:00	1.09039	1.09045	1.09032	1.09033	59	0	8
2024.03.05	19:10:00	1.09033	1.09053	1.09032	1.09047	174	0	10
2024.03.05	19:11:00	1.09047	1.09055	1.09045	1.09051	20	0	9
2024.03.05	19:12:00	1.09051	1.09067	1.09049	1.09061	98	0	12
2024.03.05	19:13:00	1.09061	1.09070	1.09052	1.09069	162	0	10
2024.03.05	19:14:00	1.09069	1.09092	1.09062	1.09083	55	0	10
2024.03.05	19:15:00	1.09083	1.09087	1.09074	1.09076	18	0	10
2024.03.05	19:16:00	1.09076	1.09081	1.09041	1.09051	95	0	10
2024.03.05	19:17:00	1.09051	1.09057	1.09048	1.09049	108	0	12
2024.03.05	19:18:00	1.09049	1.09054	1.09041	1.09050	16	0	8
2024.03.05	19:19:00	1.09050	1.09059	1.09044	1.09045	55	0	10
2024.03.05	19:20:00	1.09045	1.09063	1.09044	1.09058	62	0	10
2024.03.05	19:21:00	1.09058	1.09058	1.09055	1.09056	57	0	12
2024.03.05	19:22:00	1.09056	1.09073	1.09049	1.09070	123	0	8
2024.03.05	19:23:00	1.09070	1.09089	1.09057	1.09086	48	0	9
2024.03.05	19:24:00	1.09086	1.09101	1.09079	1.09100	26	0	10
2024.03.05	19:25:00	1.09100	1.09121	1.09096	1.09121	13	0	12
2024.03.05	19:26:00	1.09121	1.09143	1.09119	1.09135	43	0	12
2024.03.05	19:27:00	1.09135	1.09137	1.09128	1.09132	160	0	12
2024.03.05	19:28:00	1.09132	1.09138	1.09100	1.09111	9	0	12
2024.03.05	19:29:00	1.09111	1.09130	1.09104	1.09125	74	0	12
2024.03.05	19:30:00	1.09125	1.09131	1.09116	1.09127	64	0	11
2024.03.05	19:31:00	1.09127	1.09136	1.09122	1.09133	20	0	8
2024.03.05	19:32:00	1.09133	1.09139	1.09126	1.09137	26	0	12
2024.03.05	19:33:00	1.09137	1.09156	1.09137	1.09151	159	0	11
2024.03.05	19:34:00	1.09151	1.09179	1.09147	1.09168	150	0	8
2024.03.05	19:35:00	1.09168	1.09190	1.09165	1.09183	152	0	10
2024.03.05	19:36:00	1.09183	1.09191	1.09174	1.09187	57	0	11
2024.03.05	19:37:00	1.09187	1.09194	1.09173	1.09173	78	0	9
2024.03.05	19:38:00	1.09173	1.09188	1.09165	1.09180	99	0	12
2024.03.05	19:39:00	1.09180	1.09181	1.09179	1.09180	60	0	10
2024.03.05	19:40:00	1.09180	1.09182	1.09179	1.09180	17	0	9
2024.03.05	19:41:00	1.09180	1.09192	1.09163	1.09185	70	0	8
2024.03.05	19:42:00	1.09185	1.09199	1.09184	1.09192	91	0	11
2024.03.05	19:43:00	1.09192	1.09203	1.09189	1.09195	115	0	9
2024.03.05	19:44:00	1.09195	1.09200	1.09184	1.09197	154	0	12
2024.03.05	19:45:00	1.09197	1.09205	1.09181	1.09192	137	0	10
2024.03.05	19:46:00	1.09192	1.09199	1.09177	1.09188	166	0	11
2024.03.05	19:47:00	1.09188	1.09202	1.09186	1.09195	136	0	10
2024.03.05	19:48:00	1.09195	1.09197	1.09174	1.09183	108	0	11
2024.03.05	19:49:00	1.09183	1.09185	1.09170	1.09176	141	0	9
2024.03.05	19:50:00	1.09176	1.09192	1.09171	1.09180	15	0	10
2024.03.05	19:51:00	1.09180	1.09189	1.09173	1.09186	142	0	10
2024.03.05	19:52:00	1.09186	1.09195	1.09173	1.09190	59	0	11
2024.03.05	19:53:00	1.09190	1.09205	1.09183	1.09200	85	0	8
2024.03.05	19:54:00	1.09200	1.09223	1.09199	1.09216	164	0	9
2024.03.05	19:55:00	1.09216	1.09216	1.09196	1.09197	92	0	11
2024.03.05	19:56:00	1.09197	1.09214	1.09185	1.09188	12	0	10
2024.03.05	19:57:00	1.09188	1.09190	1.09182	1.09190	72	0	9
2024.03.05	19:58:00	1.09190	1.09201	1.09190	1.09199	92	0	8
2024.03.05	19:59:00	1.09199	1.09217	1.09190	1.09205	155	0	9
2024.03.05	20:00:00	1.09205	1.09205	1.09197	1.09201	60	0	12
2024.03.05	20:01:00	1.09201	1.09201	1.09193	1.09196	144	0	10
2024.03.05	20:02:00	1.09196	1.09204	1.09192	1.09193	41	0	9
2024.03.05	20:03:00	1.09193	1.09199	1.09184	1.09185	122	0	10
2024.03.05	20:04:00	1.09185	1.09201	1.09184	1.09196	175	0	12
2024.03.05	20:05:00	1.09196	1.09199	1.09194	1.09195	39	0	11
2024.03.05	20:06:00	1.09195	1.09209	1.09189	1.09206	150	0	10
2024.03.05	20:07:00	1.09206	1.09228	1.09206	1.09228	161	0	8
2024.03.05	20:08:00	1.09228	1.09232	1.09225	1.09227	172	0	10
2024.03.05	20:09:00	1.09227	1.09248	1.09220	1.09238	47	0	8
2024.03.05	20:10:00	1.09238	1.09251	1.09236	1.09246	73	0	9
2024.03.05	20:11:00	1.09246	1.09253	1.09229	1.09234	141	0	8
2024.03.05	20:12:00	1.09234	1.09249	1.09226	1.09227	97	0	10
2024.03.05	20:13:00	1.09227	1.09232	1.09194	1.09195	29	0	10
2024.03.05	20:14:00	1.09195	1.09205	1.09193	1.09195	71	0	9
2024.03.05	20:15:00	1.09195	1.09195	1.09183	1.09189	149	0	10
2024.03.05	20:16:00	1.09189	1.09213	1.09187	1.09200	38	0	8
2024.03.05	20:17:00	1.09200	1.09208	1.09188	1.09191	120	0	12
2024.03.05	20:18:00	1.09191	1.09222	1.09183	1.09216	23	0	12
2024.03.05	20:19:00	1.09216	1.09228	1.09211	1.09218	92	0	10
2024.03.05	20:20:00	1.09218	1.09239	1.09211	1.09232	40	0	11
2024.03.05	20:21:00	1.09232	1.09239	1.09226	1.09229	22	0	11
2024.03.05	20:22:00	1.09229	1.09254	1.09226	1.09249	96	0	10
2024.03.05	20:23:00	1.09249	1.09262	1.09248	1.09260	129	0	8
2024.03.05	20:24:00	1.09260	1.09262	1.09254	1.09261	123	0	8
2024.03.05	20:25:00	1.09261	1.09271	1.09249	1.09265	147	0	10
2024.03.05	20:26:00	1.09265	1.09281	1.09256	1.09280	107	0	8
2024.03.05	20:27:00	1.09280	1.09289	1.09267	1.09275	143	0	12
2024.03.05	20:28:00	1.09275	1.09281	1.09271	1.09277	71	0	9
2024.03.05	20:29:00	1.09277	1.09291	1.09277	1.09284	61	0	9
2024.03.05	20:30:00	1.09284	1.09291	1.09264	1.09279	147	0	9
2024.03.05	20:31:00	1.09279	1.09282	1.09275	1.09278	114	0	8
2024.03.05	20:32:00	1.09278	1.09288	1.09278	1.09279	115	0	9
2024.03.05	20:33:00	1.09279	1.09289	1.09277	1.09288	31	0	10
2024.03.05	20:34:00	1.09288	1.09306	1.09281	1.09306	165	0	12
2024.03.05	20:35:00	1.09306	1.09312	1.09300	1.09310	117	0	11
2024.03.05	20:36:00	1.09310	1.09312	1.09306	1.09308	61	0	10
2024.03.05	20:37:00	1.09308	1.09315	1.09306	1.09314	165	0	9
2024.03.05	20:38:00	1.09314	1.09325	1.09312	1.09318	157	0	10
2024.03.05	20:39:00	1.09318	1.09322	1.09304	1.09305	18	0	9
2024.03.05	20:40:00	1.09305	1.09310	1.09300	1.09301	54	0	11
2024.03.05	20:41:00	1.09301	1.09311	1.09297	1.09306	18	0	10
2024.03.05	20:42:00	1.09306	1.09310	1.09303	1.09306	161	0	10
2024.03.05	20:43:00	1.09306	1.09306	1.09297	1.09300	115	0	12
2024.03.05	20:44:00	1.09300	1.09304	1.09297	1.09298	145	0	11
2024.03.05	20:45:00	1.09298	1.09301	1.09296	1.09299	68	0	12
2024.03.05	20:46:00	1.09299	1.09309	1.09297	1.09308	98	0	10
2024.03.05	20:47:00	1.09308	1.09321	1.09307	1.09317	131	0	11
2024.03.05	20:48:00	1.09317	1.09320	1.09297	1.09311	164	0	10
2024.03.05	20:49:00	1.09311	1.09314	1.09306	1.09309	137	0	9
2024.03.05	20:50:00	1.09309	1.09327	1.09306	1.09323	121	0	12
2024.03.05	20:51:00	1.09323	1.09326	1.09293	1.09302	120	0	11
2024.03.05	20:52:00	1.09302	1.09303	1.09267	1.09280	102	0	12
2024.03.05	20:53:00	1.09280	1.09283	1.09249	1.09256	69	0	10
2024.03.05	20:54:00	1.09256	1.09257	1.09244	1.09247	9	0	10
2024.03.05	20:55:00	1.09247	1.09250	1.09227	1.09229	159	0	10
2024.03.05	20:56:00	1.09229	1.09236	1.09222	1.09231	165	0	8
2024.03.05	20:57:00	1.09231	1.09243	1.09229	1.09239	96	0	10
2024.03.05	20:58:00	1.09239	1.09252	1.09232	1.09241	148	0	9
2024.03.05	20:59:00	1.09241	1.09259	1.09224	1.09254	10	0	10
2024.03.05	21:00:00	1.09254	1.09262	1.09254	1.09260	56	0	8
2024.03.05	21:01:00	1.09260	1.09272	1.09254	1.09265	133	0	11
2024.03.05	21:02:00	1.09265	1.09273	1.09223	1.09231	17	0	11
2024.03.05	21:03:00	1.09231	1.09235	1.09190	1.09207	178	0	10
2024.03.05	21:04:00	1.09207	1.09217	1.09190	1.09196	84	0	8
2024.03.05	21:05:00	1.09196	1.09196	1.09195	1.09196	175	0	10
2024.03.05	21:06:00	1.09196	1.09214	1.09194	1.09212	14	0	9
2024.03.05	21:07:00	1.09212	1.09220	1.09209	1.09213	180	0	10
2024.03.05	21:08:00	1.09213	1.09222	1.09203	1.09209	109	0	11
2024.03.05	21:09:00	1.09209	1.09214	1.09191	1.09202	52	0	11
2024.03.05	21:10:00	1.09202	1.09212	1.09200	1.09211	38	0	11
2024.03.05	21:11:00	1.09211	1.09219	1.09192	1.09204	83	0	8
2024.03.05	21:12:00	1.09204	1.09217	1.09184	1.09194	98	0	9
2024.03.05	21:13:00	1.09194	1.09195	1.09190	1.09192	10	0	10
2024.03.05	21:14:00	1.09192	1.09204	1.09191	1.09202	122	0	11
2024.03.05	21:15:00	1.09202	1.09232	1.09202	1.09226	94	0	10
2024.03.05	21:16:00	1.09226	1.09241	1.09211	1.09239	150	0	8
2024.03.05	21:17:00	1.09239	1.09243	1.09227	1.09229	47	0	9
2024.03.05	21:18:00	1.09229	1.09238	1.09220	1.09236	148	0	8
2024.03.05	21:19:00	1.09236	1.09251	1.09220	1.09246	59	0	9
2024.03.05	21:20:00	1.09246	1.09265	1.09242	1.09254	149	0	9
2024.03.05	21:21:00	1.09254	1.09270	1.09250	1.09265	119	0	11
2024.03.05	21:22:00	1.09265	1.09270	1.09258	1.09268	156	0	8
2024.03.05	21:23:00	1.09268	1.09273	1.09256	1.09269	125	0	11
2024.03.05	21:24:00	1.09269	1.09288	1.09256	1.09281	179	0	11
2024.03.05	21:25:00	1.09281	1.09300	1.09278	1.09290	92	0	8
2024.03.05	21:26:00	1.09290	1.09293	1.09290	1.09290	97	0	11
2024.03.05	21:27:00	1.09290	1.09292	1.09284	1.09287	136	0	9
2024.03.05	21:28:00	1.09287	1.09288	1.09281	1.09286	59	0	9
2024.03.05	21:29:00	1.09286	1.09287	1.09271	1.09274	128	0	10
2024.03.05	21:30:00	1.09274	1.09277	1.09247	1.09257	93	0	9
2024.03.05	21:31:00	1.09257	1.09263	1.09221	1.09233	162	0	12
2024.03.05	21:32:00	1.09233	1.09240	1.09232	1.09238	41	0	8
2024.03.05	21:33:00	1.09238	1.09242	1.09228	1.09232	114	0	10
2024.03.05	21:34:00	1.09232	1.09244	1.09209	1.09216	113	0	10
2024.03.05	21:35:00	1.09216	1.09225	1.09212	1.09223	107	0	10
2024.03.05	21:36:00	1.09223	1.09228	1.09221	1.09222	8	0	10
2024.03.05	21:37:00	1.09222	1.09222	1.09208	1.09217	150	0	11
2024.03.05	21:38:00	1.09217	1.09222	1.09210	1.09212	114	0	8
2024.03.05	21:39:00	1.09212	1.09235	1.09207	1.09223	111	0	10
2024.03.05	21:40:00	1.09223	1.09235	1.09212	1.09230	135	0	10
2024.03.05	21:41:00	1.09230	1.09237	1.09210	1.09213	170	0	10
2024.03.05	21:42:00	1.09213	1.09221	1.09208	1.09218	175	0	10
2024.03.05	21:43:00	1.09218	1.09246	1.09215	1.09235	31	0	10
2024.03.05	21:44:00	1.09235	1.09242	1.09232	1.09240	77	0	12
2024.03.05	21:45:00	1.09240	1.09256	1.09235	1.09246	102	0	12
2024.03.05	21:46:00	1.09246	1.09259	1.09244	1.09255	65	0	11
2024.03.05	21:47:00	1.09255	1.09259	1.09238	1.09247	132	0	8
2024.03.05	21:48:00	1.09247	1.09254	1.09242	1.09250	151	0	9
2024.03.05	21:49:00	1.09250	1.09251	1.09227	1.09228	170	0	8
2024.03.05	21:50:00	1.09228	1.09245	1.09220	1.09241	137	0	10
2024.03.05	21:51:00	1.09241	1.09247	1.09234	1.09246	71	0	11
2024.03.05	21:52:00	1.09246	1.09252	1.09238	1.09243	140	0	12
2024.03.05	21:53:00	1.09243	1.09247	1.09228	1.09228	178	0	10
2024.03.05	21:54:00	1.09228	1.09253	1.09228	1.09251	124	0	11
2024.03.05	21:55:00	1.09251	1.09280	1.09245	1.09280	157	0	10
2024.03.05	21:56:00	1.09280	1.09291	1.09276	1.09288	133	0	9
2024.03.05	21:57:00	1.09288	1.09290	1.09273	1.09281	178	0	10
2024.03.05	21:58:00	1.09281	1.09281	1.09265	1.09265	12	0	10
2024.03.05	21:59:00	1.09265	1.09297	1.09264	1.09294	33	0	10
2024.03.05	23:00:00	1.09294	1.09300	1.09274	1.09284	154	0	10
2024.03.05	23:01:00	1.09284	1.09307	1.09281	1.09304	47	0	10
2024.03.05	23:02:00	1.09304	1.09305	1.09301	1.09303	107	0	10
2024.03.05	23:03:00	1.09303	1.09319	1.09300	1.09316	141	0	12
2024.03.05	23:04:00	1.09316	1.09321	1.09311	1.09312	101	0	10
2024.03.05	23:05:00	1.09312	1.09323	1.09308	1.09318	95	0	12
2024.03.05	23:06:00	1.09318	1.09322	1.09302	1.09318	88	0	10
2024.03.05	23:07:00	1.09318	1.09334	1.09316	1.09326	156	0	10
2024.03.05	23:08:00	1.09326	1.09346	1.09317	1.09340	55	0	11
2024.03.05	23:09:00	1.09340	1.09356	1.09337	1.09354	148	0	10
2024.03.05	23:10:00	1.09354	1.09365	1.09353	1.09356	27	0	8
2024.03.05	23:11:00	1.09356	1.09367	1.09344	1.09347	155	0	10
2024.03.05	23:12:00	1.09347	1.09361	1.09343	1.09355	51	0	9
2024.03.05	23:13:00	1.09355	1.09366	1.09354	1.09360	104	0	11
2024.03.05	23:14:00	1.09360	1.09370	1.09356	1.09365	90	0	12
2024.03.05	23:15:00	1.09365	1.09379	1.09361	1.09363	131	0	11
2024.03.05	23:16:00	1.09363	1.09364	1.09356	1.09361	37	0	9
2024.03.05	23:17:00	1.09361	1.09369	1.09359	1.09360	97	0	11
2024.03.05	23:18:00	1.09360	1.09368	1.09356	1.09358	142	0	10
2024.03.05	23:19:00	1.09358	1.09365	1.09353	1.09359	66	0	11
2024.03.05	23:20:00	1.09359	1.09367	1.09342	1.09348	66	0	11
2024.03.05	23:21:00	1.09348	1.09362	1.09343	1.09357	8	0	8
2024.03.05	23:22:00	1.09357	1.09386	1.09348	1.09369	127	0	11
2024.03.05	23:23:00	1.09369	1.09370	1.09353	1.09362	115	0	10
2024.03.05	23:24:00	1.09362	1.09365	1.09352	1.09359	108	0	9
2024.03.05	23:25:00	1.09359	1.09364	1.09342	1.09347	88	0	9
2024.03.05	23:26:00	1.09347	1.09360	1.09334	1.09356	80	0	11
2024.03.05	23:27:00	1.09356	1.09366	1.09355	1.09365	123	0	12
2024.03.05	23:28:00	1.09365	1.09373	1.09365	1.09370	171	0	11
2024.03.05	23:29:00	1.09370	1.09374	1.09352	1.09353	174	0	12
2024.03.05	23:30:00	1.09353	1.09373	1.09347	1.09366	146	0	9
2024.03.05	23:31:00	1.09366	1.09380	1.09359	1.09365	84	0	9
2024.03.05	23:32:00	1.09365	1.09370	1.09358	1.09360	33	0	8
2024.03.05	23:33:00	1.09360	1.09377	1.09357	1.09376	134	0	9
2024.03.05	23:34:00	1.09376	1.09377	1.09363	1.09366	74	0	10
2024.03.05	23:35:00	1.09366	1.09367	1.09353	1.09354	68	0	8
2024.03.05	23:36:00	1.09354	1.09386	1.09343	1.09383	161	0	8
2024.03.05	23:37:00	1.09383	1.09384	1.09372	1.09378	104	0	12
2024.03.05	23:38:00	1.09378	1.09383	1.09358	1.09368	102	0	10
2024.03.05	23:39:00	1.09368	1.09369	1.09354	1.09361	162	0	8
2024.03.05	23:40:00	1.09361	1.09370	1.09333	1.09333	49	0	8
2024.03.05	23:41:00	1.09333	1.09347	1.09328	1.09346	13	0	9
2024.03.05	23:42:00	1.09346	1.09351	1.09335	1.09336	40	0	9
2024.03.05	23:43:00	1.09336	1.09339	1.09327	1.09337	25	0	12
2024.03.05	23:44:00	1.09337	1.09339	1.09334	1.09336	97	0	10
2024.03.05	23:45:00	1.09336	1.09341	1.09331	1.09340	49	0	8
2024.03.05	23:46:00	1.09340	1.09351	1.09330	1.09332	176	0	12
2024.03.05	23:47:00	1.09332	1.09337	1.09326	1.09332	40	0	10
2024.03.05	23:48:00	1.09332	1.09334	1.09299	1.09307	125	0	12
2024.03.05	23:49:00	1.09307	1.09308	1.09300	1.09301	63	0	10
2024.03.05	23:50:00	1.09301	1.09305	1.09292	1.09303	26	0	12
2024.03.05	23:51:00	1.09303	1.09315	1.09298	1.09310	43	0	12
2024.03.05	23:52:00	1.09310	1.09318	1.09293	1.09293	142	0	9
2024.03.05	23:53:00	1.09293	1.09304	1.09293	1.09303	114	0	12
2024.03.05	23:54:00	1.09303	1.09305	1.09295	1.09299	116	0	11
2024.03.05	23:55:00	1.09299	1.09313	1.09268	1.09274	130	0	10
2024.03.05	23:56:00	1.09274	1.09280	1.09274	1.09276	176	0	10
2024.03.05	23:57:00	1.09276	1.09293	1.09271	1.09292	160	0	10
2024.03.05	23:58:00	1.09292	1.09298	1.09286	1.09297	21	0	10
2024.03.05	23:59:00	1.09297	1.09299	1.09283	1.09290	116	0	11
2024.03.06	00:00:00	1.09290	1.09301	1.09274	1.09284	123	0	11
2024.03.06	00:01:00	1.09284	1.09296	1.09278	1.09294	27	0	11
2024.03.06	00:02:00	1.09294	1.09307	1.09293	1.09302	103	0	9
2024.03.06	00:03:00	1.09302	1.09311	1.09293	1.09296	157	0	11
2024.03.06	00:04:00	1.09296	1.09323	1.09295	1.09320	160	0	10
2024.03.06	00:05:00	1.09320	1.09327	1.09317	1.09323	168	0	9
2024.03.06	00:06:00	1.09323	1.09332	1.09319	1.09329	171	0	12
2024.03.06	00:07:00	1.09329	1.09332	1.09312	1.09317	10	0	12
2024.03.06	00:08:00	1.09317	1.09323	1.09298	1.09307	176	0	9
2024.03.06	00:09:00	1.09307	1.09310	1.09282	1.09287	140	0	9
2024.03.06	00:10:00	1.09287	1.09287	1.09271	1.09278	74	0	11
2024.03.06	00:11:00	1.09278	1.09292	1.09277	1.09279	24	0	10
2024.03.06	00:12:00	1.09279	1.09281	1.09269	1.09272	143	0	9
2024.03.06	00:13:00	1.09272	1.09316	1.09266	1.09314	65	0	10
2024.03.06	00:14:00	1.09314	1.09317	1.09304	1.09314	100	0	9
2024.03.06	00:15:00	1.09314	1.09327	1.09301	1.09311	80	0	8
2024.03.06	00:16:00	1.09311	1.09318	1.09296	1.09298	119	0	10
2024.03.06	00:17:00	1.09298	1.09315	1.09298	1.09307	69	0	11
2024.03.06	00:18:00	1.09307	1.09316	1.09303	1.09313	164	0	12
2024.03.06	00:19:00	1.09313	1.09314	1.09297	1.09306	47	0	10
2024.03.06	00:20:00	1.09306	1.09314	1.09297	1.09298	19	0	10
2024.03.06	00:21:00	1.09298	1.09303	1.09288	1.09296	69	0	11
2024.03.06	00:22:00	1.09296	1.09311	1.09292	1.09300	130	0	12
2024.03.06	00:23:00	1.09300	1.09326	1.09296	1.09316	59	0	10
2024.03.06	00:24:00	1.09316	1.09319	1.09304	1.09311	88	0	11
2024.03.06	00:25:00	1.09311	1.09317	1.09304	1.09305	108	0	11
2024.03.06	00:26:00	1.09305	1.09307	1.09295	1.09305	91	0	10
2024.03.06	00:27:00	1.09305	1.09320	1.09302	1.09318	122	0	12
2024.03.06	00:28:00	1.09318	1.09324	1.09299	1.09303	88	0	10
2024.03.06	00:29:00	1.09303	1.09307	1.09299	1.09305	11	0	8
2024.03.06	00:30:00	1.09305	1.09312	1.09292	1.09308	157	0	11
2024.03.06	00:31:00	1.09308	1.09335	1.09305	1.09327	60	0	10
2024.03.06	00:32:00	1.09327	1.09359	1.09316	1.09345	59	0	8
2024.03.06	00:33:00	1.09345	1.09352	1.09338	1.09347	69	0	12
2024.03.06	00:34:00	1.09347	1.09356	1.09343	1.09352	17	0	11
2024.03.06	00:35:00	1.09352	1.09364	1.09349	1.09363	104	0	8
2024.03.06	00:36:00	1.09363	1.09368	1.09358	1.09366	100	0	12
2024.03.06	00:37:00	1.09366	1.09370	1.09358	1.09364	93	0	11
2024.03.06	00:38:00	1.09364	1.09365	1.09343	1.09349	86	0	10
2024.03.06	00:39:00	1.09349	1.09359	1.09347	1.09355	135	0	12
2024.03.06	00:40:00	1.09355	1.09367	1.09346	1.09357	84	0	11
2024.03.06	00:41:00	1.09357	1.09363	1.09344	1.09346	92	0	10
2024.03.06	00:42:00	1.09346	1.09362	1.09345	1.09358	141	0	10
2024.03.06	00:43:00	1.09358	1.09372	1.09334	1.09339	154	0	8
2024.03.06	00:44:00	1.09339	1.09346	1.09338	1.09346	90	0	9
2024.03.06	00:45:00	1.09346	1.09352	1.09325	1.09331	52	0	8
2024.03.06	00:46:00	1.09331	1.09370	1.09328	1.09359	132	0	8
2024.03.06	00:47:00	1.09359	1.09375	1.09356	1.09373	76	0	8
2024.03.06	00:48:00	1.09373	1.09398	1.09366	1.09394	135	0	8
2024.03.06	00:49:00	1.09394	1.09395	1.09383	1.09390	94	0	10
2024.03.06	00:50:00	1.09390	1.09409	1.09375	1.09406	59	0	12
2024.03.06	00:51:00	1.09406	1.09416	1.09403	1.09415	70	0	10
2024.03.06	00:52:00	1.09415	1.09434	1.09410	1.09431	148	0	12
2024.03.06	00:53:00	1.09431	1.09433	1.09421	1.09426	110	0	11
2024.03.06	00:54:00	1.09426	1.09446	1.09417	1.09436	104	0	9
2024.03.06	00:55:00	1.09436	1.09443	1.09426	1.09432	11	0	10
2024.03.06	00:56:00	1.09432	1.09437	1.09430	1.09435	143	0	11
2024.03.06	00:57:00	1.09435	1.09438	1.09414	1.09428	119	0	9
2024.03.06	00:58:00	1.09428	1.09432	1.09422	1.09430	137	0	8
2024.03.06	00:59:00	1.09430	1.09431	1.09423	1.09425	28	0	9
2024.03.06	01:00:00	1.09425	1.09426	1.09414	1.09416	149	0	10
2024.03.06	01:01:00	1.09416	1.09420	1.09405	1.09411	41	0	9
2024.03.06	01:02:00	1.09411	1.09414	1.09392	1.09399	102	0	12
2024.03.06	01:03:00	1.09399	1.09404	1.09389	1.09400	66	0	10
2024.03.06	01:04:00	1.09400	1.09416	1.09398	1.09416	111	0	12
2024.03.06	01:05:00	1.09416	1.09417	1.09399	1.09408	95	0	10
2024.03.06	01:06:00	1.09408	1.09415	1.09367	1.09374	50	0	8
2024.03.06	01:07:00	1.09374	1.09379	1.09353	1.09361	33	0	11
2024.03.06	01:08:00	1.09361	1.09367	1.09359	1.09366	98	0	12
2024.03.06	01:09:00	1.09366	1.09389	1.09363	1.09386	46	0	10
2024.03.06	01:10:00	1.09386	1.09394	1.09385	1.09388	139	0	12
2024.03.06	01:11:00	1.09388	1.09417	1.09385	1.09408	98	0	10
2024.03.06	01:12:00	1.09408	1.09414	1.09382	1.09389	91	0	8
2024.03.06	01:13:00	1.09389	1.09420	1.09378	1.09415	108	0	11
2024.03.06	01:14:00	1.09415	1.09415	1.09412	1.09413	46	0	10
2024.03.06	01:15:00	1.09413	1.09424	1.09401	1.09402	61	0	10
2024.03.06	01:16:00	1.09402	1.09414	1.09394	1.09409	72	0	10
2024.03.06	01:17:00	1.09409	1.09434	1.09400	1.09427	171	0	8
2024.03.06	01:18:00	1.09427	1.09430	1.09423	1.09430	83	0	10
2024.03.06	01:19:00	1.09430	1.09438	1.09422	1.09434	12	0	11
2024.03.06	01:20:00	1.09434	1.09443	1.09433	1.09436	62	0	12
2024.03.06	01:21:00	1.09436	1.09441	1.09433	1.09437	61	0	11
2024.03.06	01:22:00	1.09437	1.09469	1.09427	1.09463	153	0	9
2024.03.06	01:23:00	1.09463	1.09470	1.09461	1.09462	128	0	10
2024.03.06	01:24:00	1.09462	1.09464	1.09449	1.09455	71	0	8
2024.03.06	01:25:00	1.09455	1.09457	1.09450	1.09452	144	0	10
2024.03.06	01:26:00	1.09452	1.09467	1.09448	1.09462	127	0	9
2024.03.06	01:27:00	1.09462	1.09470	1.09434	1.09446	157	0	10
2024.03.06	01:28:00	1.09446	1.09452	1.09443	1.09445	156	0	10
2024.03.06	01:29:00	1.09445	1.09452	1.09439	1.09445	17	0	12
2024.03.06	01:30:00	1.09445	1.09449	1.09434	1.09442	85	0	9
2024.03.06	01:31:00	1.09442	1.09447	1.09441	1.09444	170	0	12
2024.03.06	01:32:00	1.09444	1.09458	1.09442	1.09455	104	0	11
2024.03.06	01:33:00	1.09455	1.09475	1.09452	1.09468	147	0	12
2024.03.06	01:34:00	1.09468	1.09478	1.09467	1.09471	35	0	11
2024.03.06	01:35:00	1.09471	1.09474	1.09466	1.09467	77	0	10
2024.03.06	01:36:00	1.09467	1.09468	1.09449	1.09452	59	0	9
2024.03.06	01:37:00	1.09452	1.09456	1.09442	1.09453	30	0	10
2024.03.06	01:38:00	1.09453	1.09486	1.09448	1.09471	158	0	10
2024.03.06	01:39:00	1.09471	1.09497	1.09464	1.09490	32	0	11
2024.03.06	01:40:00	1.09490	1.09492	1.09484	1.09489	126	0	11
2024.03.06	01:41:00	1.09489	1.09491	1.09480	1.09485	22	0	8
2024.03.06	01:42:00	1.09485	1.09500	1.09475	1.09488	109	0	9
2024.03.06	01:43:00	1.09488	1.09488	1.09476	1.09482	137	0	10
2024.03.06	01:44:00	1.09482	1.09491	1.09474	1.09487	55	0	12
2024.03.06	01:45:00	1.09487	1.09490	1.09481	1.09484	26	0	9
2024.03.06	01:46:00	1.09484	1.09486	1.09475	1.09481	25	0	12
2024.03.06	01:47:00	1.09481	1.09495	1.09478	1.09495	23	0	12
2024.03.06	01:48:00	1.09495	1.09497	1.09493	1.09497	11	0	10
2024.03.06	01:49:00	1.09497	1.09498	1.09469	1.09471	112	0	8
2024.03.06	01:50:00	1.09471	1.09475	1.09467	1.09468	169	0	10
2024.03.06	01:51:00	1.09468	1.09473	1.09456	1.09463	41	0	9
2024.03.06	01:52:00	1.09463	1.09470	1.09457	1.09460	13	0	11
2024.03.06	01:53:00	1.09460	1.09464	1.09450	1.09460	118	0	11
2024.03.06	01:54:00	1.09460	1.09473	1.09456	1.09472	147	0	10
2024.03.06	01:55:00	1.09472	1.09481	1.09461	1.09466	69	0	8
2024.03.06	01:56:00	1.09466	1.09471	1.09452	1.09454	125	0	10
2024.03.06	01:57:00	1.09454	1.09474	1.09451	1.09457	11	0	12
2024.03.06	01:58:00	1.09457	1.09465	1.09444	1.09463	159	0	12
2024.03.06	01:59:00	1.09463	1.09465	1.09443	1.09452	60	0	11
2024.03.06	02:00:00	1.09452	1.09460	1.09442	1.09454	159	0	10
2024.03.06	02:01:00	1.09454	1.09458	1.09437	1.09439	157	0	8
2024.03.06	02:02:00	1.09439	1.09440	1.09425	1.09434	149	0	9
2024.03.06	02:03:00	1.09434	1.09448	1.09433	1.09447	111	0	10
2024.03.06	02:04:00	1.09447	1.09450	1.09426	1.09434	63	0	10
2024.03.06	02:05:00	1.09434	1.09454	1.09432	1.09450	135	0	9
2024.03.06	02:06:00	1.09450	1.09455	1.09439	1.09442	165	0	10
2024.03.06	02:07:00	1.09442	1.09458	1.09434	1.09439	170	0	10
2024.03.06	02:08:00	1.09439	1.09443	1.09409	1.09415	117	0	8
2024.03.06	02:09:00	1.09415	1.09418	1.09402	1.09403	65	0	10
2024.03.06	02:10:00	1.09403	1.09406	1.09399	1.09404	127	0	10
2024.03.06	02:11:00	1.09404	1.09423	1.09399	1.09419	158	0	9
2024.03.06	02:12:00	1.09419	1.09432	1.09411	1.09431	95	0	10
2024.03.06	02:13:00	1.09431	1.09443	1.09417	1.09428	127	0	10
2024.03.06	02:14:00	1.09428	1.09434	1.09406	1.09409	179	0	9
2024.03.06	02:15:00	1.09409	1.09411	1.09397	1.09402	100	0	11
2024.03.06	02:16:00	1.09402	1.09418	1.09400	1.09414	111	0	9
2024.03.06	02:17:00	1.09414	1.09426	1.09407	1.09409	122	0	10
2024.03.06	02:18:00	1.09409	1.09418	1.09404	1.09408	25	0	9
2024.03.06	02:19:00	1.09408	1.09412	1.09397	1.09404	117	0	11
2024.03.06	02:20:00	1.09404	1.09405	1.09390	1.09401	117	0	12
2024.03.06	02:21:00	1.09401	1.09406	1.09400	1.09404	128	0	10
2024.03.06	02:22:00	1.09404	1.09411	1.09388	1.09402	139	0	10
2024.03.06	02:23:00	1.09402	1.09409	1.09376	1.09382	136	0	12
2024.03.06	02:24:00	1.09382	1.09390	1.09379	1.09389	41	0	9
2024.03.06	02:25:00	1.09389	1.09412	1.09383	1.09406	31	0	10
2024.03.06	02:26:00	1.09406	1.09413	1.09398	1.09410	149	0	9
2024.03.06	02:27:00	1.09410	1.09415	1.09401	1.09404	68	0	12
2024.03.06	02:28:00	1.09404	1.09408	1.09392	1.09407	72	0	10
2024.03.06	02:29:00	1.09407	1.09417	1.09385	1.09390	175	0	8
2024.03.06	02:30:00	1.09390	1.09395	1.09370	1.09379	14	0	10
2024.03.06	02:31:00	1.09379	1.09386	1.09365	1.09367	160	0	8
2024.03.06	02:32:00	1.09367	1.09371	1.09340	1.09342	165	0	10
2024.03.06	02:33:00	1.09342	1.09343	1.09328	1.09330	132	0	8
2024.03.06	02:34:00	1.09330	1.09341	1.09321	1.09340	58	0	9
2024.03.06	02:35:00	1.09340	1.09350	1.09308	1.09313	161	0	9
2024.03.06	02:36:00	1.09313	1.09326	1.09313	1.09322	48	0	12
2024.03.06	02:37:00	1.09322	1.09324	1.09305	1.09322	139	0	9
2024.03.06	02:38:00	1.09322	1.09330	1.09312	1.09330	179	0	9
2024.03.06	02:39:00	1.09330	1.09346	1.09313	1.09340	133	0	12
2024.03.06	02:40:00	1.09340	1.09349	1.09337	1.09344	88	0	10
2024.03.06	02:41:00	1.09344	1.09348	1.09323	1.09326	20	0	10
2024.03.06	02:42:00	1.09326	1.09329	1.09311	1.09321	179	0	10
2024.03.06	02:43:00	1.09321	1.09324	1.09299	1.09304	150	0	8
2024.03.06	02:44:00	1.09304	1.09307	1.09295	1.09303	123	0	12
2024.03.06	02:45:00	1.09303	1.09313	1.09299	1.09301	10	0	9
2024.03.06	02:46:00	1.09301	1.09306	1.09281	1.09293	20	0	12
2024.03.06	02:47:00	1.09293	1.09312	1.09292	1.09311	22	0	11
2024.03.06	02:48:00	1.09311	1.09324	1.09310	1.09317	173	0	10
2024.03.06	02:49:00	1.09317	1.09332	1.09313	1.09328	156	0	11
2024.03.06	02:50:00	1.09328	1.09358	1.09318	1.09349	96	0	11
2024.03.06	02:51:00	1.09349	1.09355	1.09347	1.09350	14	0	10
2024.03.06	02:52:00	1.09350	1.09355	1.09342	1.09346	120	0	12
2024.03.06	02:53:00	1.09346	1.09352	1.09327	1.09330	57	0	11
2024.03.06	02:54:00	1.09330	1.09336	1.09318	1.09321	118	0	12
2024.03.06	02:55:00	1.09321	1.09329	1.09317	1.09323	109	0	10
2024.03.06	02:56:00	1.09323	1.09333	1.09317	1.09317	160	0	9
2024.03.06	02:57:00	1.09317	1.09325	1.09313	1.09313	67	0	12
2024.03.06	02:58:00	1.09313	1.09320	1.09313	1.09315	73	0	9
2024.03.06	02:59:00	1.09315	1.09333	1.09315	1.09322	18	0	10
2024.03.06	03:00:00	1.09322	1.09333	1.09322	1.09324	42	0	10
2024.03.06	03:01:00	1.09324	1.09331	1.09323	1.09325	56	0	10
2024.03.06	03:02:00	1.09325	1.09351	1.09321	1.09345	22	0	10
2024.03.06	03:03:00	1.09345	1.09345	1.09331	1.09334	37	0	10
2024.03.06	03:04:00	1.09334	1.09345	1.09329	1.09341	105	0	9
2024.03.06	03:05:00	1.09341	1.09345	1.09340	1.09344	176	0	8
2024.03.06	03:06:00	1.09344	1.09349	1.09323	1.09328	44	0	8
2024.03.06	03:07:00	1.09328	1.09350	1.09319	1.09338	155	0	10
2024.03.06	03:08:00	1.09338	1.09341	1.09324	1.09333	172	0	9
2024.03.06	03:09:00	1.09333	1.09339	1.09327	1.09337	86	0	8
2024.03.06	03:10:00	1.09337	1.09347	1.09320	1.09323	144	0	11
2024.03.06	03:11:00	1.09323	1.09326	1.09320	1.09321	174	0	9
2024.03.06	03:12:00	1.09321	1.09333	1.09319	1.09331	138	0	11
2024.03.06	03:13:00	1.09331	1.09350	1.09325	1.09343	21	0	10
2024.03.06	03:14:00	1.09343	1.09351	1.09338	1.09343	139	0	12
2024.03.06	03:15:00	1.09343	1.09352	1.09337	1.09345	31	0	12
2024.03.06	03:16:00	1.09345	1.09359	1.09336	1.09356	59	0	8
2024.03.06	03:17:00	1.09356	1.09360	1.09344	1.09351	132	0	10
2024.03.06	03:18:00	1.09351	1.09359	1.09343	1.09344	103	0	12
2024.03.06	03:19:00	1.09344	1.09356	1.09336	1.09353	79	0	11
2024.03.06	03:20:00	1.09353	1.09373	1.09346	1.09357	56	0	8
2024.03.06	03:21:00	1.09357	1.09366	1.09346	1.09347	111	0	12
2024.03.06	03:22:00	1.09347	1.09348	1.09336	1.09340	136	0	9
2024.03.06	03:23:00	1.09340	1.09351	1.09331	1.09349	129	0	8
2024.03.06	03:24:00	1.09349	1.09352	1.09338	1.09351	89	0	10
2024.03.06	03:25:00	1.09351	1.09359	1.09348	1.09359	9	0	8
2024.03.06	03:26:00	1.09359	1.09360	1.09352	1.09352	150	0	10
2024.03.06	03:27:00	1.09352	1.09355	1.09329	1.09337	87	0	10
2024.03.06	03:28:00	1.09337	1.09339	1.09324	1.09325	178	0	9
2024.03.06	03:29:00	1.09325	1.09342	1.09320	1.09335	78	0	10
2024.03.06	03:30:00	1.09335	1.09341	1.09325	1.09330	11	0	8
2024.03.06	03:31:00	1.09330	1.09340	1.09327	1.09329	56	0	10
2024.03.06	03:32:00	1.09329	1.09333	1.09323	1.09326	132	0	12
2024.03.06	03:33:00	1.09326	1.09328	1.09300	1.09304	89	0	8
2024.03.06	03:34:00	1.09304	1.09309	1.09293	1.09295	161	0	9
2024.03.06	03:35:00	1.09295	1.09322	1.09294	1.09315	162	0	10
2024.03.06	03:36:00	1.09315	1.09317	1.09305	1.09314	165	0	10
2024.03.06	03:37:00	1.09314	1.09323	1.09301	1.09310	65	0	11
2024.03.06	03:38:00	1.09310	1.09326	1.09296	1.09300	87	0	11
2024.03.06	03:39:00	1.09300	1.09309	1.09298	1.09303	23	0	10
2024.03.06	03:40:00	1.09303	1.09314	1.09302	1.09310	48	0	11
2024.03.06	03:41:00	1.09310	1.09314	1.09295	1.09303	25	0	11
2024.03.06	03:42:00	1.09303	1.09309	1.09293	1.09296	54	0	12
2024.03.06	03:43:00	1.09296	1.09309	1.09291	1.09306	47	0	12
2024.03.06	03:44:00	1.09306	1.09310	1.09286	1.09290	69	0	10
2024.03.06	03:45:00	1.09290	1.09290	1.09269	1.09285	90	0	11
2024.03.06	03:46:00	1.09285	1.09291	1.09280	1.09281	120	0	9
2024.03.06	03:47:00	1.09281	1.09295	1.09260	1.09268	16	0	12
2024.03.06	03:48:00	1.09268	1.09271	1.09263	1.09265	148	0	8
2024.03.06	03:49:00	1.09265	1.09277	1.09251	1.09274	66	0	10
2024.03.06	03:50:00	1.09274	1.09300	1.09263	1.09294	134	0	9
2024.03.06	03:51:00	1.09294	1.09307	1.09264	1.09280	123	0	8
2024.03.06	03:52:00	1.09280	1.09292	1.09272	1.09275	117	0	10
2024.03.06	03:53:00	1.09275	1.09284	1.09262	1.09270	18	0	12
2024.03.06	03:54:00	1.09270	1.09278	1.09262	1.09264	87	0	10
2024.03.06	03:55:00	1.09264	1.09264	1.09264	1.09264	127	0	8
2024.03.06	03:56:00	1.09264	1.09273	1.09248	1.09257	81	0	10
2024.03.06	03:57:00	1.09257	1.09273	1.09252	1.09265	73	0	9
2024.03.06	03:58:00	1.09265	1.09271	1.09245	1.09252	157	0	10
2024.03.06	03:59:00	1.09252	1.09271	1.09251	1.09265	41	0	10
2024.03.06	04:00:00	1.09265	1.09268	1.09254	1.09261	16	0	11
2024.03.06	04:01:00	1.09261	1.09264	1.09257	1.09263	102	0	8
2024.03.06	04:02:00	1.09263	1.11443	1.09257	1.11443	152	0	8
2024.03.06	04:03:00	1.09258	1.09267	1.09256	1.09267	160	0	10
2024.03.06	04:04:00	1.09267	1.09282	1.09267	1.09281	119	0	10
2024.03.06	04:05:00	1.09281	1.09284	1.09273	1.09274	59	0	10
2024.03.06	04:06:00	1.09274	1.09276	1.09266	1.09268	10	0	8
2024.03.06	04:07:00	1.09268	1.09278	1.09267	1.09275	102	0	8
2024.03.06	04:08:00	1.09275	1.09283	1.09274	1.09281	125	0	10
2024.03.06	04:09:00	1.09281	1.09284	1.09269	1.09277	169	0	9
2024.03.06	04:10:00	1.09277	1.09284	1.09255	1.09262	43	0	11
2024.03.06	04:11:00	1.09262	1.09284	1.09262	1.09278	19	0	9
2024.03.06	04:12:00	1.09278	1.09286	1.09260	1.09262	71	0	8
2024.03.06	04:13:00	1.09262	1.09265	1.09256	1.09264	89	0	9
2024.03.06	04:14:00	1.09264	1.09272	1.09252	1.09255	178	0	9
2024.03.06	04:15:00	1.09255	1.09261	1.09247	1.09257	27	0	12
2024.03.06	04:16:00	1.09257	1.09261	1.09247	1.09253	127	0	8
2024.03.06	04:17:00	1.09253	1.09255	1.09219	1.09233	173	0	11
2024.03.06	04:18:00	1.09233	1.09242	1.09228	1.09237	145	0	8
2024.03.06	04:19:00	1.09237	1.09259	1.09232	1.09250	178	0	10
2024.03.06	04:20:00	1.09250	1.09252	1.09234	1.09240	133	0	11
2024.03.06	04:21:00	1.09240	1.09248	1.09215	1.09232	103	0	10
2024.03.06	04:22:00	1.09232	1.09234	1.09224	1.09226	83	0	9
2024.03.06	04:23:00	1.09226	1.09244	1.09222	1.09241	170	0	8
2024.03.06	04:24:00	1.09241	1.09256	1.09238	1.09240	40	0	12
2024.03.06	04:25:00	1.09240	1.09249	1.09239	1.09243	53	0	10
2024.03.06	04:26:00	1.09243	1.09255	1.09242	1.09248	172	0	9
2024.03.06	04:27:00	1.09248	1.09277	1.09242	1.09276	25	0	11
2024.03.06	04:28:00	1.09276	1.09291	1.09275	1.09283	123	0	12
2024.03.06	04:29:00	1.09283	1.09290	1.09259	1.09265	36	0	10
2024.03.06	04:30:00	1.09265	1.09269	1.09252	1.09269	135	0	10
2024.03.06	04:31:00	1.09269	1.09275	1.09267	1.09271	74	0	8
2024.03.06	04:32:00	1.09271	1.09285	1.09269	1.09281	110	0	11
2024.03.06	04:33:00	1.09281	1.09284	1.09260	1.09262	44	0	9
2024.03.06	04:34:00	1.09262	1.09266	1.09257	1.09265	102	0	9
2024.03.06	04:35:00	1.09265	1.09273	1.09263	1.09268	65	0	10
2024.03.06	04:36:00	1.09268	1.09272	1.09242	1.09245	149	0	11
2024.03.06	04:37:00	1.09245	1.09251	1.09240	1.09248	26	0	8
2024.03.06	04:38:00	1.09248	1.09253	1.09245	1.09251	119	0	11
2024.03.06	04:39:00	1.09251	1.09259	1.09239	1.09245	112	0	9
2024.03.06	04:40:00	1.09245	1.09256	1.09237	1.09255	93	0	8
2024.03.06	04:41:00	1.09255	1.09255	1.09243	1.09248	115	0	8
2024.03.06	04:42:00	1.09248	1.09251	1.09237	1.09240	102	0	11
2024.03.06	04:43:00	1.09240	1.09241	1.09210	1.09215	84	0	8
2024.03.06	04:44:00	1.09215	1.09216	1.09207	1.09216	81	0	10
2024.03.06	04:45:00	1.09216	1.09228	1.09205	1.09212	16	0	9
2024.03.06	04:46:00	1.09212	1.09220	1.09199	1.09207	160	0	10
2024.03.06	04:47:00	1.09207	1.09216	1.09205	1.09213	110	0	12
2024.03.06	04:48:00	1.09213	1.09219	1.09204	1.09208	87	0	8
2024.03.06	04:49:00	1.09208	1.09210	1.09199	1.09204	92	0	9
2024.03.06	04:50:00	1.09204	1.09214	1.09202	1.09210	37	0	10
2024.03.06	04:51:00	1.09210	1.09214	1.09196	1.09198	59	0	8
2024.03.06	04:52:00	1.09198	1.09227	1.09187	1.09226	179	0	10
2024.03.06	04:53:00	1.09226	1.09231	1.09223	1.09230	156	0	9
2024.03.06	04:54:00	1.09230	1.09255	1.09228	1.09250	142	0	10
2024.03.06	04:55:00	1.09250	1.09251	1.09233	1.09235	89	0	8
2024.03.06	04:56:00	1.09235	1.09242	1.09222	1.09242	141	0	10
2024.03.06	04:57:00	1.09242	1.09264	1.09237	1.09261	11	0	8
2024.03.06	04:58:00	1.09261	1.09282	1.09257	1.09279	119	0	12
2024.03.06	04:59:00	1.09279	1.09285	1.09277	1.09281	9	0	9
2024.03.06	05:00:00	1.09281	1.09290	1.09266	1.09275	106	0	11
2024.03.06	05:01:00	1.09275	1.09302	1.09259	1.09296	97	0	12
2024.03.06	05:02:00	1.09296	1.09302	1.09264	1.09265	142	0	11
2024.03.06	05:03:00	1.09265	1.09265	1.09254	1.09255	139	0	8
2024.03.06	05:04:00	1.09255	1.09271	1.09247	1.09270	89	0	9
2024.03.06	05:05:00	1.09270	1.09301	1.09269	1.09296	10	0	10
2024.03.06	05:06:00	1.09296	1.09305	1.09278	1.09278	21	0	10
2024.03.06	05:07:00	1.09278	1.09307	1.09274	1.09306	30	0	9
2024.03.06	05:08:00	1.09306	1.09332	1.09304	1.09322	83	0	11
2024.03.06	05:09:00	1.09322	1.09335	1.09315	1.09326	113	0	12
2024.03.06	05:10:00	1.09326	1.09332	1.09313	1.09323	51	0	9
2024.03.06	05:11:00	1.09323	1.09325	1.09307	1.09313	43	0	10
2024.03.06	05:12:00	1.09313	1.09315	1.09282	1.09294	144	0	12
2024.03.06	05:13:00	1.09294	1.09296	1.09271	1.09280	175	0	8
2024.03.06	05:14:00	1.09280	1.09298	1.09247	1.09259	30	0	8
2024.03.06	05:15:00	1.09259	1.09262	1.09251	1.09253	164	0	11
2024.03.06	05:16:00	1.09253	1.09259	1.09245	1.09250	102	0	10
2024.03.06	05:17:00	1.09250	1.09262	1.09244	1.09261	148	0	12
2024.03.06	05:18:00	1.09261	1.09266	1.09251	1.09262	130	0	8
2024.03.06	05:19:00	1.09262	1.09268	1.09252	1.09254	28	0	11
2024.03.06	05:20:00	1.09254	1.09261	1.09239	1.09252	55	0	12
2024.03.06	05:21:00	1.09252	1.09254	1.09247	1.09250	77	0	10
2024.03.06	05:22:00	1.09250	1.09252	1.09240	1.09245	139	0	11
2024.03.06	05:23:00	1.09245	1.09250	1.09227	1.09231	28	0	8
2024.03.06	05:24:00	1.09231	1.09237	1.09203	1.09209	115	0	8
2024.03.06	05:25:00	1.09209	1.09214	1.09202	1.09214	104	0	10
2024.03.06	05:26:00	1.09214	1.09223	1.09202	1.09211	179	0	11
2024.03.06	05:27:00	1.09211	1.09229	1.09206	1.09227	8	0	8
2024.03.06	05:28:00	1.09227	1.09234	1.09208	1.09214	113	0	11
2024.03.06	05:29:00	1.09214	1.09220	1.09205	1.09211	13	0	8
2024.03.06	05:30:00	1.09211	1.09244	1.09210	1.09236	88	0	9
2024.03.06	05:31:00	1.09236	1.09238	1.09235	1.09236	147	0	11
2024.03.06	05:32:00	1.09236	1.09242	1.09218	1.09218	128	0	10
2024.03.06	05:33:00	1.09218	1.09218	1.09193	1.09200	11	0	10
2024.03.06	05:34:00	1.09200	1.09204	1.09197	1.09198	175	0	8
2024.03.06	05:35:00	1.09198	1.09212	1.09184	1.09210	28	0	10
2024.03.06	05:36:00	1.09210	1.09220	1.09204	1.09214	81	0	10
2024.03.06	05:37:00	1.09214	1.09216	1.09209	1.09210	111	0	12
2024.03.06	05:38:00	1.09210	1.09216	1.09186	1.09188	177	0	12
2024.03.06	05:39:00	1.09188	1.09193	1.09178	1.09184	53	0	8
2024.03.06	05:40:00	1.09184	1.09197	1.09170	1.09196	159	0	10
2024.03.06	05:41:00	1.09196	1.09203	1.09193	1.09198	126	0	12
2024.03.06	05:42:00	1.09198	1.09205	1.09190	1.09195	106	0	11
2024.03.06	05:43:00	1.09195	1.09196	1.09178	1.09180	85	0	9
2024.03.06	05:44:00	1.09180	1.09180	1.09170	1.09172	70	0	8
2024.03.06	05:45:00	1.09172	1.09204	1.09166	1.09193	65	0	9
2024.03.06	05:46:00	1.09193	1.09198	1.09188	1.09197	71	0	8
2024.03.06	05:47:00	1.09197	1.09204	1.09192	1.09197	180	0	11
2024.03.06	05:48:00	1.09197	1.09199	1.09190	1.09191	178	0	9
2024.03.06	05:49:00	1.09191	1.09222	1.09172	1.09220	165	0	10
2024.03.06	05:50:00	1.09220	1.09226	1.09205	1.09206	91	0	10
2024.03.06	05:51:00	1.09206	1.09213	1.09205	1.09213	67	0	12
2024.03.06	05:52:00	1.09213	1.09215	1.09208	1.09213	8	0	10
2024.03.06	05:53:00	1.09213	1.09214	1.09203	1.09213	146	0	11
2024.03.06	05:54:00	1.09213	1.09223	1.09208	1.09221	65	0	11
2024.03.06	05:55:00	1.09221	1.09224	1.09195	1.09202	109	0	11
2024.03.06	05:56:00	1.09202	1.09211	1.09191	1.09193	75	0	8
2024.03.06	05:57:00	1.09193	1.09197	1.09182	1.09182	96	0	10
2024.03.06	05:58:00	1.09182	1.09183	1.09176	1.09178	91	0	11
2024.03.06	05:59:00	1.09178	1.09188	1.09172	1.09188	62	0	10
2024.03.06	06:00:00	1.09188	1.09193	1.09167	1.09179	177	0	11
2024.03.06	06:01:00	1.09179	1.09194	1.09177	1.09191	31	0	10
2024.03.06	06:02:00	1.09191	1.09194	1.09188	1.09192	48	0	9
2024.03.06	06:03:00	1.09192	1.09199	1.09182	1.09183	47	0	10
2024.03.06	06:04:00	1.09183	1.09191	1.09182	1.09185	103	0	8
2024.03.06	06:05:00	1.09185	1.09186	1.09174	1.09174	90	0	10
2024.03.06	06:06:00	1.09174	1.09182	1.09169	1.09175	87	0	12
2024.03.06	06:07:00	1.09175	1.09184	1.09170	1.09179	119	0	12
2024.03.06	06:08:00	1.09179	1.09181	1.09169	1.09170	173	0	12
2024.03.06	06:09:00	1.09170	1.09178	1.09169	1.09172	165	0	9
2024.03.06	06:10:00	1.09172	1.09174	1.09155	1.09158	143	0	9
2024.03.06	06:11:00	1.09158	1.09163	1.09151	1.09162	146	0	9
2024.03.06	06:12:00	1.09162	1.09179	1.09154	1.09174	85	0	12
2024.03.06	06:13:00	1.09174	1.09181	1.09163	1.09171	121	0	11
2024.03.06	06:14:00	1.09171	1.09186	1.09169	1.09178	46	0	10
2024.03.06	06:15:00	1.09178	1.09203	1.09170	1.09190	161	0	9
2024.03.06	06:16:00	1.09190	1.09191	1.09168	1.09173	80	0	10
2024.03.06	06:17:00	1.09173	1.09175	1.09152	1.09160	94	0	9
2024.03.06	06:18:00	1.09160	1.09160	1.09148	1.09150	135	0	10
2024.03.06	06:19:00	1.09150	1.09153	1.09133	1.09148	31	0	9
2024.03.06	06:20:00	1.09148	1.09152	1.09133	1.09138	66	0	9
2024.03.06	06:21:00	1.09138	1.09171	1.09126	1.09164	15	0	8
2024.03.06	06:22:00	1.09164	1.09170	1.09147	1.09150	26	0	12
2024.03.06	06:23:00	1.09150	1.09154	1.09143	1.09154	145	0	9
2024.03.06	06:24:00	1.09154	1.09163	1.09141	1.09146	13	0	8
2024.03.06	06:25:00	1.09146	1.09156	1.09142	1.09153	59	0	11
2024.03.06	06:26:00	1.09153	1.09177	1.09151	1.09169	41	0	8
2024.03.06	06:27:00	1.09169	1.09169	1.09159	1.09161	131	0	8
2024.03.06	06:28:00	1.09161	1.09174	1.09157	1.09171	136	0	11
2024.03.06	06:29:00	1.09171	1.09187	1.09170	1.09182	89	0	10
2024.03.06	06:30:00	1.09182	1.09189	1.09174	1.09178	180	0	11
2024.03.06	06:31:00	1.09178	1.09187	1.09169	1.09171	107	0	10
2024.03.06	06:32:00	1.09171	1.09175	1.09159	1.09173	112	0	10
2024.03.06	06:33:00	1.09173	1.09189	1.09173	1.09185	172	0	9
2024.03.06	06:34:00	1.09185	1.09199	1.09178	1.09195	32	0	10
2024.03.06	06:35:00	1.09195	1.09201	1.09194	1.09200	84	0	12
2024.03.06	06:36:00	1.09200	1.09212	1.09195	1.09210	70	0	12
2024.03.06	06:37:00	1.09210	1.09227	1.09204	1.09224	76	0	8
2024.03.06	06:38:00	1.09224	1.09226	1.09217	1.09217	68	0	9
2024.03.06	06:39:00	1.09217	1.09232	1.09215	1.09222	103	0	10
2024.03.06	06:40:00	1.09222	1.09223	1.09218	1.09218	128	0	10
2024.03.06	06:41:00	1.09218	1.09228	1.09214	1.09225	11	0	10
2024.03.06	06:42:00	1.09225	1.09253	1.09215	1.09246	151	0	9
2024.03.06	06:43:00	1.09246	1.09263	1.09243	1.09259	79	0	10
2024.03.06	06:44:00	1.09259	1.09296	1.09252	1.09277	74	0	10
2024.03.06	06:45:00	1.09277	1.09292	1.09274	1.09286	173	0	10
2024.03.06	06:46:00	1.09286	1.09318	1.09285	1.09309	84	0	12
2024.03.06	06:47:00	1.09309	1.09319	1.09291	1.09295	22	0	12
2024.03.06	06:48:00	1.09295	1.09306	1.09292	1.09304	138	0	10
2024.03.06	06:49:00	1.09304	1.09305	1.09288	1.09294	102	0	10
2024.03.06	06:50:00	1.09294	1.09317	1.09288	1.09311	84	0	10
2024.03.06	06:51:00	1.09311	1.09326	1.09301	1.09315	36	0	12
2024.03.06	06:52:00	1.09315	1.09316	1.09304	1.09309	106	0	10
2024.03.06	06:53:00	1.09309	1.09322	1.09308	1.09316	37	0	11
2024.03.06	06:54:00	1.09316	1.09322	1.09311	1.09319	46	0	12
2024.03.06	06:55:00	1.09319	1.09322	1.09308	1.09314	120	0	12
2024.03.06	06:56:00	1.09314	1.09320	1.09293	1.09305	18	0	11
2024.03.06	06:57:00	1.09305	1.09308	1.09286	1.09287	148	0	10
2024.03.06	06:58:00	1.09287	1.09289	1.09283	1.09288	150	0	10
2024.03.06	06:59:00	1.09288	1.09298	1.09285	1.09289	128	0	10
2024.03.06	07:00:00	1.09289	1.09296	1.09270	1.09283	149	0	12
2024.03.06	07:01:00	1.09283	1.09294	1.09280	1.09290	39	0	10
2024.03.06	07:02:00	1.09290	1.09300	1.09286	1.09297	138	0	11
2024.03.06	07:03:00	1.09297	1.09312	1.09295	1.09310	144	0	12
2024.03.06	07:04:00	1.09310	1.09313	1.09295	1.09299	31	0	10
2024.03.06	07:05:00	1.09299	1.09319	1.09290	1.09315	142	0	12
2024.03.06	07:06:00	1.09315	1.09331	1.09312	1.09327	85	0	9
2024.03.06	07:07:00	1.09327	1.09330	1.09311	1.09311	117	0	11
2024.03.06	07:08:00	1.09311	1.09322	1.09309	1.09318	15	0	9
2024.03.06	07:09:00	1.09318	1.09329	1.09316	1.09323	80	0	10
2024.03.06	07:10:00	1.09323	1.09330	1.09312	1.09318	98	0	10
2024.03.06	07:11:00	1.09318	1.09324	1.09313	1.09316	52	0	10
2024.03.06	07:12:00	1.09316	1.09320	1.09291	1.09295	110	0	11
2024.03.06	07:13:00	1.09295	1.09299	1.09293	1.09298	158	0	9
2024.03.06	07:14:00	1.09298	1.09304	1.09282	1.09286	73	0	10
2024.03.06	07:15:00	1.09286	1.09299	1.09282	1.09291	55	0	12
2024.03.06	07:16:00	1.09291	1.09293	1.09286	1.09290	141	0	10
2024.03.06	07:17:00	1.09290	1.09300	1.09286	1.09298	74	0	11
2024.03.06	07:18:00	1.09298	1.09312	1.09293	1.09300	82	0	8
2024.03.06	07:19:00	1.09300	1.09318	1.09294	1.09317	67	0	12
2024.03.06	07:20:00	1.09317	1.09321	1.09307	1.09313	94	0	8
2024.03.06	07:21:00	1.09313	1.09321	1.09307	1.09308	62	0	12
2024.03.06	07:22:00	1.09308	1.09310	1.09284	1.09290	146	0	11
2024.03.06	07:23:00	1.09290	1.09298	1.09288	1.09291	175	0	8
2024.03.06	07:24:00	1.09291	1.09320	1.09284	1.09313	11	0	9
2024.03.06	07:25:00	1.09313	1.09314	1.09300	1.09302	58	0	10
2024.03.06	07:26:00	1.09302	1.09309	1.09295	1.09304	25	0	11
2024.03.06	07:27:00	1.09304	1.09325	1.09302	1.09314	104	0	12
2024.03.06	07:28:00	1.09314	1.09316	1.09303	1.09311	100	0	12
2024.03.06	07:29:00	1.09311	1.09319	1.09306	1.09318	23	0	10
2024.03.06	07:30:00	1.09318	1.09327	1.09289	1.09292	107	0	8
2024.03.06	07:31:00	1.09292	1.09292	1.09288	1.09291	83	0	8
2024.03.06	07:32:00	1.09291	1.09301	1.09264	1.09268	45	0	11
2024.03.06	07:33:00	1.09268	1.09271	1.09252	1.09253	142	0	9
2024.03.06	07:34:00	1.09253	1.09253	1.09252	1.09253	171	0	10
2024.03.06	07:35:00	1.09253	1.09262	1.09248	1.09252	118	0	10
2024.03.06	07:36:00	1.09252	1.09276	1.09252	1.09267	106	0	12
2024.03.06	07:37:00	1.09267	1.09299	1.09265	1.09293	10	0	10
2024.03.06	07:38:00	1.09293	1.09298	1.09271	1.09274	74	0	10
2024.03.06	07:39:00	1.09274	1.09291	1.09271	1.09284	172	0	9
2024.03.06	07:40:00	1.09284	1.09293	1.09278	1.09289	162	0	9
2024.03.06	07:41:00	1.09289	1.09313	1.09279	1.09301	144	0	10
2024.03.06	07:42:00	1.09301	1.09303	1.09295	1.09302	149	0	9
2024.03.06	07:43:00	1.09302	1.09310	1.09300	1.09309	26	0	11
2024.03.06	07:44:00	1.09309	1.09321	1.09299	1.09318	19	0	11
2024.03.06	07:45:00	1.09318	1.09322	1.09291	1.09310	49	0	10
2024.03.06	07:46:00	1.09310	1.09325	1.09307	1.09314	121	0	11
2024.03.06	07:47:00	1.09314	1.09341	1.09314	1.09333	97	0	10
2024.03.06	07:48:00	1.09333	1.09344	1.09312	1.09316	94	0	10
2024.03.06	07:49:00	1.09316	1.09325	1.09300	1.09304	164	0	12
2024.03.06	07:50:00	1.09304	1.09309	1.09290	1.09293	119	0	12
2024.03.06	07:51:00	1.09293	1.09319	1.09287	1.09302	12	0	8
2024.03.06	07:52:00	1.09302	1.09311	1.09289	1.09304	29	0	8
2024.03.06	07:53:00	1.09304	1.09306	1.09289	1.09291	116	0	9
2024.03.06	07:54:00	1.09291	1.09302	1.09284	1.09298	31	0	10
2024.03.06	07:55:00	1.09298	1.09303	1.09288	1.09303	83	0	8
2024.03.06	07:56:00	1.09303	1.09309	1.09275	1.09282	70	0	9
2024.03.06	07:57:00	1.09282	1.09296	1.09263	1.09265	74	0	10
2024.03.06	07:58:00	1.09265	1.09272	1.09260	1.09267	123	0	8
2024.03.06	07:59:00	1.09267	1.09279	1.09252	1.09253	106	0	10
2024.03.06	08:00:00	1.09253	1.09268	1.09246	1.09263	16	0	9
2024.03.06	08:01:00	1.09263	1.09266	1.09245	1.09256	141	0	12
2024.03.06	08:02:00	1.09256	1.09269	1.09252	1.09258	62	0	9
2024.03.06	08:03:00	1.09258	1.09263	1.09258	1.09262	14	0	11
2024.03.06	08:04:00	1.09262	1.09262	1.09224	1.09241	120	0	8
2024.03.06	08:05:00	1.09241	1.09242	1.09220	1.09227	62	0	9
2024.03.06	08:06:00	1.09227	1.09228	1.09210	1.09213	101	0	10
2024.03.06	08:07:00	1.09213	1.09220	1.09199	1.09205	114	0	10
2024.03.06	08:08:00	1.09205	1.09209	1.09204	1.09204	60	0	9
2024.03.06	08:09:00	1.09204	1.09233	1.09201	1.09224	78	0	9
2024.03.06	08:10:00	1.09224	1.09237	1.09208	1.09211	72	0	8
2024.03.06	08:11:00	1.09211	1.09229	1.09205	1.09221	95	0	10
2024.03.06	08:12:00	1.09221	1.09226	1.09205	1.09209	90	0	11
2024.03.06	08:13:00	1.09209	1.09210	1.09199	1.09202	159	0	9
2024.03.06	08:14:00	1.09202	1.09203	1.09183	1.09184	176	0	9
2024.03.06	08:15:00	1.09184	1.09214	1.09178	1.09206	102	0	10
2024.03.06	08:16:00	1.09206	1.09215	1.09201	1.09212	170	0	12
2024.03.06	08:17:00	1.09212	1.09214	1.09205	1.09206	103	0	10
2024.03.06	08:18:00	1.09206	1.09207	1.09191	1.09200	16	0	10
2024.03.06	08:19:00	1.09200	1.09218	1.09198	1.09215	13	0	8
2024.03.06	08:20:00	1.09215	1.09230	1.09214	1.09222	89	0	12
2024.03.06	08:21:00	1.09222	1.09237	1.09197	1.09197	103	0	11
2024.03.06	08:22:00	1.09197	1.09204	1.09187	1.09195	58	0	11
2024.03.06	08:23:00	1.09195	1.09198	1.09190	1.09191	24	0	10
2024.03.06	08:24:00	1.09191	1.09194	1.09175	1.09185	55	0	9
2024.03.06	08:25:00	1.09185	1.09194	1.09157	1.09165	92	0	12
2024.03.06	08:26:00	1.09165	1.09187	1.09159	1.09184	174	0	9
2024.03.06	08:27:00	1.09184	1.09185	1.09173	1.09177	146	0	10
2024.03.06	08:28:00	1.09177	1.09181	1.09174	1.09176	13	0	10
2024.03.06	08:29:00	1.09176	1.09201	1.09174	1.09197	112	0	10
2024.03.06	08:30:00	1.09197	1.09202	1.09185	1.09186	111	0	12
2024.03.06	08:31:00	1.09186	1.09189	1.09168	1.09177	54	0	10
2024.03.06	08:32:00	1.09177	1.09178	1.09173	1.09175	118	0	10
2024.03.06	08:33:00	1.09175	1.09179	1.09150	1.09154	42	0	9
2024.03.06	08:34:00	1.09154	1.09156	1.09132	1.09144	26	0	10
2024.03.06	08:35:00	1.09144	1.09177	1.09137	1.09169	14	0	12
2024.03.06	08:36:00	1.09169	1.09182	1.09168	1.09173	14	0	11
2024.03.06	08:37:00	1.09173	1.09189	1.09165	1.09169	137	0	8
2024.03.06	08:38:00	1.09169	1.09178	1.09156	1.09159	66	0	10
2024.03.06	08:39:00	1.09159	1.09168	1.09159	1.09160	18	0	9
2024.03.06	08:40:00	1.09160	1.09163	1.09138	1.09139	143	0	11
2024.03.06	08:41:00	1.09139	1.09160	1.09133	1.09156	8	0	12
2024.03.06	08:42:00	1.09156	1.09160	1.09144	1.09150	119	0	9
2024.03.06	08:43:00	1.09150	1.09153	1.09147	1.09151	83	0	10
2024.03.06	08:44:00	1.09151	1.09152	1.09146	1.09147	145	0	9
2024.03.06	08:45:00	1.09147	1.09158	1.09144	1.09153	138	0	10
2024.03.06	08:46:00	1.09153	1.09154	1.09139	1.09145	171	0	11
2024.03.06	08:47:00	1.09145	1.09156	1.09143	1.09151	57	0	8
2024.03.06	08:48:00	1.09151	1.09153	1.09146	1.09149	55	0	8
2024.03.06	08:49:00	1.09149	1.09153	1.09138	1.09142	22	0	10
2024.03.06	08:50:00	1.09142	1.09164	1.09134	1.09155	166	0	12
2024.03.06	08:51:00	1.09155	1.09173	1.09155	1.09168	161	0	12
2024.03.06	08:52:00	1.09168	1.09171	1.09163	1.09168	176	0	9
2024.03.06	08:53:00	1.09168	1.09185	1.09162	1.09168	66	0	10
2024.03.06	08:54:00	1.09168	1.09187	1.09164	1.09185	36	0	11
2024.03.06	08:55:00	1.09185	1.09188	1.09158	1.09164	79	0	9
2024.03.06	08:56:00	1.09164	1.09171	1.09158	1.09169	42	0	8
2024.03.06	08:57:00	1.09169	1.09181	1.09160	1.09172	173	0	9
2024.03.06	08:58:00	1.09172	1.09181	1.09154	1.09160	21	0	12
2024.03.06	08:59:00	1.09160	1.09167	1.09154	1.09163	97	0	10
2024.03.06	09:00:00	1.09163	1.09189	1.09161	1.09184	114	0	12
2024.03.06	09:01:00	1.09184	1.09191	1.09167	1.09169	153	0	10
2024.03.06	09:02:00	1.09169	1.09179	1.09156	1.09160	157	0	10
2024.03.06	09:03:00	1.09160	1.09165	1.09159	1.09159	147	0	9
2024.03.06	09:04:00	1.09159	1.09163	1.09151	1.09156	115	0	10
2024.03.06	09:05:00	1.09156	1.09166	1.09147	1.09148	51	0	8
2024.03.06	09:06:00	1.09148	1.09160	1.09142	1.09154	40	0	11
2024.03.06	09:07:00	1.09154	1.09157	1.09149	1.09155	74	0	11
2024.03.06	09:08:00	1.09155	1.09163	1.09138	1.09141	99	0	10
2024.03.06	09:09:00	1.09141	1.09143	1.09129	1.09134	87	0	8
2024.03.06	09:10:00	1.09134	1.09149	1.09129	1.09148	119	0	12
2024.03.06	09:11:00	1.09148	1.09167	1.09145	1.09157	157	0	11
2024.03.06	09:12:00	1.09157	1.09157	1.09149	1.09152	13	0	12
2024.03.06	09:13:00	1.09152	1.09165	1.09147	1.09157	162	0	11
2024.03.06	09:14:00	1.09157	1.09169	1.09152	1.09164	115	0	12
2024.03.06	09:15:00	1.09164	1.09183	1.09154	1.09175	15	0	8
2024.03.06	09:16:00	1.09175	1.09178	1.09140	1.09150	75	0	10
2024.03.06	09:17:00	1.09150	1.09154	1.09128	1.09130	54	0	12
2024.03.06	09:18:00	1.09130	1.09143	1.09125	1.09140	124	0	10
2024.03.06	09:19:00	1.09140	1.09143	1.09119	1.09121	34	0	9
2024.03.06	09:20:00	1.09121	1.09123	1.09120	1.09120	167	0	10
2024.03.06	09:21:00	1.09120	1.09127	1.09120	1.09127	90	0	12
2024.03.06	09:22:00	1.09127	1.09131	1.09115	1.09125	97	0	9
2024.03.06	09:23:00	1.09125	1.09138	1.09121	1.09127	163	0	12
2024.03.06	09:24:00	1.09127	1.09140	1.09120	1.09137	92	0	9
2024.03.06	09:25:00	1.09137	1.09151	1.09134	1.09136	55	0	10
2024.03.06	09:26:00	1.09136	1.09167	1.09130	1.09151	86	0	11
2024.03.06	09:27:00	1.09151	1.09176	1.09146	1.09169	92	0	11
2024.03.06	09:28:00	1.09169	1.09190	1.09163	1.09179	100	0	11
2024.03.06	09:29:00	1.09179	1.09192	1.09159	1.09164	72	0	10
2024.03.06	09:30:00	1.09164	1.09176	1.09162	1.09164	169	0	11
2024.03.06	09:31:00	1.09164	1.09170	1.09154	1.09157	158	0	8
2024.03.06	09:32:00	1.09157	1.09172	1.09150	1.09167	85	0	12
2024.03.06	09:33:00	1.09167	1.09171	1.09129	1.09130	87	0	10
2024.03.06	09:34:00	1.09130	1.09136	1.09123	1.09126	95	0	9
2024.03.06	09:35:00	1.09126	1.09128	1.09108	1.09111	21	0	10
2024.03.06	09:36:00	1.09111	1.09124	1.09108	1.09120	9	0	10
2024.03.06	09:37:00	1.09120	1.09131	1.09117	1.09127	170	0	12
2024.03.06	09:38:00	1.09127	1.09144	1.09113	1.09136	151	0	10
2024.03.06	09:39:00	1.09136	1.09150	1.09134	1.09141	101	0	9
2024.03.06	09:40:00	1.09141	1.09157	1.09140	1.09152	28	0	10
2024.03.06	09:41:00	1.09152	1.09159	1.09143	1.09144	165	0	12
2024.03.06	09:42:00	1.09144	1.09145	1.09128	1.09131	93	0	11
2024.03.06	09:43:00	1.09131	1.09145	1.09123	1.09140	139	0	12
2024.03.06	09:44:00	1.09140	1.09149	1.09117	1.09127	138	0	11
2024.03.06	09:45:00	1.09127	1.09129	1.09120	1.09120	125	0	9
2024.03.06	09:46:00	1.09120	1.09123	1.09100	1.09107	131	0	10
2024.03.06	09:47:00	1.09107	1.09108	1.09086	1.09087	145	0	10
2024.03.06	09:48:00	1.09087	1.09088	1.09069	1.09073	157	0	11
2024.03.06	09:49:00	1.09073	1.09089	1.09063	1.09089	174	0	8
2024.03.06	09:50:00	1.09089	1.09107	1.09088	1.09102	141	0	8
2024.03.06	09:51:00	1.09102	1.09109	1.09098	1.09107	96	0	12
2024.03.06	09:52:00	1.09107	1.09118	1.09085	1.09088	74	0	8
2024.03.06	09:53:00	1.09088	1.09092	1.09080	1.09089	47	0	11
2024.03.06	09:54:00	1.09089	1.09106	1.09088	1.09101	39	0	10
2024.03.06	09:55:00	1.09101	1.09117	1.09097	1.09114	171	0	10
2024.03.06	09:56:00	1.09114	1.09118	1.09105	1.09108	135	0	12
2024.03.06	09:57:00	1.09108	1.09115	1.09099	1.09099	90	0	10
2024.03.06	09:58:00	1.09099	1.09114	1.09097	1.09106	23	0	9
2024.03.06	09:59:00	1.09106	1.09135	1.09098	1.09131	102	0	12
2024.03.06	10:00:00	1.09131	1.09138	1.09130	1.09135	97	0	11
2024.03.06	10:01:00	1.09135	1.09137	1.09124	1.09128	135	0	9
2024.03.06	10:02:00	1.09128	1.09142	1.09126	1.09137	144	0	10
2024.03.06	10:03:00	1.09137	1.09142	1.09124	1.09125	158	0	10
2024.03.06	10:04:00	1.09125	1.09146	1.09119	1.09143	126	0	11
2024.03.06	10:05:00	1.09143	1.09148	1.09136	1.09139	79	0	9
2024.03.06	10:06:00	1.09139	1.09143	1.09108	1.09115	163	0	8
2024.03.06	10:07:00	1.09115	1.09128	1.09107	1.09127	37	0	12
2024.03.06	10:08:00	1.09127	1.09153	1.09124	1.09152	55	0	10
2024.03.06	10:09:00	1.09152	1.09154	1.09135	1.09139	30	0	10
2024.03.06	10:10:00	1.09139	1.09145	1.09135	1.09143	105	0	10
2024.03.06	10:11:00	1.09143	1.09151	1.09117	1.09126	27	0	10
2024.03.06	10:12:00	1.09126	1.09157	1.09117	1.09156	61	0	11
2024.03.06	10:13:00	1.09156	1.09177	1.09153	1.09167	145	0	12
2024.03.06	10:14:00	1.09167	1.09196	1.09160	1.09186	152	0	12
2024.03.06	10:15:00	1.09186	1.09198	1.09183	1.09195	176	0	8
2024.03.06	10:16:00	1.09195	1.09209	1.09185	1.09195	67	0	10
2024.03.06	10:17:00	1.09195	1.09210	1.09192	1.09207	16	0	10
2024.03.06	10:18:00	1.09207	1.09214	1.09200	1.09211	35	0	9
2024.03.06	10:19:00	1.09211	1.09218	1.09206	1.09210	140	0	10
2024.03.06	10:20:00	1.09210	1.09227	1.09206	1.09222	110	0	11
2024.03.06	10:21:00	1.09222	1.09233	1.09220	1.09232	8	0	8
2024.03.06	10:22:00	1.09232	1.09234	1.09222	1.09229	100	0	8
2024.03.06	10:23:00	1.09229	1.09232	1.09229	1.09229	141	0	9
2024.03.06	10:24:00	1.09229	1.09229	1.09214	1.09229	158	0	12
2024.03.06	10:25:00	1.09229	1.09238	1.09226	1.09227	167	0	11
2024.03.06	10:26:00	1.09227	1.09240	1.09225	1.09240	159	0	10
2024.03.06	10:27:00	1.09240	1.09250	1.09237	1.09240	66	0	11
2024.03.06	10:28:00	1.09240	1.09246	1.09222	1.09226	149	0	11
2024.03.06	10:29:00	1.09226	1.09242	1.09221	1.09238	25	0	10
2024.03.06	10:30:00	1.09238	1.09260	1.09231	1.09248	115	0	12
2024.03.06	10:31:00	1.09248	1.09261	1.09245	1.09254	71	0	11
2024.03.06	10:32:00	1.09254	1.09272	1.09250	1.09264	22	0	9
2024.03.06	10:33:00	1.09264	1.09279	1.09264	1.09274	126	0	9
2024.03.06	10:34:00	1.09274	1.09279	1.09267	1.09272	85	0	11
2024.03.06	10:35:00	1.09272	1.09295	1.09270	1.09286	78	0	9
2024.03.06	10:36:00	1.09286	1.09290	1.09274	1.09278	34	0	11
2024.03.06	10:37:00	1.09278	1.09285	1.09267	1.09272	73	0	9
2024.03.06	10:38:00	1.09272	1.09293	1.09265	1.09277	138	0	9
2024.03.06	10:39:00	1.09277	1.09304	1.09272	1.09301	162	0	10
2024.03.06	10:40:00	1.09301	1.09307	1.09298	1.09305	52	0	9
2024.03.06	10:41:00	1.09305	1.09313	1.09293	1.09295	32	0	11
2024.03.06	10:42:00	1.09295	1.09295	1.09283	1.09290	106	0	10
2024.03.06	10:43:00	1.09290	1.09298	1.09271	1.09274	151	0	9
2024.03.06	10:44:00	1.09274	1.09298	1.09272	1.09297	22	0	9
2024.03.06	10:45:00	1.09297	1.09299	1.09283	1.09287	95	0	12
2024.03.06	10:46:00	1.09287	1.09291	1.09285	1.09288	95	0	9
2024.03.06	10:47:00	1.09288	1.09289	1.09268	1.09279	124	0	8
2024.03.06	10:48:00	1.09279	1.09280	1.09265	1.09273	39	0	12
2024.03.06	10:49:00	1.09273	1.09275	1.09263	1.09267	149	0	9
2024.03.06	10:50:00	1.09267	1.09305	1.09257	1.09297	16	0	9
2024.03.06	10:51:00	1.09297	1.09315	1.09284	1.09315	120	0	11
2024.03.06	10:52:00	1.09315	1.09321	1.09301	1.09303	40	0	12
2024.03.06	10:53:00	1.09303	1.09316	1.09295	1.09311	114	0	10
2024.03.06	10:54:00	1.09311	1.09316	1.09308	1.09310	22	0	8
2024.03.06	10:55:00	1.09310	1.09324	1.09309	1.09321	178	0	9
2024.03.06	10:56:00	1.09321	1.09326	1.09315	1.09316	66	0	10
2024.03.06	10:57:00	1.09316	1.09330	1.09312	1.09325	147	0	10
2024.03.06	10:58:00	1.09325	1.09338	1.09310	1.09313	90	0	8
2024.03.06	10:59:00	1.09313	1.09313	1.09307	1.09309	90	0	9
2024.03.06	11:00:00	1.09309	1.09319	1.09306	1.09314	144	0	11
2024.03.06	11:01:00	1.09314	1.09330	1.09300	1.09324	54	0	11
2024.03.06	11:02:00	1.09324	1.09330	1.09324	1.09329	136	0	10
2024.03.06	11:03:00	1.09329	1.09338	1.09327	1.09329	179	0	9
2024.03.06	11:04:00	1.09329	1.09340	1.09327	1.09337	118	0	9
2024.03.06	11:05:00	1.09337	1.09338	1.09317	1.09318	81	0	11
2024.03.06	11:06:00	1.09318	1.09343	1.09318	1.09335	176	0	10
2024.03.06	11:07:00	1.09335	1.09343	1.09325	1.09326	114	0	11
2024.03.06	11:08:00	1.09326	1.09329	1.09310	1.09312	49	0	12
2024.03.06	11:09:00	1.09312	1.09324	1.09305	1.09322	166	0	11
2024.03.06	11:10:00	1.09322	1.09324	1.09300	1.09308	69	0	12
2024.03.06	11:11:00	1.09308	1.09322	1.09307	1.09311	19	0	11
2024.03.06	11:12:00	1.09311	1.09324	1.09303	1.09320	160	0	12
2024.03.06	11:13:00	1.09320	1.09344	1.09316	1.09334	23	0	10
2024.03.06	11:14:00	1.09334	1.09339	1.09318	1.09323	117	0	8
2024.03.06	11:15:00	1.09323	1.09331	1.09316	1.09325	120	0	8
2024.03.06	11:16:00	1.09325	1.09338	1.09322	1.09331	134	0	10
2024.03.06	11:17:00	1.09331	1.09333	1.09317	1.09322	119	0	10
2024.03.06	11:18:00	1.09322	1.09322	1.09312	1.09319	147	0	9
2024.03.06	11:19:00	1.09319	1.09325	1.09313	1.09316	107	0	11
2024.03.06	11:20:00	1.09316	1.09324	1.09296	1.09296	102	0	10
2024.03.06	11:21:00	1.09296	1.09303	1.09272	1.09284	104	0	8
2024.03.06	11:22:00	1.09284	1.09298	1.09281	1.09289	82	0	12
2024.03.06	11:23:00	1.09289	1.09298	1.09284	1.09297	108	0	9
2024.03.06	11:24:00	1.09297	1.09304	1.09287	1.09296	21	0	8
2024.03.06	11:25:00	1.09296	1.09307	1.09294	1.09304	99	0	11
2024.03.06	11:26:00	1.09304	1.09333	1.09303	1.09318	37	0	9
2024.03.06	11:27:00	1.09318	1.09326	1.09315	1.09315	157	0	12
2024.03.06	11:28:00	1.09315	1.09343	1.09303	1.09336	118	0	12
2024.03.06	11:29:00	1.09336	1.09377	1.09328	1.09367	13	0	10
2024.03.06	11:30:00	1.09367	1.09373	1.09337	1.09340	111	0	10
2024.03.06	11:31:00	1.09340	1.09344	1.09324	1.09333	118	0	8
2024.03.06	11:32:00	1.09333	1.09340	1.09324	1.09330	159	0	11
2024.03.06	11:33:00	1.09330	1.09336	1.09321	1.09325	132	0	12
2024.03.06	11:34:00	1.09325	1.09350	1.09316	1.09339	85	0	12
2024.03.06	11:35:00	1.09339	1.09342	1.09325	1.09329	43	0	11
2024.03.06	11:36:00	1.09329	1.09345	1.09326	1.09332	41	0	12
2024.03.06	11:37:00	1.09332	1.09333	1.09317	1.09325	45	0	9
2024.03.06	11:38:00	1.09325	1.09345	1.09308	1.09345	65	0	9
2024.03.06	11:39:00	1.09345	1.09348	1.09336	1.09337	96	0	10
2024.03.06	11:40:00	1.09337	1.09339	1.09317	1.09320	177	0	10
2024.03.06	11:41:00	1.09320	1.09337	1.09319	1.09328	109	0	12
2024.03.06	11:42:00	1.09328	1.09337	1.09322	1.09332	38	0	12
2024.03.06	11:43:00	1.09332	1.09333	1.09312	1.09313	87	0	10
2024.03.06	11:44:00	1.09313	1.09329	1.09307	1.09327	112	0	10
2024.03.06	11:45:00	1.09327	1.09350	1.09318	1.09340	40	0	8
2024.03.06	11:46:00	1.09340	1.09361	1.09334	1.09355	54	0	9
2024.03.06	11:47:00	1.09355	1.09363	1.09343	1.09352	158	0	12
2024.03.06	11:48:00	1.09352	1.09380	1.09351	1.09375	144	0	8
2024.03.06	11:49:00	1.09375	1.09381	1.09363	1.09365	124	0	12
2024.03.06	11:50:00	1.09365	1.09371	1.09359	1.09366	29	0	12
2024.03.06	11:51:00	1.09366	1.09389	1.09364	1.09386	117	0	10
2024.03.06	11:52:00	1.09386	1.09391	1.09360	1.09361	41	0	8
2024.03.06	11:53:00	1.09361	1.09372	1.09349	1.09352	65	0	10
2024.03.06	11:54:00	1.09352	1.09359	1.09338	1.09353	52	0	10
2024.03.06	11:55:00	1.09353	1.09356	1.09337	1.09345	107	0	11
2024.03.06	11:56:00	1.09345	1.09346	1.09311	1.09319	134	0	11
2024.03.06	11:57:00	1.09319	1.09331	1.09317	1.09321	34	0	8
2024.03.06	11:58:00	1.09321	1.09335	1.09320	1.09333	49	0	9
2024.03.06	11:59:00	1.09333	1.09337	1.09333	1.09334	66	0	10
2024.03.06	12:00:00	1.09334	1.09338	1.09301	1.09307	131	0	10
2024.03.06	12:01:00	1.09307	1.09320	1.09306	1.09306	28	0	10
2024.03.06	12:02:00	1.09306	1.09311	1.09299	1.09310	118	0	11
2024.03.06	12:03:00	1.09310	1.09328	1.09307	1.09320	21	0	11
2024.03.06	12:04:00	1.09320	1.09322	1.09308	1.09309	161	0	10
2024.03.06	12:05:00	1.09309	1.09327	1.09298	1.09301	72	0	10
2024.03.06	12:06:00	1.09301	1.09304	1.09294	1.09302	170	0	11
2024.03.06	12:07:00	1.09302	1.09308	1.09290	1.09298	49	0	10
2024.03.06	12:08:00	1.09298	1.09308	1.09295	1.09300	150	0	12
2024.03.06	12:09:00	1.09300	1.09316	1.09300	1.09311	25	0	12
2024.03.06	12:10:00	1.09311	1.09323	1.09309	1.09313	106	0	8
2024.03.06	12:11:00	1.09313	1.09314	1.09294	1.09302	105	0	11
2024.03.06	12:12:00	1.09302	1.09319	1.09293	1.09311	113	0	11
2024.03.06	12:13:00	1.09311	1.09315	1.09295	1.09299	180	0	11
2024.03.06	12:14:00	1.09299	1.09319	1.09296	1.09314	79	0	11
2024.03.06	12:15:00	1.09314	1.09317	1.09309	1.09310	119	0	12
2024.03.06	12:16:00	1.09310	1.09317	1.09298	1.09306	100	0	8
2024.03.06	12:17:00	1.09306	1.09310	1.09298	1.09299	32	0	12
2024.03.06	12:18:00	1.09299	1.09310	1.09295	1.09297	14	0	9
2024.03.06	12:19:00	1.09297	1.09305	1.09283	1.09285	17	0	9
2024.03.06	12:20:00	1.09285	1.09302	1.09284	1.09299	109	0	10
2024.03.06	14:00:00	1.09	CORRUPT
2024.03.06	12:21:00	1.09299	1.09299	1.09274	1.09288	46	0	11
2024.03.06	12:22:00	1.09288	1.09295	1.09255	1.09265	75	0	12
2024.03.06	12:23:00	1.09265	1.09266	1.09251	1.09255	11	0	11
2024.03.06	12:24:00	1.09255	1.09257	1.09240	1.09248	168	0	12
2024.03.06	12:25:00	1.09248	1.09260	1.09243	1.09258	115	0	11
2024.03.06	12:26:00	1.09258	1.09270	1.09255	1.09257	173	0	12
2024.03.06	12:27:00	1.09257	1.09258	1.09235	1.09240	145	0	8
2024.03.06	12:28:00	1.09240	1.09256	1.09231	1.09256	73	0	9
2024.03.06	12:29:00	1.09256	1.09264	1.09232	1.09244	138	0	11
2024.03.06	12:30:00	1.09244	1.09260	1.09243	1.09255	168	0	12
2024.03.06	12:31:00	1.09255	1.09279	1.09243	1.09272	16	0	12
2024.03.06	12:32:00	1.09272	1.09281	1.09270	1.09273	16	0	10
2024.03.06	12:33:00	1.09273	1.09282	1.09272	1.09278	62	0	8
2024.03.06	12:34:00	1.09278	1.09283	1.09261	1.09267	61	0	9
2024.03.06	12:35:00	1.09267	1.09281	1.09263	1.09274	107	0	12
2024.03.06	12:36:00	1.09274	1.09307	1.09268	1.09302	78	0	8
2024.03.06	12:37:00	1.09302	1.09302	1.09293	1.09297	85	0	9
2024.03.06	12:38:00	1.09297	1.09305	1.09293	1.09302	14	0	12
2024.03.06	12:39:00	1.09302	1.09309	1.09288	1.09289	39	0	11
2024.03.06	12:40:00	1.09289	1.09294	1.09266	1.09279	106	0	10
2024.03.06	12:41:00	1.09279	1.09287	1.09276	1.09283	164	0	9
2024.03.06	12:42:00	1.09283	1.09301	1.09277	1.09301	93	0	12
2024.03.06	12:43:00	1.09301	1.09302	1.09293	1.09298	85	0	11
2024.03.06	12:44:00	1.09298	1.09305	1.09291	1.09302	64	0	10
2024.03.06	12:45:00	1.09302	1.09311	1.09296	1.09301	117	0	10
2024.03.06	12:46:00	1.09301	1.09311	1.09295	1.09303	23	0	11
2024.03.06	12:47:00	1.09303	1.09308	1.09286	1.09287	144	0	8
2024.03.06	12:48:00	1.09287	1.09294	1.09274	1.09279	81	0	8
2024.03.06	12:49:00	1.09279	1.09283	1.09277	1.09279	57	0	9
2024.03.06	12:50:00	1.09279	1.09288	1.09276	1.09281	177	0	8
2024.03.06	12:51:00	1.09281	1.09289	1.09268	1.09275	30	0	9
2024.03.06	12:52:00	1.09275	1.09294	1.09274	1.09293	78	0	12
2024.03.06	12:53:00	1.09293	1.09304	1.09291	1.09299	170	0	8
2024.03.06	12:54:00	1.09299	1.09319	1.09291	1.09310	94	0	9
2024.03.06	12:55:00	1.09310	1.09312	1.09285	1.09301	146	0	12
2024.03.06	12:56:00	1.09301	1.09308	1.09299	1.09304	154	0	8
2024.03.06	12:57:00	1.09304	1.09310	1.09288	1.09291	83	0	10
2024.03.06	12:58:00	1.09291	1.09298	1.09279	1.09294	91	0	10
2024.03.06	12:59:00	1.09294	1.09306	1.09283	1.09303	87	0	10
2024.03.06	13:00:00	1.09303	1.09325	1.09300	1.09316	11	0	11
2024.03.06	13:01:00	1.09316	1.09321	1.09305	1.09315	9	0	9
2024.03.06	13:02:00	1.09315	1.09317	1.09308	1.09309	119	0	10
2024.03.06	13:03:00	1.09309	1.09322	1.09306	1.09314	46	0	8
2024.03.06	13:04:00	1.09314	1.09326	1.09310	1.09320	143	0	10
2024.03.06	13:05:00	1.09320	1.09324	1.09308	1.09310	132	0	10
2024.03.06	13:06:00	1.09310	1.09317	1.09287	1.09302	129	0	10
2024.03.06	13:07:00	1.09302	1.09304	1.09282	1.09296	10	0	10
2024.03.06	13:08:00	1.09296	1.09303	1.09283	1.09294	123	0	11
2024.03.06	13:09:00	1.09294	1.09324	1.09292	1.09314	140	0	8
2024.03.06	13:10:00	1.09314	1.09318	1.09308	1.09314	31	0	11
2024.03.06	13:11:00	1.09314	1.09319	1.09293	1.09296	102	0	12
2024.03.06	13:12:00	1.09296	1.09301	1.09285	1.09297	83	0	11
2024.03.06	13:13:00	1.09297	1.09306	1.09281	1.09283	162	0	11
2024.03.06	13:14:00	1.09283	1.09288	1.09262	1.09271	150	0	8
2024.03.06	13:15:00	1.09271	1.09280	1.09253	1.09257	63	0	8
2024.03.06	13:16:00	1.09257	1.09259	1.09249	1.09250	93	0	9
2024.03.06	13:17:00	1.09250	1.09283	1.09245	1.09272	14	0	9
2024.03.06	13:18:00	1.09272	1.09279	1.09267	1.09277	174	0	10
2024.03.06	13:19:00	1.09277	1.09296	1.09276	1.09288	178	0	8
2024.03.06	13:20:00	1.09288	1.09297	1.09287	1.09292	148	0	10
2024.03.06	13:21:00	1.09292	1.09297	1.09277	1.09284	56	0	9
2024.03.06	13:22:00	1.09284	1.09296	1.09280	1.09294	37	0	12
2024.03.06	13:23:00	1.09294	1.09295	1.09289	1.09291	25	0	10
2024.03.06	13:24:00	1.09291	1.09316	1.09284	1.09310	58	0	11
2024.03.06	13:25:00	1.09310	1.09316	1.09305	1.09313	97	0	8
2024.03.06	13:26:00	1.09313	1.09318	1.09300	1.09308	133	0	8
2024.03.06	13:27:00	1.09308	1.09319	1.09305	1.09315	11	0	11
2024.03.06	13:28:00	1.09315	1.09320	1.09315	1.09319	79	0	11
2024.03.06	13:29:00	1.09319	1.09342	1.09310	1.09341	29	0	12
2024.03.06	13:30:00	1.09341	1.09365	1.09338	1.09360	178	0	9
2024.03.06	13:31:00	1.09360	1.09372	1.09358	1.09366	112	0	9
2024.03.06	13:32:00	1.09366	1.09380	1.09355	1.09375	14	0	12
2024.03.06	13:33:00	1.09375	1.09375	1.09367	1.09371	98	0	11
2024.03.06	13:34:00	1.09371	1.09379	1.09362	1.09373	39	0	12
2024.03.06	13:35:00	1.09373	1.09389	1.09366	1.09385	51	0	9
2024.03.06	13:36:00	1.09385	1.09394	1.09380	1.09390	67	0	10
2024.03.06	13:37:00	1.09390	1.09406	1.09386	1.09404	89	0	8
2024.03.06	13:38:00	1.09404	1.09420	1.09403	1.09411	163	0	8
2024.03.06	13:39:00	1.09411	1.09417	1.09405	1.09412	98	0	11
2024.03.06	13:40:00	1.09412	1.09416	1.09411	1.09412	69	0	12
2024.03.06	13:41:00	1.09412	1.09427	1.09409	1.09425	68	0	8
2024.03.06	13:42:00	1.09425	1.09441	1.09413	1.09433	130	0	11
2024.03.06	13:43:00	1.09433	1.09445	1.09416	1.09424	46	0	8
2024.03.06	13:44:00	1.09424	1.09441	1.09423	1.09437	178	0	11
2024.03.06	13:45:00	1.09437	1.09441	1.09428	1.09431	92	0	11
2024.03.06	13:46:00	1.09431	1.09439	1.09410	1.09418	129	0	9
2024.03.06	13:47:00	1.09418	1.09425	1.09415	1.09417	23	0	10
2024.03.06	13:48:00	1.09417	1.09422	1.09415	1.09418	112	0	12
2024.03.06	13:49:00	1.09418	1.09430	1.09406	1.09424	38	0	10
2024.03.06	13:50:00	1.09424	1.09432	1.09416	1.09432	89	0	11
2024.03.06	13:51:00	1.09432	1.09435	1.09422	1.09430	127	0	8
2024.03.06	13:52:00	1.09430	1.09436	1.09408	1.09417	84	0	9
2024.03.06	13:53:00	1.09417	1.09426	1.09405	1.09407	113	0	10
2024.03.06	13:54:00	1.09407	1.09422	1.09392	1.09420	80	0	11
2024.03.06	13:55:00	1.09420	1.09427	1.09412	1.09426	171	0	10
2024.03.06	13:56:00	1.09426	1.09428	1.09419	1.09419	85	0	10
2024.03.06	13:57:00	1.09419	1.09424	1.09414	1.09415	151	0	9
2024.03.06	13:58:00	1.09415	1.09417	1.09398	1.09408	93	0	8
2024.03.06	13:59:00	1.09408	1.09411	1.09401	1.09404	152	0	10
2024.03.06	14:00:00	1.09404	1.09408	1.09390	1.09396	155	0	8
2024.03.06	14:01:00	1.09396	1.09424	1.09394	1.09421	31	0	12
2024.03.06	14:02:00	1.09421	1.09422	1.09406	1.09408	129	0	10
2024.03.06	14:03:00	1.09408	1.09423	1.09404	1.09422	130	0	12
2024.03.06	14:04:00	1.09422	1.09425	1.09421	1.09423	138	0	10
2024.03.06	14:05:00	1.09423	1.09431	1.09421	1.09422	10	0	11
2024.03.06	14:06:00	1.09422	1.09431	1.09414	1.09415	126	0	10
2024.03.06	14:07:00	1.09415	1.09416	1.09401	1.09410	87	0	10
2024.03.06	14:08:00	1.09410	1.09419	1.09380	1.09386	13	0	8
2024.03.06	14:09:00	1.09386	1.09411	1.09385	1.09408	23	0	10
2024.03.06	14:10:00	1.09408	1.09418	1.09396	1.09415	157	0	12
2024.03.06	14:11:00	1.09415	1.09442	1.09412	1.09436	177	0	8
2024.03.06	14:12:00	1.09436	1.09446	1.09420	1.09429	64	0	9
2024.03.06	14:13:00	1.09429	1.09454	1.09429	1.09445	140	0	12
2024.03.06	14:14:00	1.09445	1.09454	1.09424	1.09435	52	0	8
2024.03.06	14:15:00	1.09435	1.09456	1.09425	1.09452	141	0	11
2024.03.06	14:16:00	1.09452	1.09458	1.09429	1.09440	124	0	9
2024.03.06	14:17:00	1.09440	1.09446	1.09427	1.09430	75	0	10
2024.03.06	14:18:00	1.09430	1.09458	1.09415	1.09448	63	0	12
2024.03.06	14:19:00	1.09448	1.09455	1.09446	1.09451	114	0	12
2024.03.06	14:20:00	1.09451	1.09471	1.09449	1.09467	37	0	10
2024.03.06	14:21:00	1.09467	1.09479	1.09465	1.09465	84	0	11
2024.03.06	14:22:00	1.09465	1.09475	1.09456	1.09472	165	0	10
2024.03.06	14:23:00	1.09472	1.09477	1.09471	1.09475	107	0	10
2024.03.06	14:24:00	1.09475	1.09487	1.09471	1.09472	93	0	10
2024.03.06	14:25:00	1.09472	1.09472	1.09454	1.09456	16	0	10
2024.03.06	14:26:00	1.09456	1.09484	1.09454	1.09479	54	0	11
2024.03.06	14:27:00	1.09479	1.09491	1.09472	1.09489	144	0	12
2024.03.06	14:28:00	1.09489	1.09520	1.09486	1.09516	53	0	8
2024.03.06	14:29:00	1.09516	1.09517	1.09489	1.09495	42	0	8
2024.03.06	14:30:00	1.09495	1.09509	1.09472	1.09484	13	0	12
2024.03.06	14:31:00	1.09484	1.09493	1.09465	1.09474	112	0	11
2024.03.06	14:32:00	1.09474	1.09491	1.09460	1.09483	109	0	10
2024.03.06	14:33:00	1.09483	1.09485	1.09475	1.09477	120	0	10
2024.03.06	14:34:00	1.09477	1.09493	1.09473	1.09487	119	0	11
2024.03.06	14:35:00	1.09487	1.09489	1.09468	1.09479	163	0	12
2024.03.06	14:36:00	1.09479	1.09496	1.09476	1.09488	166	0	12
2024.03.06	14:37:00	1.09488	1.09503	1.09486	1.09492	84	0	8
2024.03.06	14:38:00	1.09492	1.09499	1.09481	1.09496	74	0	8
2024.03.06	14:39:00	1.09496	1.09517	1.09493	1.09503	57	0	10
2024.03.06	14:40:00	1.09503	1.09503	1.09491	1.09499	119	0	10
2024.03.06	14:41:00	1.09499	1.09500	1.09479	1.09482	161	0	12
2024.03.06	14:42:00	1.09482	1.09492	1.09479	1.09490	44	0	10
2024.03.06	14:43:00	1.09490	1.09510	1.09481	1.09502	75	0	11
2024.03.06	14:44:00	1.09502	1.09519	1.09501	1.09515	24	0	10
2024.03.06	14:45:00	1.09515	1.09547	1.09512	1.09532	140	0	11
2024.03.06	14:46:00	1.09532	1.09544	1.09528	1.09539	101	0	8
2024.03.06	14:47:00	1.09539	1.09561	1.09536	1.09549	85	0	10
2024.03.06	14:48:00	1.09549	1.09563	1.09545	1.09549	153	0	12
2024.03.06	14:49:00	1.09549	1.09565	1.09547	1.09557	35	0	10
2024.03.06	14:50:00	1.09557	1.09564	1.09553	1.09559	144	0	11
2024.03.06	14:51:00	1.09559	1.09582	1.09552	1.09582	33	0	11
2024.03.06	14:52:00	1.09582	1.09589	1.09573	1.09575	177	0	8
2024.03.06	14:53:00	1.09575	1.09579	1.09562	1.09568	143	0	10
2024.03.06	14:54:00	1.09568	1.09572	1.09551	1.09564	107	0	9
2024.03.06	14:55:00	1.09564	1.09570	1.09547	1.09562	45	0	12
2024.03.06	14:56:00	1.09562	1.09574	1.09553	1.09558	88	0	11
2024.03.06	14:57:00	1.09558	1.09575	1.09551	1.09571	98	0	10
2024.03.06	14:58:00	1.09571	1.09577	1.09538	1.09553	47	0	10
2024.03.06	14:59:00	1.09553	1.09555	1.09547	1.09554	62	0	8
2024.03.06	15:00:00	1.09554	1.09559	1.09541	1.09548	148	0	9
2024.03.06	15:01:00	1.09548	1.09557	1.09542	1.09549	160	0	8
2024.03.06	15:02:00	1.09549	1.09573	1.09543	1.09571	137	0	10
2024.03.06	15:03:00	1.09571	1.09573	1.09559	1.09560	140	0	8
2024.03.06	15:04:00	1.09560	1.09570	1.09557	1.09564	24	0	10
2024.03.06	15:05:00	1.09564	1.09573	1.09559	1.09559	142	0	9
2024.03.06	15:06:00	1.09559	1.09596	1.09554	1.09576	122	0	11
2024.03.06	15:07:00	1.09576	1.09580	1.09572	1.09574	76	0	11
2024.03.06	15:08:00	1.09574	1.09579	1.09560	1.09563	74	0	9
2024.03.06	15:09:00	1.09563	1.09571	1.09551	1.09562	24	0	11
2024.03.06	15:10:00	1.09562	1.09568	1.09551	1.09555	51	0	10
2024.03.06	15:11:00	1.09555	1.09561	1.09553	1.09560	80	0	9
2024.03.06	15:12:00	1.09560	1.09588	1.09556	1.09583	90	0	12
2024.03.06	15:13:00	1.09583	1.09585	1.09567	1.09572	41	0	9
2024.03.06	15:14:00	1.09572	1.09580	1.09561	1.09564	23	0	8
2024.03.06	15:15:00	1.09564	1.09565	1.09547	1.09557	180	0	11
2024.03.06	15:16:00	1.09557	1.09567	1.09545	1.09566	158	0	11
2024.03.06	15:17:00	1.09566	1.09582	1.09562	1.09568	70	0	12
2024.03.06	15:18:00	1.09568	1.09582	1.09559	1.09574	94	0	8
2024.03.06	15:19:00	1.09574	1.09588	1.09572	1.09579	42	0	11
2024.03.06	15:20:00	1.09579	1.09597	1.09576	1.09591	95	0	10
2024.03.06	15:21:00	1.09591	1.09591	1.09559	1.09575	80	0	9
2024.03.06	15:22:00	1.09575	1.09588	1.09565	1.09585	162	0	9
2024.03.06	15:23:00	1.09585	1.09585	1.09575	1.09576	95	0	10
2024.03.06	15:24:00	1.09576	1.09576	1.09568	1.09573	48	0	8
2024.03.06	15:25:00	1.09573	1.09580	1.09568	1.09569	138	0	9
2024.03.06	15:26:00	1.09569	1.09571	1.09554	1.09564	147	0	10
2024.03.06	15:27:00	1.09564	1.09570	1.09546	1.09548	116	0	8
2024.03.06	15:28:00	1.09548	1.09554	1.09512	1.09515	38	0	9
2024.03.06	15:29:00	1.09515	1.09534	1.09512	1.09533	53	0	9
2024.03.06	15:30:00	1.09533	1.09533	1.09512	1.09514	123	0	10
2024.03.06	15:31:00	1.09514	1.09517	1.09510	1.09516	125	0	9
2024.03.06	15:32:00	1.09516	1.09533	1.09488	1.09496	81	0	10
2024.03.06	15:33:00	1.09496	1.09511	1.09495	1.09505	87	0	12
2024.03.06	15:34:00	1.09505	1.09525	1.09494	1.09495	112	0	12
2024.03.06	15:35:00	1.09495	1.09496	1.09487	1.09488	104	0	10
2024.03.06	15:36:00	1.09488	1.09500	1.09482	1.09490	163	0	8
2024.03.06	15:37:00	1.09490	1.09502	1.09488	1.09496	110	0	9
2024.03.06	15:38:00	1.09496	1.09498	1.09467	1.09481	114	0	8
2024.03.06	15:39:00	1.09481	1.09485	1.09472	1.09472	89	0	10
2024.03.06	15:40:00	1.09472	1.09492	1.09467	1.09486	104	0	9
2024.03.06	15:41:00	1.09486	1.09487	1.09466	1.09473	69	0	9
2024.03.06	15:42:00	1.09473	1.09478	1.09472	1.09478	12	0	9
2024.03.06	15:43:00	1.09478	1.09492	1.09478	1.09492	56	0	12
2024.03.06	15:44:00	1.09492	1.09502	1.09474	1.09477	126	0	9
2024.03.06	15:45:00	1.09477	1.09480	1.09470	1.09476	128	0	8
2024.03.06	15:46:00	1.09476	1.09481	1.09471	1.09475	87	0	10
2024.03.06	15:47:00	1.09475	1.09495	1.09470	1.09495	117	0	10
2024.03.06	15:48:00	1.09495	1.09510	1.09487	1.09507	90	0	8
2024.03.06	15:49:00	1.09507	1.09507	1.09477	1.09484	17	0	10
2024.03.06	15:50:00	1.09484	1.09489	1.09463	1.09468	140	0	10
2024.03.06	15:51:00	1.09468	1.09472	1.09444	1.09446	13	0	9
2024.03.06	15:52:00	1.09446	1.09449	1.09428	1.09431	40	0	10
2024.03.06	15:53:00	1.09431	1.09445	1.09424	1.09435	50	0	10
2024.03.06	15:54:00	1.09435	1.09440	1.09428	1.09440	156	0	10
2024.03.06	15:55:00	1.09440	1.09443	1.09438	1.09439	113	0	10
2024.03.06	15:56:00	1.09439	1.09451	1.09434	1.09440	179	0	10
2024.03.06	15:57:00	1.09440	1.09448	1.09411	1.09417	158	0	8
2024.03.06	15:58:00	1.09417	1.09423	1.09417	1.09421	15	0	8
2024.03.06	15:59:00	1.09421	1.09430	1.09419	1.09424	54	0	8
2024.03.06	16:00:00	1.09424	1.09431	1.09418	1.09428	114	0	9
2024.03.06	16:01:00	1.09428	1.09434	1.09415	1.09418	133	0	8
2024.03.06	16:02:00	1.09418	1.09457	1.09410	1.09449	33	0	9
2024.03.06	16:03:00	1.09449	1.09453	1.09437	1.09439	51	0	9
2024.03.06	16:04:00	1.09439	1.09449	1.09435	1.09443	68	0	10
2024.03.06	16:05:00	1.09443	1.09450	1.09422	1.09429	178	0	9
2024.03.06	16:06:00	1.09429	1.09436	1.09429	1.09432	109	0	9
2024.03.06	16:07:00	1.09432	1.09436	1.09421	1.09424	31	0	9
2024.03.06	16:08:00	1.09424	1.09447	1.09418	1.09443	54	0	10
2024.03.06	16:09:00	1.09443	1.09450	1.09437	1.09443	58	0	9
2024.03.06	16:10:00	1.09443	1.09459	1.09440	1.09442	16	0	10
2024.03.06	16:11:00	1.09442	1.09462	1.09436	1.09460	66	0	11
2024.03.06	16:12:00	1.09460	1.09464	1.09450	1.09457	114	0	11
2024.03.06	16:13:00	1.09457	1.09459	1.09452	1.09456	10	0	9
2024.03.06	16:14:00	1.09456	1.09458	1.09452	1.09453	131	0	10
2024.03.06	16:15:00	1.09453	1.09469	1.09446	1.09459	98	0	10
2024.03.06	16:16:00	1.09459	1.09460	1.09444	1.09454	30	0	10
2024.03.06	16:17:00	1.09454	1.09467	1.09451	1.09462	83	0	9
2024.03.06	16:18:00	1.09462	1.09469	1.09444	1.09456	87	0	9
2024.03.06	16:19:00	1.09456	1.09491	1.09452	1.09484	154	0	11
2024.03.06	16:20:00	1.09484	1.09490	1.09476	1.09488	135	0	8
2024.03.06	16:21:00	1.09488	1.09503	1.09451	1.09459	51	0	10
2024.03.06	16:22:00	1.09459	1.09464	1.09438	1.09448	114	0	12
2024.03.06	16:23:00	1.09448	1.09456	1.09424	1.09426	147	0	10
2024.03.06	16:24:00	1.09426	1.09430	1.09394	1.09395	125	0	10
2024.03.06	16:25:00	1.09395	1.09408	1.09384	1.09388	166	0	12
2024.03.06	16:26:00	1.09388	1.09398	1.09371	1.09382	180	0	10
2024.03.06	16:27:00	1.09382	1.09387	1.09382	1.09382	62	0	9
2024.03.06	16:28:00	1.09382	1.09387	1.09382	1.09383	126	0	8
2024.03.06	16:29:00	1.09383	1.09385	1.09373	1.09382	12	0	10
2024.03.06	16:30:00	1.09382	1.09385	1.09372	1.09372	36	0	12
2024.03.06	16:31:00	1.09372	1.09375	1.09353	1.09363	65	0	10
2024.03.06	16:32:00	1.09363	1.09368	1.09360	1.09364	53	0	12
2024.03.06	16:33:00	1.09364	1.09374	1.09352	1.09361	13	0	11
2024.03.06	16:34:00	1.09361	1.09387	1.09357	1.09386	111	0	11
2024.03.06	16:35:00	1.09386	1.09396	1.09381	1.09390	90	0	9
2024.03.06	16:36:00	1.09390	1.09421	1.09385	1.09421	13	0	8
2024.03.06	16:37:00	1.09421	1.09440	1.09421	1.09431	151	0	12
2024.03.06	16:38:00	1.09431	1.09451	1.09423	1.09440	132	0	8
2024.03.06	16:39:00	1.09440	1.09457	1.09429	1.09453	163	0	10
2024.03.06	16:40:00	1.09453	1.09463	1.09445	1.09458	52	0	9
2024.03.06	16:41:00	1.09458	1.09481	1.09455	1.09476	144	0	11
2024.03.06	16:42:00	1.09476	1.09477	1.09476	1.09476	134	0	12
2024.03.06	16:43:00	1.09476	1.09487	1.09468	1.09481	75	0	9
2024.03.06	16:44:00	1.09481	1.09485	1.09479	1.09480	173	0	11
2024.03.06	16:45:00	1.09480	1.09495	1.09474	1.09488	123	0	10
2024.03.06	16:46:00	1.09488	1.09489	1.09476	1.09480	51	0	9
2024.03.06	16:47:00	1.09480	1.09492	1.09467	1.09474	76	0	9
2024.03.06	16:48:00	1.09474	1.09493	1.09470	1.09483	78	0	8
2024.03.06	16:49:00	1.09483	1.09491	1.09468	1.09484	62	0	10
2024.03.06	16:50:00	1.09484	1.09484	1.09474	1.09474	159	0	10
2024.03.06	16:51:00	1.09474	1.09478	1.09467	1.09472	37	0	12
2024.03.06	16:52:00	1.09472	1.09481	1.09463	1.09469	98	0	9
2024.03.06	16:53:00	1.09469	1.09473	1.09455	1.09455	165	0	10
2024.03.06	16:54:00	1.09455	1.09459	1.09429	1.09436	25	0	12
2024.03.06	16:55:00	1.09436	1.09442	1.09419	1.09421	19	0	10
2024.03.06	16:56:00	1.09421	1.09422	1.09420	1.09421	53	0	11
2024.03.06	16:57:00	1.09421	1.09424	1.09409	1.09413	178	0	12
2024.03.06	16:58:00	1.09413	1.09433	1.09405	1.09429	162	0	10
2024.03.06	16:59:00	1.09429	1.09429	1.09395	1.09396	40	0	8
2024.03.06	17:00:00	1.09396	1.09413	1.09387	1.09411	110	0	12
2024.03.06	17:01:00	1.09411	1.09429	1.09401	1.09419	126	0	10
2024.03.06	17:02:00	1.09419	1.09421	1.09401	1.09404	108	0	11
2024.03.06	17:03:00	1.09404	1.09407	1.09394	1.09400	95	0	10
2024.03.06	17:04:00	1.09400	1.09413	1.09398	1.09410	110	0	12
2024.03.06	17:05:00	1.09410	1.09416	1.09390	1.09391	67	0	10
2024.03.06	17:06:00	1.09391	1.09394	1.09379	1.09392	162	0	9
2024.03.06	17:07:00	1.09392	1.09395	1.09370	1.09376	171	0	10
2024.03.06	17:08:00	1.09376	1.09382	1.09355	1.09356	177	0	12
2024.03.06	17:09:00	1.09356	1.09376	1.09354	1.09371	102	0	10
2024.03.06	17:10:00	1.09371	1.09372	1.09339	1.09344	97	0	10
2024.03.06	17:11:00	1.09344	1.09356	1.09339	1.09351	89	0	9
2024.03.06	17:12:00	1.09351	1.09352	1.09331	1.09336	72	0	10
2024.03.06	17:13:00	1.09336	1.09340	1.09330	1.09339	78	0	9
2024.03.06	17:14:00	1.09339	1.09346	1.09325	1.09327	27	0	11
2024.03.06	17:15:00	1.09327	1.09359	1.09318	1.09356	175	0	10
2024.03.06	17:16:00	1.09356	1.09356	1.09323	1.09331	66	0	9
2024.03.06	17:17:00	1.09331	1.09344	1.09327	1.09343	178	0	11
2024.03.06	17:18:00	1.09343	1.09366	1.09341	1.09361	90	0	10
2024.03.06	17:19:00	1.09361	1.09370	1.09360	1.09364	142	0	8
2024.03.06	17:20:00	1.09364	1.09368	1.09362	1.09364	66	0	8
2024.03.06	17:21:00	1.09364	1.09372	1.09355	1.09360	48	0	10
2024.03.06	17:22:00	1.09360	1.09372	1.09349	1.09356	91	0	11
2024.03.06	17:23:00	1.09356	1.09366	1.09353	1.09354	100	0	9
2024.03.06	17:24:00	1.09354	1.09362	1.09352	1.09359	64	0	12
2024.03.06	17:25:00	1.09359	1.09361	1.09336	1.09346	72	0	10
2024.03.06	17:26:00	1.09346	1.09353	1.09339	1.09340	151	0	10
2024.03.06	17:27:00	1.09340	1.09342	1.09323	1.09324	85	0	9
2024.03.06	17:28:00	1.09324	1.09329	1.09317	1.09318	162	0	10
2024.03.06	17:29:00	1.09318	1.09322	1.09307	1.09321	141	0	8
2024.03.06	17:30:00	1.09321	1.09347	1.09313	1.09337	24	0	9
2024.03.06	17:31:00	1.09337	1.09367	1.09329	1.09359	51	0	10
2024.03.06	17:32:00	1.09359	1.09369	1.09352	1.09352	129	0	11
2024.03.06	17:33:00	1.09352	1.09365	1.09341	1.09360	74	0	9
2024.03.06	17:34:00	1.09360	1.09372	1.09356	1.09368	131	0	10
2024.03.06	17:35:00	1.09368	1.09379	1.09366	1.09371	121	0	9
2024.03.06	17:36:00	1.09371	1.09385	1.09369	1.09374	93	0	8
2024.03.06	17:37:00	1.09374	1.09391	1.09364	1.09387	37	0	11
2024.03.06	17:38:00	1.09387	1.09392	1.09375	1.09375	155	0	10
2024.03.06	17:39:00	1.09375	1.09384	1.09369	1.09377	50	0	8
2024.03.06	17:40:00	1.09377	1.09404	1.09374	1.09394	68	0	10
2024.03.06	17:41:00	1.09394	1.09410	1.09392	1.09407	149	0	9
2024.03.06	17:42:00	1.09407	1.09416	1.09406	1.09414	67	0	9
2024.03.06	17:43:00	1.09414	1.09414	1.09397	1.09398	97	0	10
2024.03.06	17:44:00	1.09398	1.09408	1.09384	1.09392	141	0	11
2024.03.06	17:45:00	1.09392	1.09395	1.09380	1.09387	108	0	8
2024.03.06	17:46:00	1.09387	1.09399	1.09385	1.09392	45	0	11
2024.03.06	17:47:00	1.09392	1.09398	1.09373	1.09382	61	0	10
2024.03.06	17:48:00	1.09382	1.09386	1.09377	1.09384	81	0	12
2024.03.06	17:49:00	1.09384	1.09384	1.09354	1.09362	87	0	10
2024.03.06	17:50:00	1.09362	1.09365	1.09352	1.09356	161	0	10
2024.03.06	17:51:00	1.09356	1.09363	1.09351	1.09362	110	0	8
2024.03.06	17:52:00	1.09362	1.09367	1.09354	1.09359	31	0	10
2024.03.06	17:53:00	1.09359	1.09363	1.09354	1.09358	173	0	10
2024.03.06	17:54:00	1.09358	1.09361	1.09354	1.09356	146	0	10
2024.03.06	17:55:00	1.09356	1.09381	1.09348	1.09376	154	0	11
2024.03.06	17:56:00	1.09376	1.09380	1.09370	1.09373	140	0	9
2024.03.06	17:57:00	1.09373	1.09385	1.09364	1.09385	169	0	8
2024.03.06	17:58:00	1.09385	1.09392	1.09382	1.09390	157	0	8
2024.03.06	17:59:00	1.09390	1.09394	1.09363	1.09374	142	0	11
2024.03.06	18:00:00	1.09374	1.09384	1.09370	1.09381	72	0	8
2024.03.06	18:01:00	1.09381	1.09384	1.09358	1.09364	140	0	12
2024.03.06	18:02:00	1.09364	1.09365	1.09360	1.09361	160	0	11
2024.03.06	18:03:00	1.09361	1.09369	1.09356	1.09358	80	0	9
2024.03.06	18:04:00	1.09358	1.09362	1.09336	1.09345	169	0	8
2024.03.06	18:05:00	1.09345	1.09368	1.09342	1.09360	30	0	10
2024.03.06	18:06:00	1.09360	1.09384	1.09359	1.09370	95	0	12
2024.03.06	18:07:00	1.09370	1.09386	1.09363	1.09383	130	0	12
2024.03.06	18:08:00	1.09383	1.09386	1.09361	1.09375	97	0	12
2024.03.06	18:09:00	1.09375	1.09390	1.09370	1.09377	103	0	8
2024.03.06	18:10:00	1.09377	1.09382	1.09376	1.09379	46	0	9
2024.03.06	18:11:00	1.09379	1.09388	1.09364	1.09365	91	0	10
2024.03.06	18:12:00	1.09365	1.09391	1.09359	1.09386	158	0	9
2024.03.06	18:13:00	1.09386	1.09394	1.09368	1.09376	68	0	10
2024.03.06	18:14:00	1.09376	1.09380	1.09371	1.09375	78	0	8
2024.03.06	18:15:00	1.09375	1.09378	1.09358	1.09362	13	0	11
2024.03.06	18:16:00	1.09362	1.09381	1.09360	1.09372	115	0	10
2024.03.06	18:17:00	1.09372	1.09391	1.09368	1.09382	56	0	10
2024.03.06	18:18:00	1.09382	1.09396	1.09381	1.09390	52	0	9
2024.03.06	18:19:00	1.09390	1.09402	1.09385	1.09400	124	0	12
2024.03.06	18:20:00	1.09400	1.09407	1.09399	1.09404	68	0	10
2024.03.06	18:21:00	1.09404	1.09424	1.09403	1.09420	170	0	10
2024.03.06	18:22:00	1.09420	1.09422	1.09415	1.09418	84	0	10
2024.03.06	18:23:00	1.09418	1.09419	1.09386	1.09391	78	0	12
2024.03.06	18:24:00	1.09391	1.09398	1.09387	1.09392	140	0	10
2024.03.06	18:25:00	1.09392	1.09396	1.09379	1.09392	93	0	8
2024.03.06	18:26:00	1.09392	1.09395	1.09381	1.09382	12	0	12
2024.03.06	18:27:00	1.09382	1.09382	1.09368	1.09377	144	0	9
2024.03.06	18:28:00	1.09377	1.09396	1.09373	1.09396	52	0	12
2024.03.06	18:29:00	1.09396	1.09405	1.09393	1.09393	136	0	8
2024.03.06	18:30:00	1.09393	1.09397	1.09391	1.09396	20	0	10
2024.03.06	18:31:00	1.09396	1.09405	1.09380	1.09381	53	0	10
2024.03.06	18:32:00	1.09381	1.09385	1.09380	1.09382	20	0	10
2024.03.06	18:33:00	1.09382	1.09384	1.09369	1.09374	25	0	11
2024.03.06	18:34:00	1.09374	1.09374	1.09358	1.09362	17	0	9
2024.03.06	18:35:00	1.09362	1.09377	1.09361	1.09372	157	0	11
2024.03.06	18:36:00	1.09372	1.09374	1.09354	1.09359	102	0	10
2024.03.06	18:37:00	1.09359	1.09377	1.09359	1.09371	171	0	10
2024.03.06	18:38:00	1.09371	1.09375	1.09370	1.09371	54	0	11
2024.03.06	18:39:00	1.09371	1.09372	1.09356	1.09369	177	0	11
2024.03.06	18:40:00	1.09369	1.09381	1.09366	1.09379	34	0	9
2024.03.06	18:41:00	1.09379	1.09394	1.09375	1.09389	123	0	8
2024.03.06	18:42:00	1.09389	1.09395	1.09388	1.09394	75	0	12
2024.03.06	18:43:00	1.09394	1.09423	1.09392	1.09411	145	0	10
2024.03.06	18:44:00	1.09411	1.09420	1.09397	1.09401	134	0	9
2024.03.06	18:45:00	1.09401	1.09412	1.09395	1.09407	126	0	12
2024.03.06	18:46:00	1.09407	1.09409	1.09380	1.09383	127	0	9
2024.03.06	18:47:00	1.09383	1.09390	1.09375	1.09387	69	0	10
2024.03.06	18:48:00	1.09387	1.09392	1.09367	1.09372	170	0	12
2024.03.06	18:49:00	1.09372	1.09378	1.09361	1.09363	18	0	11
2024.03.06	18:50:00	1.09363	1.09382	1.09355	1.09379	67	0	10
2024.03.06	18:51:00	1.09379	1.09382	1.09349	1.09356	159	0	9
2024.03.06	18:52:00	1.09356	1.09363	1.09326	1.09332	148	0	8
2024.03.06	18:53:00	1.09332	1.09340	1.09331	1.09335	145	0	10
2024.03.06	18:54:00	1.09335	1.09356	1.09334	1.09349	46	0	11
2024.03.06	18:55:00	1.09349	1.09370	1.09343	1.09366	39	0	12
2024.03.06	18:56:00	1.09366	1.09384	1.09363	1.09380	171	0	11
2024.03.06	18:57:00	1.09380	1.09380	1.09375	1.09380	20	0	12
2024.03.06	18:58:00	1.09380	1.09402	1.09374	1.09386	38	0	8
2024.03.06	18:59:00	1.09386	1.09389	1.09366	1.09370	48	0	12
2024.03.06	19:00:00	1.09370	1.09381	1.09355	1.09370	18	0	12
2024.03.06	19:01:00	1.09370	1.09374	1.09356	1.09360	17	0	10
2024.03.06	19:02:00	1.09360	1.09367	1.09355	1.09357	28	0	10
2024.03.06	19:03:00	1.09357	1.09383	1.09353	1.09372	38	0	9
2024.03.06	19:04:00	1.09372	1.09379	1.09372	1.09373	72	0	8
2024.03.06	19:05:00	1.09373	1.09375	1.09373	1.09375	146	0	11
2024.03.06	19:06:00	1.09375	1.09382	1.09375	1.09379	77	0	10
2024.03.06	19:07:00	1.09379	1.09398	1.09375	1.09396	19	0	9
2024.03.06	19:08:00	1.09396	1.09411	1.09393	1.09410	145	0	8
2024.03.06	19:09:00	1.09410	1.09416	1.09407	1.09416	128	0	11
2024.03.06	19:10:00	1.09416	1.09418	1.09402	1.09403	137	0	10
2024.03.06	19:11:00	1.09403	1.09404	1.09389	1.09391	27	0	10
2024.03.06	19:12:00	1.09391	1.09394	1.09387	1.09388	138	0	10
2024.03.06	19:13:00	1.09388	1.09389	1.09377	1.09384	104	0	11
2024.03.06	19:14:00	1.09384	1.09407	1.09379	1.09394	128	0	11
2024.03.06	19:15:00	1.09394	1.09397	1.09359	1.09371	57	0	8
2024.03.06	19:16:00	1.09371	1.09395	1.09367	1.09392	16	0	10
2024.03.06	19:17:00	1.09392	1.09411	1.09388	1.09399	163	0	11
2024.03.06	19:18:00	1.09399	1.09410	1.09398	1.09408	113	0	11
2024.03.06	19:19:00	1.09408	1.09427	1.09401	1.09418	46	0	10
2024.03.06	19:20:00	1.09418	1.09440	1.09407	1.09432	77	0	12
2024.03.06	19:21:00	1.09432	1.09445	1.09430	1.09443	148	0	9
2024.03.06	19:22:00	1.09443	1.09449	1.09433	1.09441	112	0	9
2024.03.06	19:23:00	1.09441	1.09446	1.09424	1.09431	31	0	11
2024.03.06	19:24:00	1.09431	1.09446	1.09426	1.09440	179	0	12
2024.03.06	19:25:00	1.09440	1.09447	1.09420	1.09421	90	0	8
2024.03.06	19:26:00	1.09421	1.09422	1.09393	1.09398	150	0	10
2024.03.06	19:27:00	1.09398	1.09406	1.09397	1.09404	146	0	10
2024.03.06	19:28:00	1.09404	1.09404	1.09387	1.09388	167	0	11
2024.03.06	19:29:00	1.09388	1.09396	1.09388	1.09389	107	0	11
2024.03.06	19:30:00	1.09389	1.09396	1.09389	1.09392	160	0	10
2024.03.06	19:31:00	1.09392	1.09405	1.09388	1.09402	101	0	10
2024.03.06	19:32:00	1.09402	1.09406	1.09391	1.09394	105	0	11
2024.03.06	19:33:00	1.09394	1.09405	1.09385	1.09404	110	0	9
2024.03.06	19:34:00	1.09404	1.09417	1.09398	1.09409	86	0	12
2024.03.06	19:35:00	1.09409	1.09412	1.09388	1.09396	72	0	12
2024.03.06	19:36:00	1.09396	1.09402	1.09377	1.09381	42	0	10
2024.03.06	19:37:00	1.09381	1.09393	1.09374	1.09392	22	0	11
2024.03.06	19:38:00	1.09392	1.09407	1.09384	1.09406	158	0	9
2024.03.06	19:39:00	1.09406	1.09414	1.09382	1.09385	135	0	8
2024.03.06	19:40:00	1.09385	1.09385	1.09384	1.09385	144	0	10
2024.03.06	19:41:00	1.09385	1.09387	1.09354	1.09358	111	0	11
2024.03.06	19:42:00	1.09358	1.09378	1.09353	1.09377	160	0	8
2024.03.06	19:43:00	1.09377	1.09386	1.09367	1.09368	98	0	10
2024.03.06	19:44:00	1.09368	1.09377	1.09361	1.09362	122	0	11
2024.03.06	19:45:00	1.09362	1.09363	1.09346	1.09355	34	0	12
2024.03.06	19:46:00	1.09355	1.09373	1.09351	1.09363	85	0	12
2024.03.06	19:47:00	1.09363	1.09378	1.09362	1.09375	170	0	11
2024.03.06	19:48:00	1.09375	1.09376	1.09350	1.09359	166	0	9
2024.03.06	19:49:00	1.09359	1.09380	1.09356	1.09380	154	0	8
2024.03.06	19:50:00	1.09380	1.09387	1.09375	1.09379	140	0	11
2024.03.06	19:51:00	1.09379	1.09391	1.09364	1.09384	168	0	11
2024.03.06	19:52:00	1.09384	1.09390	1.09371	1.09374	74	0	12
2024.03.06	19:53:00	1.09374	1.09386	1.09372	1.09374	63	0	10
2024.03.06	19:54:00	1.09374	1.09387	1.09356	1.09363	173	0	12
2024.03.06	19:55:00	1.09363	1.09371	1.09359	1.09368	170	0	12
2024.03.06	19:56:00	1.09368	1.09370	1.09363	1.09366	33	0	10
2024.03.06	19:57:00	1.09366	1.09372	1.09347	1.09349	125	0	12
2024.03.06	19:58:00	1.09349	1.09357	1.09346	1.09355	153	0	12
2024.03.06	19:59:00	1.09355	1.09361	1.09336	1.09337	115	0	8
2024.03.06	20:00:00	1.09337	1.09339	1.09325	1.09329	70	0	9
2024.03.06	20:01:00	1.09329	1.09334	1.09311	1.09316	106	0	8
2024.03.06	20:02:00	1.09316	1.09321	1.09310	1.09320	31	0	10
2024.03.06	20:03:00	1.09320	1.09329	1.09294	1.09298	100	0	8
2024.03.06	20:04:00	1.09298	1.09300	1.09273	1.09282	165	0	10
2024.03.06	20:05:00	1.09282	1.09284	1.09279	1.09281	136	0	9
2024.03.06	20:06:00	1.09281	1.09298	1.09281	1.09295	140	0	12
2024.03.06	20:07:00	1.09295	1.09337	1.09292	1.09326	94	0	10
2024.03.06	20:08:00	1.09326	1.09331	1.09323	1.09329	125	0	10
2024.03.06	20:09:00	1.09329	1.09333	1.09320	1.09327	12	0	8
2024.03.06	20:10:00	1.09327	1.09340	1.09327	1.09339	133	0	8
2024.03.06	20:11:00	1.09339	1.09340	1.09334	1.09338	125	0	12
2024.03.06	20:12:00	1.09338	1.09341	1.09328	1.09329	13	0	9
2024.03.06	20:13:00	1.09329	1.09334	1.09326	1.09332	39	0	12
2024.03.06	20:14:00	1.09332	1.09342	1.09324	1.09334	146	0	10
2024.03.06	20:15:00	1.09334	1.09343	1.09327	1.09337	72	0	10
2024.03.06	20:16:00	1.09337	1.09343	1.09326	1.09328	67	0	12
2024.03.06	20:17:00	1.09328	1.09329	1.09319	1.09326	87	0	10
2024.03.06	20:18:00	1.09326	1.09351	1.09325	1.09346	127	0	11
2024.03.06	20:19:00	1.09346	1.09347	1.09339	1.09341	115	0	12
2024.03.06	20:20:00	1.09341	1.09344	1.09336	1.09340	161	0	11
2024.03.06	20:21:00	1.09340	1.09349	1.09339	1.09344	101	0	10
2024.03.06	20:22:00	1.09344	1.09348	1.09325	1.09340	86	0	11
2024.03.06	20:23:00	1.09340	1.09356	1.09327	1.09331	76	0	10
2024.03.06	20:24:00	1.09331	1.09340	1.09322	1.09336	160	0	10
2024.03.06	20:25:00	1.09336	1.09344	1.09329	1.09334	130	0	12
2024.03.06	20:26:00	1.09334	1.09338	1.09314	1.09325	15	0	10
2024.03.06	20:27:00	1.09325	1.09341	1.09321	1.09331	36	0	10
2024.03.06	20:28:00	1.09331	1.09346	1.09319	1.09345	128	0	10
2024.03.06	20:29:00	1.09345	1.09375	1.09345	1.09354	160	0	11
2024.03.06	20:30:00	1.09354	1.09382	1.09347	1.09375	16	0	10
2024.03.06	20:31:00	1.09375	1.09382	1.09373	1.09378	63	0	8
2024.03.06	20:32:00	1.09378	1.09379	1.09371	1.09375	16	0	10
2024.03.06	20:33:00	1.09375	1.09377	1.09372	1.09374	134	0	8
2024.03.06	20:34:00	1.09374	1.09381	1.09371	1.09373	128	0	10
2024.03.06	20:35:00	1.09373	1.09394	1.09363	1.09385	56	0	10
2024.03.06	20:36:00	1.09385	1.09386	1.09372	1.09378	62	0	9
2024.03.06	20:37:00	1.09378	1.09378	1.09368	1.09374	39	0	9
2024.03.06	20:38:00	1.09374	1.09397	1.09370	1.09392	27	0	12
2024.03.06	20:39:00	1.09392	1.09424	1.09389	1.09410	74	0	10
2024.03.06	20:40:00	1.09410	1.09429	1.09403	1.09420	87	0	10
2024.03.06	20:41:00	1.09420	1.09432	1.09419	1.09429	133	0	9
2024.03.06	20:42:00	1.09429	1.09460	1.09426	1.09450	166	0	9
2024.03.06	20:43:00	1.09450	1.09454	1.09431	1.09434	173	0	10
2024.03.06	23:14:00	1.09286	1.09314	1.09284	1.09307	155	0	12
2024.03.06	23:15:00	1.09307	1.09309	1.09291	1.09293	129	0	11
2024.03.06	23:16:00	1.09293	1.09297	1.09292	1.09296	144	0	9
2024.03.06	23:17:00	1.09296	1.09305	1.09282	1.09291	117	0	10
2024.03.06	23:18:00	1.09291	1.09304	1.09289	1.09299	64	0	10
2024.03.06	23:19:00	1.09299	1.09310	1.09288	1.09310	18	0	12
2024.03.06	23:20:00	1.09310	1.09312	1.09275	1.09292	21	0	10
2024.03.06	23:21:00	1.09292	1.09296	1.09272	1.09280	99	0	8
2024.03.06	23:22:00	1.09280	1.09291	1.09264	1.09268	91	0	12
2024.03.06	23:23:00	1.09268	1.09268	1.09248	1.09248	149	0	8
2024.03.06	23:24:00	1.09248	1.09254	1.09244	1.09249	117	0	10
2024.03.06	23:25:00	1.09249	1.09265	1.09230	1.09231	160	0	9
2024.03.06	23:26:00	1.09231	1.09233	1.09221	1.09227	118	0	12
2024.03.06	23:27:00	1.09227	1.09232	1.09225	1.09228	21	0	12
2024.03.06	23:28:00	1.09228	1.09236	1.09212	1.09216	36	0	12
2024.03.06	23:29:00	1.09216	1.09221	1.09201	1.09206	150	0	9
2024.03.06	23:30:00	1.09206	1.09217	1.09205	1.09217	173	0	10
2024.03.06	23:31:00	1.09217	1.09227	1.09212	1.09222	171	0	8
2024.03.06	23:32:00	1.09222	1.09234	1.09207	1.09210	26	0	12
2024.03.06	23:33:00	1.09210	1.09227	1.09204	1.09222	171	0	10
2024.03.06	23:34:00	1.09222	1.09232	1.09211	1.09219	81	0	12
2024.03.06	23:35:00	1.09219	1.09226	1.09216	1.09223	107	0	8
2024.03.06	23:36:00	1.09223	1.09248	1.09222	1.09245	124	0	10
2024.03.06	23:37:00	1.09245	1.09247	1.09220	1.09232	173	0	11
2024.03.06	23:38:00	1.09232	1.09240	1.09228	1.09240	56	0	8
2024.03.06	23:39:00	1.09240	1.09241	1.09233	1.09239	155	0	9
2024.03.06	23:40:00	1.09239	1.09244	1.09217	1.09228	22	0	10
2024.03.06	23:41:00	1.09228	1.09231	1.09199	1.09210	175	0	10
2024.03.06	23:42:00	1.09210	1.09215	1.09199	1.09205	109	0	10
2024.03.06	23:43:00	1.09205	1.09207	1.09191	1.09193	59	0	11
2024.03.06	23:44:00	1.09193	1.09198	1.09160	1.09168	82	0	9
2024.03.06	23:45:00	1.09168	1.09182	1.09159	1.09160	32	0	10
2024.03.06	23:46:00	1.09160	1.09166	1.09154	1.09157	170	0	12
2024.03.06	23:47:00	1.09157	1.09170	1.09145	1.09157	130	0	11
2024.03.06	23:48:00	1.09157	1.09178	1.09150	1.09168	29	0	10
2024.03.06	23:49:00	1.09168	1.09181	1.09149	1.09157	23	0	8
2024.03.06	23:50:00	1.09157	1.09184	1.09148	1.09171	32	0	8
2024.03.06	23:51:00	1.09171	1.09181	1.09147	1.09153	93	0	9
2024.03.06	23:52:00	1.09153	1.09175	1.09142	1.09165	72	0	8
2024.03.06	23:53:00	1.09165	1.09172	1.09148	1.09154	8	0	8
2024.03.06	23:54:00	1.09154	1.09163	1.09143	1.09163	130	0	9
2024.03.06	23:55:00	1.09163	1.09165	1.09161	1.09161	158	0	10
2024.03.06	23:56:00	1.09161	1.09164	1.09146	1.09146	179	0	11
2024.03.06	23:57:00	1.09146	1.09151	1.09125	1.09132	29	0	10
2024.03.06	23:58:00	1.09132	1.09135	1.09117	1.09119	166	0	8
2024.03.06	23:59:00	1.09119	1.09135	1.09117	1.09129	81	0	9
2024.03.07	00:00:00	1.09129	1.09131	1.09105	1.09114	136	0	12
2024.03.07	00:01:00	1.09114	1.09120	1.09108	1.09109	143	0	10
2024.03.07	00:02:00	1.09109	1.09123	1.09085	1.09098	28	0	8
2024.03.07	00:03:00	1.09098	1.09124	1.09097	1.09116	55	0	8
2024.03.07	00:04:00	1.09116	1.09141	1.09111	1.09133	39	0	10
2024.03.07	00:05:00	1.09133	1.09156	1.09126	1.09152	87	0	9
2024.03.07	00:06:00	1.09152	1.09155	1.09127	1.09128	67	0	9
2024.03.07	00:07:00	1.09128	1.09138	1.09103	1.09104	178	0	10
2024.03.07	00:08:00	1.09104	1.09121	1.09101	1.09115	104	0	9
2024.03.07	00:09:00	1.09115	1.09118	1.09108	1.09116	177	0	10
2024.03.07	00:10:00	1.09116	1.09127	1.09107	1.09127	37	0	10
2024.03.07	00:11:00	1.09127	1.09142	1.09124	1.09138	87	0	10
2024.03.07	00:12:00	1.09138	1.09145	1.09118	1.09122	53	0	12
2024.03.07	00:13:00	1.09122	1.09132	1.09110	1.09117	89	0	11
2024.03.07	00:14:00	1.09117	1.09148	1.09116	1.09141	37	0	10
2024.03.07	00:15:00	1.09141	1.09143	1.09138	1.09141	155	0	8
2024.03.07	00:16:00	1.09141	1.09155	1.09134	1.09153	45	0	10
2024.03.07	00:17:00	1.09153	1.09182	1.09135	1.09174	162	0	9
2024.03.07	00:18:00	1.09174	1.09176	1.09159	1.09163	41	0	11
2024.03.07	00:19:00	1.09163	1.09171	1.09149	1.09154	9	0	8
2024.03.07	00:20:00	1.09154	1.09170	1.09141	1.09163	95	0	10
2024.03.07	00:21:00	1.09163	1.09168	1.09159	1.09162	61	0	10
2024.03.07	00:22:00	1.09162	1.09167	1.09162	1.09166	123	0	8
2024.03.07	00:23:00	1.09166	1.09177	1.09133	1.09141	47	0	8
2024.03.07	00:24:00	1.09141	1.09141	1.09116	1.09125	57	0	12
2024.03.07	00:25:00	1.09125	1.09148	1.09124	1.09147	48	0	12
2024.03.07	00:26:00	1.09147	1.09149	1.09142	1.09145	64	0	10
2024.03.07	00:27:00	1.09145	1.09153	1.09124	1.09130	27	0	10
2024.03.07	00:28:00	1.09130	1.09133	1.09124	1.09128	158	0	12
2024.03.07	00:29:00	1.09128	1.09145	1.09125	1.09140	94	0	10
2024.03.07	00:30:00	1.09140	1.09140	1.09119	1.09124	169	0	10
2024.03.07	00:31:00	1.09124	1.09125	1.09103	1.09104	129	0	8
2024.03.07	00:32:00	1.09104	1.09109	1.09103	1.09109	51	0	8
2024.03.07	00:33:00	1.09109	1.09117	1.09100	1.09111	78	0	10
2024.03.07	00:34:00	1.09111	1.09134	1.09103	1.09129	26	0	11
2024.03.07	00:35:00	1.09129	1.09147	1.09121	1.09143	166	0	10
2024.03.07	00:36:00	1.09143	1.09145	1.09125	1.09134	131	0	9
2024.03.07	00:37:00	1.09134	1.09158	1.09127	1.09156	37	0	10
2024.03.07	00:38:00	1.09156	1.09162	1.09130	1.09130	117	0	9
2024.03.07	00:39:00	1.09130	1.09137	1.09124	1.09129	144	0	8
2024.03.07	00:40:00	1.09129	1.09136	1.09129	1.09133	8	0	12
2024.03.07	00:41:00	1.09133	1.09154	1.09132	1.09151	37	0	10
2024.03.07	00:42:00	1.09151	1.09157	1.09138	1.09143	32	0	10
2024.03.07	00:43:00	1.09143	1.09146	1.09122	1.09126	162	0	10
2024.03.07	00:44:00	1.09126	1.09143	1.09125	1.09128	153	0	8
2024.03.07	00:45:00	1.09128	1.09129	1.09110	1.09111	124	0	10
2024.03.07	00:46:00	1.09111	1.09136	1.09102	1.09122	162	0	9
2024.03.07	00:47:00	1.09122	1.09125	1.09108	1.09112	29	0	8
2024.03.07	00:48:00	1.09112	1.09112	1.09101	1.09108	123	0	9
2024.03.07	00:49:00	1.09108	1.09119	1.09104	1.09110	94	0	12
2024.03.07	00:50:00	1.09110	1.09145	1.09104	1.09138	146	0	12
2024.03.07	00:51:00	1.09138	1.09153	1.09132	1.09145	70	0	9
2024.03.07	00:52:00	1.09145	1.09151	1.09130	1.09141	64	0	11
2024.03.07	00:53:00	1.09141	1.09146	1.09134	1.09136	45	0	10
2024.03.07	00:54:00	1.09136	1.09138	1.09135	1.09137	158	0	11
2024.03.07	00:55:00	1.09137	1.09155	1.09123	1.09149	78	0	8
2024.03.07	00:56:00	1.09149	1.09151	1.09143	1.09148	107	0	8
2024.03.07	00:57:00	1.09148	1.09154	1.09141	1.09142	129	0	12
2024.03.07	00:58:00	1.09142	1.09163	1.09135	1.09152	149	0	8
2024.03.07	00:59:00	1.09152	1.09156	1.09139	1.09146	161	0	11
2024.03.07	01:00:00	1.09146	1.09163	1.09145	1.09159	74	0	12
2024.03.07	01:01:00	1.09159	1.09171	1.09148	1.09167	145	0	10
2024.03.07	01:02:00	1.09167	1.09190	1.09156	1.09179	164	0	8
2024.03.07	01:03:00	1.09179	1.09194	1.09174	1.09191	36	0	9
2024.03.07	01:04:00	1.09191	1.09192	1.09183	1.09187	89	0	10
2024.03.07	01:05:00	1.09187	1.09192	1.09177	1.09182	59	0	8
2024.03.07	01:06:00	1.09182	1.09185	1.09179	1.09183	146	0	12
2024.03.07	01:07:00	1.09183	1.09187	1.09174	1.09182	103	0	12
2024.03.07	01:08:00	1.09182	1.09183	1.09162	1.09174	180	0	10
2024.03.07	01:09:00	1.09174	1.09203	1.09166	1.09194	112	0	10
2024.03.07	01:10:00	1.09194	1.09196	1.09168	1.09183	179	0	9
2024.03.07	01:11:00	1.09183	1.09188	1.09177	1.09184	163	0	12
2024.03.07	01:12:00	1.09184	1.09195	1.09149	1.09166	55	0	12
2024.03.07	01:13:00	1.09166	1.09174	1.09139	1.09154	51	0	8
2024.03.07	01:14:00	1.09154	1.09164	1.09151	1.09158	35	0	8
2024.03.07	01:15:00	1.09158	1.09173	1.09152	1.09172	95	0	8
2024.03.07	01:16:00	1.09172	1.09184	1.09168	1.09176	156	0	9
2024.03.07	01:17:00	1.09176	1.09193	1.09173	1.09190	54	0	10
2024.03.07	01:18:00	1.09190	1.09198	1.09176	1.09182	89	0	12
2024.03.07	01:19:00	1.09182	1.09190	1.09172	1.09175	180	0	10
2024.03.07	01:20:00	1.09175	1.09177	1.09170	1.09173	47	0	12
2024.03.07	01:21:00	1.09173	1.09184	1.09170	1.09181	154	0	8
2024.03.07	01:22:00	1.09181	1.09184	1.09167	1.09173	43	0	9
2024.03.07	01:23:00	1.09173	1.09207	1.09163	1.09196	77	0	9
2024.03.07	01:24:00	1.09196	1.09207	1.09192	1.09206	151	0	11
2024.03.07	01:25:00	1.09206	1.09222	1.09194	1.09212	74	0	10
2024.03.07	01:26:00	1.09212	1.09224	1.09204	1.09204	174	0	10
2024.03.07	01:27:00	1.09204	1.09207	1.09197	1.09198	178	0	10
2024.03.07	01:28:00	1.09198	1.09204	1.09190	1.09203	36	0	12
2024.03.07	01:29:00	1.09203	1.09210	1.09190	1.09196	147	0	10
2024.03.07	01:30:00	1.09196	1.09201	1.09192	1.09194	73	0	10
2024.03.07	01:31:00	1.09194	1.09215	1.09192	1.09212	158	0	11
2024.03.07	01:32:00	1.09212	1.09213	1.09210	1.09211	147	0	10
2024.03.07	01:33:00	1.09211	1.09217	1.09186	1.09193	125	0	9
2024.03.07	01:34:00	1.09193	1.09199	1.09192	1.09198	153	0	11
2024.03.07	01:35:00	1.09198	1.09199	1.09180	1.09187	137	0	8
2024.03.07	01:36:00	1.09187	1.09204	1.09177	1.09191	73	0	12
2024.03.07	01:37:00	1.09191	1.09192	1.09180	1.09185	139	0	12
2024.03.07	01:38:00	1.09185	1.09200	1.09171	1.09178	159	0	9
2024.03.07	01:39:00	1.09178	1.09198	1.09175	1.09193	91	0	10
2024.03.07	01:40:00	1.09193	1.09193	1.09192	1.09193	94	0	11
2024.03.07	01:41:00	1.09193	1.09213	1.09193	1.09207	60	0	8
2024.03.07	01:42:00	1.09207	1.09231	1.09191	1.09214	58	0	10
2024.03.07	01:43:00	1.09214	1.09221	1.09213	1.09214	150	0	9
2024.03.07	01:44:00	1.09214	1.09216	1.09203	1.09205	122	0	12
2024.03.07	01:45:00	1.09205	1.09212	1.09203	1.09206	179	0	12
2024.03.07	01:46:00	1.09206	1.09215	1.09182	1.09194	158	0	11
2024.03.07	01:47:00	1.09194	1.09197	1.09189	1.09189	133	0	10
2024.03.07	01:48:00	1.09189	1.09191	1.09163	1.09177	79	0	10
2024.03.07	01:49:00	1.09177	1.09185	1.09176	1.09179	18	0	11
2024.03.07	01:50:00	1.09179	1.09183	1.09176	1.09176	45	0	8
2024.03.07	01:51:00	1.09176	1.09193	1.09174	1.09176	126	0	12
2024.03.07	01:52:00	1.09176	1.09200	1.09168	1.09186	119	0	8
2024.03.07	01:53:00	1.09186	1.09203	1.09181	1.09202	87	0	9
2024.03.07	01:54:00	1.09202	1.09213	1.09201	1.09206	117	0	11
2024.03.07	01:55:00	1.09206	1.09216	1.09192	1.09194	67	0	11
2024.03.07	01:56:00	1.09194	1.09220	1.09193	1.09213	115	0	10
2024.03.07	01:57:00	1.09213	1.09214	1.09212	1.09214	49	0	10
2024.03.07	01:58:00	1.09214	1.09226	1.09209	1.09220	35	0	10
2024.03.07	01:59:00	1.09220	1.09234	1.09208	1.09209	122	0	10
2024.03.07	02:00:00	1.09209	1.09229	1.09206	1.09227	48	0	8
2024.03.07	02:01:00	1.09227	1.09238	1.09223	1.09230	79	0	12
2024.03.07	02:02:00	1.09230	1.09231	1.09223	1.09230	24	0	11
2024.03.07	02:03:00	1.09230	1.09237	1.09226	1.09234	68	0	11
2024.03.07	02:04:00	1.09234	1.09237	1.09221	1.09229	140	0	10
2024.03.07	02:05:00	1.09229	1.09232	1.09217	1.09220	78	0	12
2024.03.07	02:06:00	1.09220	1.09222	1.09200	1.09212	75	0	11
2024.03.07	02:07:00	1.09212	1.09213	1.09197	1.09205	164	0	12
2024.03.07	02:08:00	1.09205	1.09219	1.09197	1.09200	157	0	12
2024.03.07	02:09:00	1.09200	1.09204	1.09193	1.09197	12	0	8
2024.03.07	02:10:00	1.09197	1.09201	1.09188	1.09191	143	0	9
2024.03.07	02:11:00	1.09191	1.09215	1.09185	1.09210	139	0	11
2024.03.07	02:12:00	1.09210	1.09224	1.09206	1.09217	144	0	8
2024.03.07	02:13:00	1.09217	1.09245	1.09208	1.09243	21	0	10
2024.03.07	02:14:00	1.09243	1.09249	1.09233	1.09237	43	0	8
2024.03.07	02:15:00	1.09237	1.09256	1.09232	1.09254	117	0	10
2024.03.07	02:16:00	1.09254	1.09262	1.09240	1.09255	156	0	10
2024.03.07	02:17:00	1.09255	1.09260	1.09244	1.09252	9	0	9
2024.03.07	02:18:00	1.09252	1.09275	1.09251	1.09272	107	0	10
2024.03.07	02:19:00	1.09272	1.09274	1.09259	1.09266	83	0	10
2024.03.07	02:20:00	1.09266	1.09272	1.09253	1.09258	120	0	11
2024.03.07	02:21:00	1.09258	1.09274	1.09253	1.09274	125	0	9
2024.03.07	02:22:00	1.09274	1.09280	1.09273	1.09273	88	0	9
2024.03.07	02:23:00	1.09273	1.09279	1.09267	1.09268	138	0	11
2024.03.07	02:24:00	1.09268	1.09284	1.09266	1.09281	8	0	12
2024.03.07	02:25:00	1.09281	1.09293	1.09270	1.09273	158	0	12
2024.03.07	02:26:00	1.09273	1.09285	1.09271	1.09281	70	0	11
2024.03.07	02:27:00	1.09281	1.09285	1.09275	1.09278	20	0	12
2024.03.07	02:28:00	1.09278	1.09286	1.09275	1.09276	106	0	12
2024.03.07	02:29:00	1.09276	1.09276	1.09270	1.09271	119	0	12
2024.03.07	02:30:00	1.09271	1.09272	1.09256	1.09257	128	0	9
2024.03.07	02:31:00	1.09257	1.09260	1.09238	1.09244	67	0	10
2024.03.07	02:32:00	1.09244	1.09248	1.09224	1.09228	20	0	9
2024.03.07	02:33:00	1.09228	1.09232	1.09228	1.09229	47	0	9
2024.03.07	02:34:00	1.09229	1.09230	1.09208	1.09213	146	0	10
2024.03.07	02:35:00	1.09213	1.09253	1.09212	1.09243	47	0	12
2024.03.07	02:36:00	1.09243	1.09273	1.09230	1.09268	131	0	10
2024.03.07	02:37:00	1.09268	1.09273	1.09250	1.09258	179	0	8
2024.03.07	02:38:00	1.09258	1.09271	1.09255	1.09271	64	0	11
2024.03.07	02:39:00	1.09271	1.09296	1.09256	1.09288	66	0	10
2024.03.07	02:40:00	1.09288	1.09302	1.09283	1.09299	47	0	10
2024.03.07	02:41:00	1.09299	1.09310	1.09295	1.09309	59	0	11
2024.03.07	02:42:00	1.09309	1.09312	1.09294	1.09294	131	0	10
2024.03.07	02:43:00	1.09294	1.09305	1.09274	1.09275	109	0	10
2024.03.07	02:44:00	1.09275	1.09290	1.09273	1.09283	166	0	10
2024.03.07	02:45:00	1.09283	1.09289	1.09272	1.09276	70	0	8
2024.03.07	02:46:00	1.09276	1.09287	1.09266	1.09279	161	0	10
2024.03.07	02:47:00	1.09279	1.09287	1.09279	1.09285	63	0	8
2024.03.07	02:48:00	1.09285	1.09287	1.09266	1.09273	110	0	10
2024.03.07	02:49:00	1.09273	1.09285	1.09269	1.09278	107	0	10
2024.03.07	02:50:00	1.09278	1.09293	1.09277	1.09288	153	0	12
2024.03.07	02:51:00	1.09288	1.09299	1.09283	1.09291	87	0	10
2024.03.07	02:52:00	1.09291	1.09299	1.09282	1.09288	14	0	10
2024.03.07	02:53:00	1.09288	1.09300	1.09280	1.09281	14	0	12
2024.03.07	02:54:00	1.09281	1.09289	1.09274	1.09283	49	0	10
2024.03.07	02:55:00	1.09283	1.09295	1.09277	1.09292	152	0	8
2024.03.07	02:56:00	1.09292	1.09314	1.09285	1.09307	103	0	11
2024.03.07	02:57:00	1.09307	1.09312	1.09307	1.09309	131	0	10
2024.03.07	02:58:00	1.09309	1.09316	1.09304	1.09305	38	0	12
2024.03.07	02:59:00	1.09305	1.09309	1.09299	1.09302	86	0	9
2024.03.07	03:00:00	1.09302	1.09305	1.09294	1.09296	60	0	12
2024.03.07	03:01:00	1.09296	1.09306	1.09276	1.09283	126	0	12
2024.03.07	03:02:00	1.09283	1.09290	1.09280	1.09284	145	0	10
2024.03.07	03:03:00	1.09284	1.09297	1.09276	1.09291	52	0	10
2024.03.07	03:04:00	1.09291	1.09297	1.09287	1.09297	151	0	10
2024.03.07	03:05:00	1.09297	1.09299	1.09297	1.09299	93	0	8
2024.03.07	03:06:00	1.09299	1.09311	1.09298	1.09302	112	0	11
2024.03.07	03:07:00	1.09302	1.09324	1.09297	1.09311	57	0	10
2024.03.07	03:08:00	1.09311	1.09320	1.09290	1.09303	96	0	9
2024.03.07	03:09:00	1.09303	1.09309	1.09292	1.09301	113	0	10
2024.03.07	03:10:00	1.09301	1.09316	1.09299	1.09309	128	0	10
2024.03.07	03:11:00	1.09309	1.09315	1.09307	1.09309	66	0	12
2024.03.07	03:12:00	1.09309	1.09310	1.09273	1.09284	138	0	8
2024.03.07	03:13:00	1.09284	1.09297	1.09279	1.09295	43	0	12
2024.03.07	03:14:00	1.09295	1.09326	1.09295	1.09320	127	0	11
2024.03.07	03:15:00	1.09320	1.09330	1.09310	1.09323	153	0	12
2024.03.07	03:16:00	1.09323	1.09336	1.09321	1.09328	67	0	10
2024.03.07	03:17:00	1.09328	1.09345	1.09326	1.09337	151	0	10
2024.03.07	03:18:00	1.09337	1.09343	1.09333	1.09339	52	0	10
2024.03.07	03:19:00	1.09339	1.09364	1.09329	1.09361	167	0	10
2024.03.07	03:20:00	1.09361	1.09362	1.09357	1.09358	31	0	11
2024.03.07	03:21:00	1.09358	1.09371	1.09357	1.09358	109	0	12
2024.03.07	03:22:00	1.09358	1.09358	1.09342	1.09352	121	0	8
2024.03.07	03:23:00	1.09352	1.09354	1.09332	1.09335	69	0	10
2024.03.07	03:24:00	1.09335	1.09339	1.09334	1.09335	151	0	12
2024.03.07	03:25:00	1.09335	1.09367	1.09334	1.09356	123	0	8
2024.03.07	03:26:00	1.09356	1.09363	1.09350	1.09361	56	0	8
2024.03.07	03:27:00	1.09361	1.09365	1.09347	1.09348	131	0	12
2024.03.07	03:28:00	1.09348	1.09349	1.09338	1.09345	172	0	12
2024.03.07	03:29:00	1.09345	1.09350	1.09328	1.09337	30	0	11
2024.03.07	03:30:00	1.09337	1.09341	1.09325	1.09333	101	0	12
2024.03.07	03:31:00	1.09333	1.09333	1.09313	1.09314	72	0	12
2024.03.07	03:32:00	1.09314	1.09317	1.09288	1.09289	57	0	10
2024.03.07	03:33:00	1.09289	1.09290	1.09258	1.09264	55	0	11
2024.03.07	03:34:00	1.09264	1.09271	1.09263	1.09263	96	0	12
2024.03.07	03:35:00	1.09263	1.09267	1.09247	1.09248	150	0	10
2024.03.07	03:36:00	1.09248	1.09254	1.09227	1.09230	20	0	8
2024.03.07	03:37:00	1.09230	1.09235	1.09220	1.09230	88	0	10
2024.03.07	03:38:00	1.09230	1.09246	1.09225	1.09237	138	0	8
2024.03.07	03:39:00	1.09237	1.09257	1.09236	1.09253	27	0	10
2024.03.07	03:40:00	1.09253	1.09277	1.09242	1.09273	127	0	8
2024.03.07	03:41:00	1.09273	1.09278	1.09264	1.09272	138	0	11
2024.03.07	03:42:00	1.09272	1.09277	1.09266	1.09276	85	0	11
2024.03.07	03:43:00	1.09276	1.09289	1.09269	1.09269	17	0	10
2024.03.07	03:44:00	1.09269	1.09277	1.09266	1.09273	133	0	9
2024.03.07	03:45:00	1.09273	1.09277	1.09254	1.09255	86	0	10
2024.03.07	03:46:00	1.09255	1.09260	1.09244	1.09251	95	0	9
2024.03.07	03:47:00	1.09251	1.09273	1.09251	1.09272	70	0	8
2024.03.07	03:48:00	1.09272	1.09287	1.09268	1.09283	53	0	9
2024.03.07	03:49:00	1.09283	1.09286	1.09263	1.09275	162	0	11
2024.03.07	03:50:00	1.09275	1.09277	1.09268	1.09269	110	0	11
2024.03.07	03:51:00	1.09269	1.09272	1.09261	1.09265	145	0	9
2024.03.07	03:52:00	1.09265	1.09272	1.09246	1.09251	47	0	12
2024.03.07	03:53:00	1.09251	1.09282	1.09251	1.09278	133	0	9
2024.03.07	03:54:00	1.09278	1.09282	1.09276	1.09279	165	0	8
2024.03.07	03:55:00	1.09279	1.09283	1.09272	1.09273	33	0	10
2024.03.07	03:56:00	1.09273	1.09275	1.09252	1.09252	90	0	11
2024.03.07	03:57:00	1.09252	1.09259	1.09240	1.09242	27	0	9
2024.03.07	03:58:00	1.09242	1.09266	1.09242	1.09260	149	0	10
2024.03.07	03:59:00	1.09260	1.09269	1.09244	1.09255	54	0	10
2024.03.07	04:00:00	1.09255	1.09271	1.09249	1.09267	11	0	11
2024.03.07	04:01:00	1.09267	1.09275	1.09260	1.09268	61	0	11
2024.03.07	04:02:00	1.09268	1.09276	1.09267	1.09275	32	0	8
2024.03.07	04:03:00	1.09275	1.09277	1.09249	1.09257	85	0	11
2024.03.07	04:04:00	1.09257	1.09260	1.09246	1.09258	69	0	9
2024.03.07	04:05:00	1.09258	1.09268	1.09254	1.09266	16	0	12
2024.03.07	04:06:00	1.09266	1.09289	1.09262	1.09288	45	0	9
2024.03.07	04:07:00	1.09288	1.09290	1.09284	1.09286	32	0	8
2024.03.07	04:08:00	1.09286	1.09303	1.09277	1.09292	18	0	8
2024.03.07	04:09:00	1.09292	1.09294	1.09283	1.09283	122	0	10
2024.03.07	04:10:00	1.09283	1.09292	1.09277	1.09282	130	0	11
2024.03.07	04:11:00	1.09282	1.09293	1.09273	1.09282	124	0	11
2024.03.07	04:12:00	1.09282	1.09283	1.09261	1.09271	84	0	10
2024.03.07	04:13:00	1.09271	1.09272	1.09264	1.09269	16	0	10
2024.03.07	04:14:00	1.09269	1.09291	1.09262	1.09277	110	0	12
2024.03.07	04:15:00	1.09277	1.09287	1.09257	1.09280	42	0	12
2024.03.07	04:16:00	1.09280	1.09295	1.09272	1.09292	168	0	10
2024.03.07	04:17:00	1.09292	1.09296	1.09280	1.09284	64	0	11
2024.03.07	04:18:00	1.09284	1.09286	1.09277	1.09281	82	0	8
2024.03.07	04:19:00	1.09281	1.09313	1.09280	1.09311	103	0	12
2024.03.07	04:20:00	1.09311	1.09329	1.09309	1.09327	156	0	11
2024.03.07	04:21:00	1.09327	1.09328	1.09326	1.09328	122	0	10
2024.03.07	04:22:00	1.09328	1.09332	1.09327	1.09329	124	0	8
2024.03.07	04:23:00	1.09329	1.09352	1.09327	1.09350	75	0	11
2024.03.07	04:24:00	1.09350	1.09355	1.09333	1.09348	176	0	10
2024.03.07	04:25:00	1.09348	1.09350	1.09347	1.09350	17	0	11
2024.03.07	04:26:00	1.09350	1.09352	1.09329	1.09334	123	0	10
2024.03.07	04:27:00	1.09334	1.09356	1.09332	1.09350	29	0	10
2024.03.07	04:28:00	1.09350	1.09365	1.09341	1.09344	136	0	11
2024.03.07	04:29:00	1.09344	1.09346	1.09333	1.09335	83	0	11
2024.03.07	04:30:00	1.09335	1.09351	1.09334	1.09347	176	0	11
2024.03.07	04:31:00	1.09347	1.09361	1.09346	1.09357	142	0	8
2024.03.07	04:32:00	1.09357	1.09360	1.09341	1.09343	82	0	9
2024.03.07	04:33:00	1.09343	1.09356	1.09339	1.09350	12	0	10
2024.03.07	04:34:00	1.09350	1.09373	1.09344	1.09360	53	0	9
2024.03.07	04:35:00	1.09360	1.09375	1.09355	1.09370	88	0	11
2024.03.07	04:36:00	1.09370	1.09380	1.09360	1.09361	141	0	10
2024.03.07	04:37:00	1.09361	1.09363	1.09332	1.09337	17	0	11
2024.03.07	04:38:00	1.09337	1.09352	1.09329	1.09340	39	0	12
2024.03.07	04:39:00	1.09340	1.09364	1.09339	1.09358	104	0	8
2024.03.07	04:40:00	1.09358	1.09365	1.09358	1.09361	136	0	11
2024.03.07	04:41:00	1.09361	1.09383	1.09354	1.09378	124	0	9
2024.03.07	04:42:00	1.09378	1.09383	1.09368	1.09373	102	0	10
2024.03.07	04:43:00	1.09373	1.09382	1.09362	1.09377	127	0	10
2024.03.07	04:44:00	1.09377	1.09382	1.09372	1.09381	14	0	8
2024.03.07	04:45:00	1.09381	1.09385	1.09359	1.09366	22	0	8
2024.03.07	04:46:00	1.09366	1.09373	1.09353	1.09356	46	0	8
2024.03.07	04:47:00	1.09356	1.09370	1.09356	1.09365	142	0	10
2024.03.07	04:48:00	1.09365	1.09375	1.09352	1.09370	118	0	10
2024.03.07	04:49:00	1.09370	1.09374	1.09358	1.09366	45	0	8
2024.03.07	04:50:00	1.09366	1.09394	1.09362	1.09379	55	0	9
2024.03.07	04:51:00	1.09379	1.09387	1.09370	1.09384	80	0	10
2024.03.07	04:52:00	1.09384	1.09395	1.09369	1.09380	94	0	12
2024.03.07	04:53:00	1.09380	1.09387	1.09370	1.09385	53	0	11
2024.03.07	04:54:00	1.09385	1.09393	1.09376	1.09391	133	0	9
2024.03.07	04:55:00	1.09391	1.09398	1.09380	1.09381	33	0	8
2024.03.07	04:56:00	1.09381	1.09403	1.09379	1.09397	122	0	8
2024.03.07	04:57:00	1.09397	1.09407	1.09372	1.09383	113	0	9
2024.03.07	04:58:00	1.09383	1.09406	1.09378	1.09399	130	0	12
2024.03.07	04:59:00	1.09399	1.09405	1.09382	1.09383	98	0	10
2024.03.07	05:00:00	1.09383	1.09383	1.09379	1.09382	176	0	11
2024.03.07	05:01:00	1.09382	1.09410	1.09381	1.09404	120	0	9
2024.03.07	05:02:00	1.09404	1.09413	1.09402	1.09406	107	0	10
2024.03.07	05:03:00	1.09406	1.09407	1.09388	1.09390	126	0	10
2024.03.07	05:04:00	1.09390	1.09400	1.09385	1.09393	161	0	8
2024.03.07	05:05:00	1.09393	1.09397	1.09373	1.09381	54	0	12
2024.03.07	05:06:00	1.09381	1.09392	1.09377	1.09391	12	0	8
2024.03.07	05:07:00	1.09391	1.09395	1.09388	1.09392	101	0	11
2024.03.07	05:08:00	1.09392	1.09418	1.09392	1.09413	45	0	10
2024.03.07	05:09:00	1.09413	1.09416	1.09401	1.09401	29	0	10
2024.03.07	05:10:00	1.09401	1.09413	1.09395	1.09410	154	0	8
2024.03.07	05:11:00	1.09410	1.09411	1.09399	1.09408	159	0	9
2024.03.07	05:12:00	1.09408	1.09436	1.09404	1.09435	141	0	9
2024.03.07	05:13:00	1.09435	1.09449	1.09433	1.09446	76	0	8
2024.03.07	05:14:00	1.09446	1.09449	1.09430	1.09430	28	0	10
2024.03.07	05:15:00	1.09430	1.09435	1.09421	1.09431	122	0	11
2024.03.07	05:16:00	1.09431	1.09439	1.09412	1.09419	135	0	11
2024.03.07	05:17:00	1.09419	1.09451	1.09414	1.09443	169	0	12
2024.03.07	05:18:00	1.09443	1.09478	1.09441	1.09471	52	0	10
2024.03.07	05:19:00	1.09471	1.09490	1.09463	1.09488	132	0	11
2024.03.07	05:20:00	1.09488	1.09493	1.09474	1.09482	131	0	8
2024.03.07	05:21:00	1.09482	1.09487	1.09480	1.09482	8	0	10
2024.03.07	05:22:00	1.09482	1.09502	1.09477	1.09499	17	0	12
2024.03.07	05:23:00	1.09499	1.09505	1.09497	1.09503	73	0	11
2024.03.07	05:24:00	1.09503	1.09514	1.09501	1.09506	161	0	12
2024.03.07	05:25:00	1.09506	1.09530	1.09504	1.09526	136	0	8
2024.03.07	05:26:00	1.09526	1.09529	1.09515	1.09525	173	0	10
2024.03.07	05:27:00	1.09525	1.09540	1.09523	1.09535	43	0	10
2024.03.07	05:28:00	1.09535	1.09554	1.09534	1.09548	120	0	11
2024.03.07	05:29:00	1.09548	1.09550	1.09543	1.09546	95	0	11
2024.03.07	05:30:00	1.09546	1.09550	1.09534	1.09539	153	0	8
2024.03.07	05:31:00	1.09539	1.09540	1.09532	1.09533	41	0	10
2024.03.07	05:32:00	1.09533	1.09538	1.09506	1.09508	166	0	12
2024.03.07	05:33:00	1.09508	1.09515	1.09506	1.09514	177	0	10
2024.03.07	05:34:00	1.09514	1.09516	1.09504	1.09512	24	0	12
2024.03.07	05:35:00	1.09512	1.09520	1.09510	1.09518	121	0	11
2024.03.07	05:36:00	1.09518	1.09524	1.09513	1.09517	113	0	8
2024.03.07	05:37:00	1.09517	1.09518	1.09506	1.09518	63	0	9
2024.03.07	05:38:00	1.09518	1.09538	1.09517	1.09535	157	0	10
2024.03.07	05:39:00	1.09535	1.09554	1.09524	1.09547	44	0	12
2024.03.07	05:40:00	1.09547	1.09553	1.09536	1.09537	17	0	11
2024.03.07	05:41:00	1.09537	1.09555	1.09531	1.09545	159	0	10
2024.03.07	05:42:00	1.09545	1.09553	1.09525	1.09536	49	0	9
2024.03.07	05:43:00	1.09536	1.09541	1.09523	1.09523	107	0	10
2024.03.07	05:44:00	1.09523	1.09523	1.09507	1.09514	35	0	10
2024.03.07	05:45:00	1.09514	1.09543	1.09512	1.09532	98	0	10
2024.03.07	05:46:00	1.09532	1.09536	1.09526	1.09527	45	0	10
2024.03.07	05:47:00	1.09527	1.09536	1.09521	1.09523	125	0	12
2024.03.07	05:48:00	1.09523	1.09530	1.09502	1.09507	93	0	9
2024.03.07	05:49:00	1.09507	1.09509	1.09491	1.09498	29	0	10
2024.03.07	05:50:00	1.09498	1.09499	1.09494	1.09495	122	0	8
2024.03.07	05:51:00	1.09495	1.09501	1.09479	1.09487	37	0	10
2024.03.07	05:52:00	1.09487	1.09492	1.09477	1.09481	165	0	10
2024.03.07	05:53:00	1.09481	1.09488	1.09479	1.09480	170	0	9
2024.03.07	05:54:00	1.09480	1.09485	1.09459	1.09462	61	0	12
2024.03.07	05:55:00	1.09462	1.09465	1.09456	1.09456	118	0	10
2024.03.07	05:56:00	1.09456	1.09459	1.09445	1.09447	99	0	8
2024.03.07	05:57:00	1.09447	1.09448	1.09443	1.09444	42	0	9
2024.03.07	05:58:00	1.09444	1.09447	1.09432	1.09439	164	0	8
2024.03.07	05:59:00	1.09439	1.09452	1.09438	1.09443	148	0	12
2024.03.07	06:00:00	1.09443	1.09446	1.09422	1.09437	180	0	10
2024.03.07	06:01:00	1.09437	1.09444	1.09396	1.09404	79	0	10
2024.03.07	06:02:00	1.09404	1.09405	1.09380	1.09380	30	0	10
2024.03.07	06:03:00	1.09380	1.09381	1.09363	1.09364	14	0	11
2024.03.07	06:04:00	1.09364	1.09378	1.09362	1.09375	130	0	10
2024.03.07	06:05:00	1.09375	1.09375	1.09366	1.09369	15	0	10
2024.03.07	06:06:00	1.09369	1.09383	1.09363	1.09364	22	0	8
2024.03.07	06:07:00	1.09364	1.09382	1.09355	1.09377	128	0	11
2024.03.07	06:08:00	1.09377	1.09379	1.09357	1.09368	136	0	10
2024.03.07	06:09:00	1.09368	1.09375	1.09358	1.09361	59	0	11
2024.03.07	06:10:00	1.09361	1.09366	1.09359	1.09362	110	0	12
2024.03.07	06:11:00	1.09362	1.09381	1.09359	1.09371	171	0	11
2024.03.07	06:12:00	1.09371	1.09371	1.09349	1.09351	34	0	8
2024.03.07	06:13:00	1.09351	1.09353	1.09342	1.09343	21	0	10
2024.03.07	06:14:00	1.09343	1.09351	1.09332	1.09333	88	0	10
2024.03.07	06:15:00	1.09333	1.09347	1.09329	1.09341	70	0	9
2024.03.07	06:16:00	1.09341	1.09354	1.09330	1.09334	61	0	10
2024.03.07	06:17:00	1.09334	1.09345	1.09334	1.09336	132	0	8
2024.03.07	06:18:00	1.09336	1.09351	1.09334	1.09349	161	0	12
2024.03.07	06:19:00	1.09349	1.09362	1.09343	1.09353	72	0	10
2024.03.07	06:20:00	1.09353	1.09356	1.09344	1.09349	41	0	10
2024.03.07	06:21:00	1.09349	1.09357	1.09349	1.09351	110	0	11
2024.03.07	06:22:00	1.09351	1.09354	1.09346	1.09353	112	0	11
2024.03.07	06:23:00	1.09353	1.09359	1.09347	1.09358	143	0	8
2024.03.07	06:24:00	1.09358	1.09385	1.09355	1.09376	171	0	8
2024.03.07	06:25:00	1.09376	1.09377	1.09360	1.09362	61	0	9
2024.03.07	06:26:00	1.09362	1.09369	1.09357	1.09367	174	0	10
2024.03.07	06:27:00	1.09367	1.09369	1.09358	1.09366	32	0	12
2024.03.07	06:28:00	1.09366	1.09373	1.09361	1.09361	10	0	11
2024.03.07	06:29:00	1.09361	1.09366	1.09356	1.09365	143	0	10
2024.03.07	06:30:00	1.09365	1.09372	1.09345	1.09352	9	0	11
2024.03.07	06:31:00	1.09352	1.09358	1.09338	1.09345	123	0	12
2024.03.07	06:32:00	1.09345	1.09353	1.09331	1.09338	117	0	11
2024.03.07	06:33:00	1.09338	1.09348	1.09326	1.09342	122	0	11
2024.03.07	06:34:00	1.09342	1.09347	1.09322	1.09329	23	0	12
2024.03.07	06:35:00	1.09329	1.09334	1.09326	1.09330	171	0	8
2024.03.07	06:36:00	1.09330	1.09355	1.09329	1.09351	84	0	10
2024.03.07	06:37:00	1.09351	1.09359	1.09344	1.09355	82	0	8
2024.03.07	06:38:00	1.09355	1.09355	1.09353	1.09354	177	0	9
2024.03.07	06:39:00	1.09354	1.09361	1.09353	1.09359	28	0	12
2024.03.07	06:40:00	1.09359	1.09373	1.09359	1.09362	24	0	12
2024.03.07	06:41:00	1.09362	1.09367	1.09352	1.09357	157	0	8
2024.03.07	06:42:00	1.09357	1.09374	1.09354	1.09368	38	0	12
2024.03.07	06:43:00	1.09368	1.09374	1.09361	1.09366	56	0	10
2024.03.07	06:44:00	1.09366	1.09368	1.09339	1.09341	55	0	8
2024.03.07	06:45:00	1.09341	1.09348	1.09340	1.09343	130	0	12
2024.03.07	06:46:00	1.09343	1.09365	1.09342	1.09351	43	0	9
2024.03.07	06:47:00	1.09351	1.09359	1.09337	1.09337	13	0	9
2024.03.07	06:48:00	1.09337	1.09348	1.09334	1.09348	121	0	11
2024.03.07	06:49:00	1.09348	1.09360	1.09329	1.09332	32	0	12
2024.03.07	06:50:00	1.09332	1.09349	1.09329	1.09345	137	0	11
2024.03.07	06:51:00	1.09345	1.09351	1.09341	1.09344	121	0	10
2024.03.07	06:52:00	1.09344	1.09350	1.09338	1.09339	145	0	11
2024.03.07	06:53:00	1.09339	1.09344	1.09324	1.09328	32	0	10
2024.03.07	06:54:00	1.09328	1.09334	1.09323	1.09329	63	0	9
2024.03.07	06:55:00	1.09329	1.09334	1.09328	1.09334	23	0	11
2024.03.07	06:56:00	1.09334	1.09345	1.09333	1.09337	135	0	10
2024.03.07	06:57:00	1.09337	1.09342	1.09337	1.09341	122	0	11
2024.03.07	06:58:00	1.09341	1.09361	1.09324	1.09324	105	0	9
2024.03.07	06:59:00	1.09324	1.09336	1.09312	1.09315	45	0	10
2024.03.07	07:00:00	1.09315	1.09324	1.09313	1.09320	114	0	9
2024.03.07	07:01:00	1.09320	1.09326	1.09299	1.09308	168	0	12
2024.03.07	07:02:00	1.09308	1.09312	1.09304	1.09311	130	0	8
2024.03.07	07:03:00	1.09311	1.09324	1.09280	1.09292	53	0	9
2024.03.07	07:04:00	1.09292	1.09313	1.09292	1.09311	70	0	12
2024.03.07	07:05:00	1.09311	1.09322	1.09309	1.09314	31	0	9
2024.03.07	07:06:00	1.09314	1.09318	1.09308	1.09309	57	0	11
2024.03.07	07:07:00	1.09309	1.09310	1.09298	1.09305	87	0	8
2024.03.07	07:08:00	1.09305	1.09310	1.09291	1.09295	12	0	11
2024.03.07	07:09:00	1.09295	1.09314	1.09292	1.09307	142	0	8
2024.03.07	07:10:00	1.09307	1.09312	1.09304	1.09307	148	0	9
2024.03.07	07:11:00	1.09307	1.09311	1.09285	1.09286	37	0	8
2024.03.07	07:12:00	1.09286	1.09289	1.09279	1.09281	121	0	10
2024.03.07	07:13:00	1.09281	1.09286	1.09268	1.09275	87	0	10
2024.03.07	07:14:00	1.09275	1.09282	1.09252	1.09253	18	0	12
2024.03.07	07:15:00	1.09253	1.09256	1.09238	1.09240	15	0	8
2024.03.07	07:16:00	1.09240	1.09248	1.09217	1.09232	125	0	10
2024.03.07	07:17:00	1.09232	1.09244	1.09230	1.09241	179	0	11
2024.03.07	07:18:00	1.09241	1.09262	1.09238	1.09258	90	0	12
2024.03.07	07:19:00	1.09258	1.09292	1.09254	1.09286	80	0	10
2024.03.07	07:20:00	1.09286	1.09287	1.09276	1.09281	119	0	8
2024.03.07	07:21:00	1.09281	1.09299	1.09279	1.09299	158	0	8
2024.03.07	07:22:00	1.09299	1.09313	1.09294	1.09307	100	0	12
2024.03.07	07:23:00	1.09307	1.09320	1.09291	1.09297	131	0	10
2024.03.07	07:24:00	1.09297	1.09301	1.09291	1.09296	106	0	8
2024.03.07	07:25:00	1.09296	1.09303	1.09291	1.09292	94	0	8
2024.03.07	07:26:00	1.09292	1.09314	1.09292	1.09307	105	0	10
2024.03.07	07:27:00	1.09307	1.09320	1.09301	1.09308	147	0	12
2024.03.07	07:28:00	1.09308	1.09310	1.09293	1.09298	179	0	8
2024.03.07	07:29:00	1.09298	1.09319	1.09292	1.09309	84	0	10
2024.03.07	07:30:00	1.09309	1.09322	1.09308	1.09316	50	0	10
2024.03.07	07:31:00	1.09316	1.09337	1.09312	1.09333	11	0	9
2024.03.07	07:32:00	1.09333	1.09338	1.09313	1.09314	45	0	12
2024.03.07	07:33:00	1.09314	1.09315	1.09305	1.09311	9	0	10
2024.03.07	07:34:00	1.09311	1.09316	1.09306	1.09307	24	0	12
2024.03.07	07:35:00	1.09307	1.09313	1.09289	1.09297	8	0	12
2024.03.07	07:36:00	1.09297	1.09304	1.09284	1.09284	147	0	11
2024.03.07	07:37:00	1.09284	1.09287	1.09280	1.09284	79	0	8
2024.03.07	07:38:00	1.09284	1.09287	1.09283	1.09286	14	0	11
2024.03.07	07:39:00	1.09286	1.09292	1.09279	1.09289	156	0	9
2024.03.07	07:40:00	1.09289	1.09295	1.09279	1.09281	151	0	8
2024.03.07	07:41:00	1.09281	1.09293	1.09275	1.09290	126	0	10
2024.03.07	07:42:00	1.09290	1.09298	1.09289	1.09298	99	0	10
2024.03.07	07:43:00	1.09298	1.09303	1.09287	1.09291	97	0	8
2024.03.07	07:44:00	1.09291	1.09297	1.09276	1.09291	119	0	9
2024.03.07	07:45:00	1.09291	1.09296	1.09274	1.09277	59	0	10
2024.03.07	07:46:00	1.09277	1.09281	1.09256	1.09265	24	0	11
2024.03.07	07:47:00	1.09265	1.09286	1.09264	1.09274	139	0	11
2024.03.07	07:48:00	1.09274	1.09279	1.09258	1.09263	175	0	9
2024.03.07	07:49:00	1.09263	1.09284	1.09261	1.09278	114	0	9
2024.03.07	07:50:00	1.09278	1.09283	1.09274	1.09275	98	0	10
2024.03.07	07:51:00	1.09275	1.09279	1.09272	1.09276	144	0	9
2024.03.07	07:52:00	1.09276	1.09283	1.09267	1.09280	34	0	8
2024.03.07	07:53:00	1.09280	1.09287	1.09276	1.09286	147	0	12
2024.03.07	07:54:00	1.09286	1.09297	1.09284	1.09285	33	0	10
2024.03.07	07:55:00	1.09285	1.09291	1.09284	1.09287	131	0	10
2024.03.07	07:56:00	1.09287	1.09293	1.09273	1.09283	12	0	8
2024.03.07	07:57:00	1.09283	1.09293	1.09252	1.09253	141	0	10
2024.03.07	07:58:00	1.09253	1.09259	1.09244	1.09258	71	0	10
2024.03.07	07:59:00	1.09258	1.09258	1.09252	1.09256	38	0	8
2024.03.07	08:00:00	1.09256	1.09258	1.09248	1.09254	149	0	12
2024.03.07	08:01:00	1.09254	1.09268	1.09253	1.09265	128	0	12
2024.03.07	08:02:00	1.09265	1.09268	1.09234	1.09240	177	0	9
2024.03.07	08:03:00	1.09240	1.09246	1.09240	1.09245	115	0	11
2024.03.07	08:04:00	1.09245	1.09253	1.09239	1.09247	103	0	12
2024.03.07	08:05:00	1.09247	1.09254	1.09238	1.09250	158	0	11
2024.03.07	08:06:00	1.09250	1.09251	1.09244	1.09244	17	0	12
2024.03.07	08:07:00	1.09244	1.09249	1.09243	1.09247	82	0	10
2024.03.07	08:08:00	1.09247	1.09251	1.09235	1.09237	138	0	8
2024.03.07	08:09:00	1.09237	1.09270	1.09236	1.09258	49	0	10
2024.03.07	08:10:00	1.09258	1.09285	1.09256	1.09283	140	0	11
2024.03.07	08:11:00	1.09283	1.09289	1.09262	1.09264	26	0	9
2024.03.07	08:12:00	1.09264	1.09270	1.09253	1.09259	74	0	10
2024.03.07	08:13:00	1.09259	1.09270	1.09258	1.09270	170	0	8
2024.03.07	08:14:00	1.09270	1.09283	1.09269	1.09279	180	0	8
2024.03.07	08:15:00	1.09279	1.09291	1.09264	1.09270	59	0	12
2024.03.07	08:16:00	1.09270	1.09294	1.09264	1.09287	151	0	8
2024.03.07	08:17:00	1.09287	1.09309	1.09281	1.09304	55	0	11
2024.03.07	08:18:00	1.09304	1.09316	1.09299	1.09311	139	0	9
2024.03.07	08:19:00	1.09311	1.09312	1.09304	1.09311	127	0	8
2024.03.07	08:20:00	1.09311	1.09317	1.09295	1.09297	161	0	8
2024.03.07	08:21:00	1.09297	1.09302	1.09281	1.09293	93	0	12
2024.03.07	08:22:00	1.09293	1.09297	1.09285	1.09287	45	0	8
2024.03.07	08:23:00	1.09287	1.09290	1.09264	1.09271	163	0	9
2024.03.07	08:24:00	1.09271	1.09275	1.09261	1.09266	162	0	12
2024.03.07	08:25:00	1.09266	1.09268	1.09245	1.09253	89	0	10
2024.03.07	08:26:00	1.09253	1.09266	1.09251	1.09264	138	0	9
2024.03.07	08:27:00	1.09264	1.09273	1.09251	1.09255	119	0	12
2024.03.07	08:28:00	1.09255	1.09273	1.09250	1.09269	159	0	12
2024.03.07	08:29:00	1.09269	1.09280	1.09264	1.09279	44	0	10
2024.03.07	08:30:00	1.09279	1.09289	1.09257	1.09261	37	0	12
2024.03.07	08:31:00	1.09261	1.09276	1.09259	1.09265	46	0	9
2024.03.07	08:32:00	1.09265	1.09276	1.09257	1.09271	135	0	11
2024.03.07	08:33:00	1.09271	1.09280	1.09263	1.09267	80	0	11
2024.03.07	08:34:00	1.09267	1.09283	1.09261	1.09281	142	0	10
2024.03.07	08:35:00	1.09281	1.09292	1.09276	1.09285	144	0	9
2024.03.07	08:36:00	1.09285	1.09295	1.09271	1.09274	119	0	8
2024.03.07	08:37:00	1.09274	1.09300	1.09272	1.09293	178	0	8
2024.03.07	08:38:00	1.09293	1.09293	1.09273	1.09288	120	0	11
2024.03.07	08:39:00	1.09288	1.09293	1.09283	1.09290	139	0	10
2024.03.07	08:40:00	1.09290	1.09297	1.09283	1.09283	115	0	11
2024.03.07	08:41:00	1.09283	1.09283	1.09249	1.09258	158	0	11
2024.03.07	08:42:00	1.09258	1.09262	1.09253	1.09260	104	0	11
2024.03.07	08:43:00	1.09260	1.09265	1.09255	1.09260	129	0	11
2024.03.07	08:44:00	1.09260	1.09272	1.09259	1.09266	152	0	8
2024.03.07	08:45:00	1.09266	1.09268	1.09265	1.09266	91	0	12
2024.03.07	08:46:00	1.09266	1.09281	1.09263	1.09278	40	0	11
2024.03.07	08:47:00	1.09278	1.09285	1.09270	1.09274	9	0	12
2024.03.07	08:48:00	1.09274	1.09276	1.09260	1.09262	13	0	11
2024.03.07	08:49:00	1.09262	1.09266	1.09236	1.09243	141	0	10
2024.03.07	08:50:00	1.09243	1.09270	1.09238	1.09267	86	0	12
2024.03.07	08:51:00	1.09267	1.09278	1.09267	1.09276	98	0	8
2024.03.07	08:52:00	1.09276	1.09289	1.09275	1.09284	171	0	11
2024.03.07	08:53:00	1.09284	1.09288	1.09257	1.09265	86	0	11
2024.03.07	08:54:00	1.09265	1.09273	1.09222	1.09233	73	0	9
2024.03.07	08:55:00	1.09233	1.09239	1.09220	1.09223	160	0	8
2024.03.07	08:56:00	1.09223	1.09240	1.09216	1.09229	139	0	12
2024.03.07	08:57:00	1.09229	1.09235	1.09216	1.09223	117	0	12
2024.03.07	08:58:00	1.09223	1.09228	1.09185	1.09194	173	0	10
2024.03.07	08:59:00	1.09194	1.09217	1.09189	1.09214	70	0	10
2024.03.07	09:00:00	1.09214	1.09222	1.09183	1.09187	59	0	8
2024.03.07	09:01:00	1.09187	1.09189	1.09167	1.09173	102	0	8
2024.03.07	09:02:00	1.09173	1.09177	1.09155	1.09163	163	0	10
2024.03.07	09:03:00	1.09163	1.09166	1.09152	1.09153	93	0	9
2024.03.07	09:04:00	1.09153	1.09158	1.09147	1.09151	11	0	10
2024.03.07	09:05:00	1.09151	1.09166	1.09136	1.09161	84	0	11
2024.03.07	09:06:00	1.09161	1.09168	1.09161	1.09164	161	0	8
2024.03.07	09:07:00	1.09164	1.09177	1.09161	1.09168	157	0	10
2024.03.07	09:08:00	1.09168	1.09181	1.09166	1.09175	83	0	10
2024.03.07	09:09:00	1.09175	1.09185	1.09172	1.09182	164	0	11
2024.03.07	09:10:00	1.09182	1.09188	1.09167	1.09175	57	0	11
2024.03.07	09:11:00	1.09175	1.09183	1.09130	1.09134	57	0	10
2024.03.07	09:12:00	1.09134	1.09141	1.09088	1.09097	180	0	12
2024.03.07	09:13:00	1.09097	1.09107	1.09096	1.09096	92	0	8
2024.03.07	09:14:00	1.09096	1.09102	1.09089	1.09094	33	0	10
2024.03.07	09:15:00	1.09094	1.09115	1.09092	1.09111	142	0	12
2024.03.07	09:16:00	1.09111	1.09131	1.09102	1.09103	118	0	9
2024.03.07	09:17:00	1.09103	1.09121	1.09097	1.09114	35	0	10
2024.03.07	09:18:00	1.09114	1.09122	1.09108	1.09112	154	0	8
2024.03.07	09:19:00	1.09112	1.09119	1.09091	1.09103	92	0	10
2024.03.07	09:20:00	1.09103	1.09113	1.09097	1.09110	175	0	8
2024.03.07	09:21:00	1.09110	1.09142	1.09107	1.09123	60	0	12
2024.03.07	09:22:00	1.09123	1.09126	1.09098	1.09099	120	0	9
2024.03.07	09:23:00	1.09099	1.09103	1.09086	1.09091	27	0	10
2024.03.07	09:24:00	1.09091	1.09108	1.09085	1.09104	25	0	10
2024.03.07	09:25:00	1.09104	1.09110	1.09088	1.09091	152	0	8
2024.03.07	09:26:00	1.09091	1.09112	1.09090	1.09111	59	0	8
2024.03.07	09:27:00	1.09111	1.09112	1.09094	1.09111	51	0	8
2024.03.07	09:28:00	1.09111	1.09125	1.09100	1.09116	129	0	11
2024.03.07	09:29:00	1.09116	1.09121	1.09109	1.09118	159	0	8
2024.03.07	09:30:00	1.09118	1.09120	1.09111	1.09115	108	0	9
2024.03.07	09:31:00	1.09115	1.09120	1.09112	1.09116	96	0	12
2024.03.07	09:32:00	1.09116	1.09137	1.09111	1.09135	126	0	9
2024.03.07	09:33:00	1.09135	1.09139	1.09095	1.09099	166	0	10
2024.03.07	09:34:00	1.09099	1.09100	1.09082	1.09095	88	0	11
2024.03.07	09:35:00	1.09095	1.09116	1.09084	1.09103	37	0	12
2024.03.07	09:36:00	1.09103	1.09115	1.09098	1.09113	81	0	12
2024.03.07	09:37:00	1.09113	1.09121	1.09109	1.09112	153	0	10
2024.03.07	09:38:00	1.09112	1.09133	1.09110	1.09128	104	0	10
2024.03.07	09:39:00	1.09128	1.09138	1.09124	1.09129	180	0	10
2024.03.07	09:40:00	1.09129	1.09130	1.09115	1.09116	175	0	8
2024.03.07	09:41:00	1.09116	1.09125	1.09093	1.09109	8	0	12
2024.03.07	09:42:00	1.09109	1.09132	1.09106	1.09129	43	0	12
2024.03.07	09:43:00	1.09129	1.09133	1.09113	1.09122	74	0	10
2024.03.07	09:44:00	1.09122	1.09130	1.09102	1.09117	49	0	12
2024.03.07	09:45:00	1.09117	1.09129	1.09113	1.09126	132	0	12
2024.03.07	09:46:00	1.09126	1.09131	1.09125	1.09128	90	0	11
2024.03.07	09:47:00	1.09128	1.09147	1.09118	1.09140	51	0	12
2024.03.07	09:48:00	1.09140	1.09141	1.09129	1.09132	156	0	9
2024.03.07	09:49:00	1.09132	1.09134	1.09118	1.09119	107	0	10
2024.03.07	09:50:00	1.09119	1.09143	1.09115	1.09136	102	0	11
2024.03.07	09:51:00	1.09136	1.09137	1.09100	1.09109	97	0	8
2024.03.07	09:52:00	1.09109	1.09110	1.09087	1.09094	63	0	10
2024.03.07	09:53:00	1.09094	1.09105	1.09083	1.09089	66	0	8
2024.03.07	09:54:00	1.09089	1.09093	1.09086	1.09086	30	0	10
2024.03.07	09:55:00	1.09086	1.09088	1.09078	1.09082	39	0	12
2024.03.07	09:56:00	1.09082	1.09086	1.09079	1.09080	17	0	11
2024.03.07	09:57:00	1.09080	1.09092	1.09070	1.09082	177	0	10
2024.03.07	09:58:00	1.09082	1.09084	1.09077	1.09078	131	0	11
2024.03.07	09:59:00	1.09078	1.09084	1.09069	1.09069	149	0	9
2024.03.07	10:00:00	1.09069	1.09071	1.09047	1.09049	121	0	11
2024.03.07	10:01:00	1.09049	1.09050	1.09040	1.09045	68	0	8
2024.03.07	10:02:00	1.09045	1.09046	1.09017	1.09031	116	0	8
2024.03.07	10:03:00	1.09031	1.09049	1.09024	1.09045	148	0	12
2024.03.07	10:04:00	1.09045	1.09048	1.09040	1.09046	39	0	11
2024.03.07	10:05:00	1.09046	1.09084	1.09040	1.09073	102	0	8
2024.03.07	10:06:00	1.09073	1.09110	1.09066	1.09098	28	0	10
2024.03.07	10:07:00	1.09098	1.09103	1.09095	1.09101	138	0	10
2024.03.07	10:08:00	1.09101	1.09115	1.09097	1.09109	139	0	9
2024.03.07	10:09:00	1.09109	1.09112	1.09086	1.09096	31	0	12
2024.03.07	10:10:00	1.09096	1.09105	1.09082	1.09090	144	0	12
2024.03.07	10:11:00	1.09090	1.09102	1.09087	1.09098	128	0	10
2024.03.07	10:12:00	1.09098	1.09119	1.09094	1.09118	139	0	10
2024.03.07	10:13:00	1.09118	1.09120	1.09107	1.09111	128	0	8
2024.03.07	10:14:00	1.09111	1.09120	1.09110	1.09110	85	0	8
2024.03.07	10:15:00	1.09110	1.09112	1.09087	1.09089	46	0	10
2024.03.07	10:16:00	1.09089	1.09096	1.09082	1.09082	108	0	8
2024.03.07	10:17:00	1.09082	1.09124	1.09078	1.09124	72	0	8
2024.03.07	10:18:00	1.09124	1.09133	1.09119	1.09127	37	0	9
2024.03.07	10:19:00	1.09127	1.09131	1.09115	1.09127	144	0	11
2024.03.07	10:20:00	1.09127	1.09134	1.09122	1.09132	113	0	8
2024.03.07	10:21:00	1.09132	1.09146	1.09123	1.09141	97	0	12
2024.03.07	10:22:00	1.09141	1.09148	1.09130	1.09132	15	0	10
2024.03.07	10:23:00	1.09132	1.09141	1.09126	1.09140	42	0	12
2024.03.07	10:24:00	1.09140	1.09150	1.09135	1.09149	77	0	12
2024.03.07	10:25:00	1.09149	1.09149	1.09144	1.09147	57	0	10
2024.03.07	10:26:00	1.09147	1.09148	1.09137	1.09141	151	0	10
2024.03.07	10:27:00	1.09141	1.09145	1.09124	1.09126	91	0	10
2024.03.07	10:28:00	1.09126	1.09139	1.09124	1.09125	151	0	12
2024.03.07	10:29:00	1.09125	1.09134	1.09116	1.09119	77	0	12
2024.03.07	10:30:00	1.09119	1.09124	1.09114	1.09122	79	0	10
2024.03.07	10:31:00	1.09122	1.09127	1.09117	1.09117	157	0	10
2024.03.07	10:32:00	1.09117	1.09130	1.09108	1.09120	131	0	9
2024.03.07	10:33:00	1.09120	1.09128	1.09104	1.09106	63	0	8
2024.03.07	10:34:00	1.09106	1.09109	1.09090	1.09092	35	0	9
2024.03.07	10:35:00	1.09092	1.09094	1.09089	1.09092	138	0	12
2024.03.07	10:36:00	1.09092	1.09099	1.09076	1.09087	39	0	8
2024.03.07	10:37:00	1.09087	1.09091	1.09075	1.09076	51	0	8
2024.03.07	10:38:00	1.09076	1.09082	1.09075	1.09078	52	0	8
2024.03.07	10:39:00	1.09078	1.09079	1.09057	1.09071	114	0	12
2024.03.07	10:40:00	1.09071	1.09072	1.09066	1.09071	29	0	10
2024.03.07	10:41:00	1.09071	1.09082	1.09066	1.09072	90	0	10
2024.03.07	10:42:00	1.09072	1.09086	1.09063	1.09084	125	0	10
2024.03.07	10:43:00	1.09084	1.09097	1.09079	1.09089	30	0	9
2024.03.07	10:44:00	1.09089	1.09100	1.09058	1.09059	74	0	10
2024.03.07	10:45:00	1.09059	1.09063	1.09041	1.09046	127	0	11
2024.03.07	10:46:00	1.09046	1.09069	1.09036	1.09068	86	0	10
2024.03.07	10:47:00	1.09068	1.09085	1.09060	1.09074	72	0	9
2024.03.07	10:48:00	1.09074	1.09078	1.09046	1.09053	78	0	12
2024.03.07	10:49:00	1.09053	1.09065	1.09043	1.09059	67	0	10
2024.03.07	10:50:00	1.09059	1.09074	1.09058	1.09070	89	0	9
2024.03.07	10:51:00	1.09070	1.09080	1.09070	1.09075	137	0	10
2024.03.07	10:52:00	1.09075	1.09087	1.09068	1.09080	137	0	10
2024.03.07	10:53:00	1.09080	1.09090	1.09073	1.09082	68	0	12
2024.03.07	10:54:00	1.09082	1.09100	1.09079	1.09099	152	0	11
2024.03.07	10:55:00	1.09099	1.09122	1.09097	1.09119	63	0	10
2024.03.07	10:56:00	1.09119	1.09135	1.09110	1.09135	86	0	10
2024.03.07	10:57:00	1.09135	1.09137	1.09107	1.09127	154	0	10
2024.03.07	10:58:00	1.09127	1.09131	1.09121	1.09128	137	0	8
2024.03.07	10:59:00	1.09128	1.09150	1.09127	1.09148	145	0	10
2024.03.07	11:00:00	1.09148	1.09162	1.09136	1.09156	32	0	9
2024.03.07	11:01:00	1.09156	1.09162	1.09129	1.09145	135	0	12
2024.03.07	11:02:00	1.09145	1.09146	1.09126	1.09132	134	0	8
2024.03.07	11:03:00	1.09132	1.09137	1.09110	1.09111	49	0	12
2024.03.07	11:04:00	1.09111	1.09126	1.09099	1.09122	79	0	10
2024.03.07	11:05:00	1.09122	1.09129	1.09103	1.09105	67	0	10
2024.03.07	11:06:00	1.09105	1.09123	1.09091	1.09113	92	0	10
2024.03.07	11:07:00	1.09113	1.09124	1.09106	1.09112	158	0	11
2024.03.07	11:08:00	1.09112	1.09116	1.09112	1.09114	178	0	10
2024.03.07	11:09:00	1.09114	1.09123	1.09108	1.09110	8	0	11
2024.03.07	11:10:00	1.09110	1.09126	1.09087	1.09097	179	0	11
2024.03.07	11:11:00	1.09097	1.09098	1.09068	1.09077	134	0	12
2024.03.07	11:12:00	1.09077	1.09084	1.09077	1.09080	170	0	9
2024.03.07	11:13:00	1.09080	1.09082	1.09076	1.09080	174	0	9
2024.03.07	11:14:00	1.09080	1.09105	1.09074	1.09090	78	0	8
2024.03.07	11:15:00	1.09090	1.09096	1.09062	1.09065	125	0	12
2024.03.07	11:16:00	1.09065	1.09073	1.09050	1.09072	159	0	11
2024.03.07	11:17:00	1.09072	1.09102	1.09071	1.09096	51	0	12
2024.03.07	11:18:00	1.09096	1.09100	1.09079	1.09082	64	0	12
2024.03.07	11:19:00	1.09082	1.09084	1.09069	1.09074	131	0	12
2024.03.07	11:20:00	1.09074	1.09088	1.09071	1.09085	93	0	8
2024.03.07	11:21:00	1.09085	1.09100	1.09078	1.09094	153	0	10
2024.03.07	11:22:00	1.09094	1.09098	1.09073	1.09079	149	0	10
2024.03.07	11:23:00	1.09079	1.09086	1.09061	1.09064	69	0	8
2024.03.07	11:24:00	1.09064	1.09074	1.09061	1.09066	128	0	11
2024.03.07	11:25:00	1.09066	1.09067	1.09053	1.09060	23	0	12
2024.03.07	11:26:00	1.09060	1.09066	1.09058	1.09064	149	0	8
2024.03.07	11:27:00	1.09064	1.09067	1.09048	1.09049	117	0	10
2024.03.07	11:28:00	1.09049	1.09053	1.09031	1.09040	146	0	10
2024.03.07	11:29:00	1.09040	1.09041	1.09000	1.09014	116	0	10
2024.03.07	11:30:00	1.09014	1.09029	1.09013	1.09028	151	0	11
2024.03.07	11:31:00	1.09028	1.09035	1.09022	1.09029	14	0	12
2024.03.07	11:32:00	1.09029	1.09035	1.09001	1.09018	77	0	10
2024.03.07	11:33:00	1.09018	1.09025	1.09009	1.09010	176	0	11
2024.03.07	11:34:00	1.09010	1.09035	1.09006	1.09029	59	0	11
2024.03.07	11:35:00	1.09029	1.09039	1.09024	1.09028	33	0	12
2024.03.07	11:36:00	1.09028	1.09039	1.09024	1.09036	148	0	9
2024.03.07	11:37:00	1.09036	1.09050	1.09035	1.09038	100	0	10
2024.03.07	11:38:00	1.09038	1.09039	1.09020	1.09024	126	0	10
2024.03.07	11:39:00	1.09024	1.09034	1.08999	1.09010	122	0	10
2024.03.07	11:40:00	1.09010	1.09037	1.09000	1.09035	99	0	10
2024.03.07	11:41:00	1.09035	1.09037	1.09030	1.09033	47	0	9
2024.03.07	11:42:00	1.09033	1.09037	1.09019	1.09028	158	0	11
2024.03.07	11:43:00	1.09028	1.09038	1.09023	1.09028	98	0	9
2024.03.07	11:44:00	1.09028	1.09038	1.09014	1.09022	24	0	10
2024.03.07	11:45:00	1.09022	1.09056	1.09016	1.09054	154	0	9
2024.03.07	11:46:00	1.09054	1.09065	1.09049	1.09056	61	0	10
2024.03.07	11:47:00	1.09056	1.09057	1.09038	1.09053	167	0	11
2024.03.07	11:48:00	1.09053	1.09068	1.09052	1.09062	165	0	9
2024.03.07	11:49:00	1.09062	1.09082	1.09055	1.09075	66	0	11
2024.03.07	11:50:00	1.09075	1.09089	1.09067	1.09087	27	0	11
2024.03.07	11:51:00	1.09087	1.09111	1.09083	1.09109	41	0	8
2024.03.07	11:52:00	1.09109	1.09129	1.09106	1.09122	83	0	12
2024.03.07	11:53:00	1.09122	1.09127	1.09116	1.09127	150	0	9
2024.03.07	11:54:00	1.09127	1.09142	1.09117	1.09141	152	0	11
2024.03.07	11:55:00	1.09141	1.09149	1.09131	1.09138	170	0	10
2024.03.07	11:56:00	1.09138	1.09138	1.09129	1.09134	105	0	10
2024.03.07	11:57:00	1.09134	1.09137	1.09115	1.09124	159	0	10
2024.03.07	11:58:00	1.09124	1.09129	1.09124	1.09127	144	0	11
2024.03.07	11:59:00	1.09127	1.09135	1.09125	1.09134	57	0	9
2024.03.07	12:00:00	1.09134	1.09151	1.09124	1.09148	154	0	12
2024.03.07	12:01:00	1.09148	1.09163	1.09146	1.09158	136	0	11
2024.03.07	12:02:00	1.09158	1.09186	1.09154	1.09173	112	0	9
2024.03.07	12:03:00	1.09173	1.09178	1.09172	1.09175	178	0	11
2024.03.07	12:04:00	1.09175	1.09197	1.09169	1.09186	105	0	12
2024.03.07	12:05:00	1.09186	1.09199	1.09162	1.09164	77	0	12
2024.03.07	12:06:00	1.09164	1.09179	1.09162	1.09171	120	0	10
2024.03.07	12:07:00	1.09171	1.09187	1.09161	1.09184	71	0	10
2024.03.07	12:08:00	1.09184	1.09191	1.09175	1.09186	171	0	9
2024.03.07	12:09:00	1.09186	1.09189	1.09176	1.09177	79	0	10
2024.03.07	12:10:00	1.09177	1.09189	1.09176	1.09188	135	0	12
2024.03.07	12:11:00	1.09188	1.09192	1.09168	1.09174	89	0	9
2024.03.07	12:12:00	1.09174	1.09175	1.09167	1.09173	50	0	9
2024.03.07	12:13:00	1.09173	1.09176	1.09169	1.09172	67	0	11
2024.03.07	12:14:00	1.09172	1.09181	1.09167	1.09176	94	0	12
2024.03.07	12:15:00	1.09176	1.09190	1.09172	1.09186	104	0	10
2024.03.07	12:16:00	1.09186	1.09187	1.09180	1.09184	47	0	12
2024.03.07	12:17:00	1.09184	1.09188	1.09155	1.09160	151	0	11
2024.03.07	12:18:00	1.09160	1.09164	1.09148	1.09152	122	0	9
2024.03.07	12:19:00	1.09152	1.09160	1.09133	1.09135	42	0	9
2024.03.07	12:20:00	1.09135	1.09146	1.09118	1.09125	164	0	8
2024.03.07	12:21:00	1.09125	1.09130	1.09103	1.09105	12	0	12
2024.03.07	12:22:00	1.09105	1.09121	1.09105	1.09113	148	0	11
2024.03.07	12:23:00	1.09113	1.09115	1.09081	1.09088	53	0	12
2024.03.07	12:24:00	1.09088	1.09092	1.09074	1.09083	12	0	10
2024.03.07	12:25:00	1.09083	1.09085	1.09059	1.09072	156	0	9
2024.03.07	12:26:00	1.09072	1.09090	1.09070	1.09082	64	0	12
2024.03.07	12:27:00	1.09082	1.09084	1.09077	1.09081	70	0	10
2024.03.07	12:28:00	1.09081	1.09087	1.09077	1.09083	81	0	9
2024.03.07	12:29:00	1.09083	1.09087	1.09071	1.09080	55	0	10
2024.03.07	12:30:00	1.09080	1.09081	1.09068	1.09070	128	0	8
2024.03.07	12:31:00	1.09070	1.09079	1.09063	1.09064	50	0	9
2024.03.07	12:32:00	1.09064	1.09071	1.09043	1.09048	30	0	9
2024.03.07	12:33:00	1.09048	1.09062	1.09047	1.09062	71	0	8
2024.03.07	12:34:00	1.09062	1.09062	1.09059	1.09061	176	0	12
2024.03.07	12:35:00	1.09061	1.09061	1.09053	1.09056	117	0	9
2024.03.07	12:36:00	1.09056	1.09057	1.09047	1.09051	12	0	11
2024.03.07	12:37:00	1.09051	1.09056	1.09047	1.09052	112	0	12
2024.03.07	12:38:00	1.09052	1.09055	1.09038	1.09042	62	0	9
2024.03.07	12:39:00	1.09042	1.09046	1.09031	1.09038	88	0	12
2024.03.07	12:40:00	1.09038	1.09046	1.09005	1.09020	166	0	9
2024.03.07	12:41:00	1.09020	1.09023	1.09011	1.09017	49	0	8
2024.03.07	12:42:00	1.09017	1.09018	1.09011	1.09014	75	0	8
2024.03.07	12:43:00	1.09014	1.09031	1.09013	1.09027	131	0	9
2024.03.07	12:44:00	1.09027	1.09045	1.09018	1.09024	78	0	10
2024.03.07	12:45:00	1.09024	1.09033	1.09022	1.09025	124	0	8
2024.03.07	12:46:00	1.09025	1.09033	1.09020	1.09022	109	0	10
2024.03.07	12:47:00	1.09022	1.09029	1.09004	1.09004	68	0	10
2024.03.07	12:48:00	1.09004	1.09010	1.09003	1.09004	34	0	10
2024.03.07	12:49:00	1.09004	1.09011	1.08996	1.09002	40	0	12
2024.03.07	12:50:00	1.09002	1.09005	1.08993	1.08996	126	0	10
2024.03.07	12:51:00	1.08996	1.09008	1.08992	1.09003	147	0	11
2024.03.07	12:52:00	1.09003	1.09016	1.08992	1.09016	70	0	10
2024.03.07	12:53:00	1.09016	1.09020	1.09008	1.09013	143	0	12
2024.03.07	12:54:00	1.09013	1.09029	1.09011	1.09019	50	0	12
2024.03.07	12:55:00	1.09019	1.09045	1.09008	1.09038	91	0	10
2024.03.07	12:56:00	1.09038	1.09052	1.09037	1.09049	75	0	10
2024.03.07	12:57:00	1.09049	1.09058	1.09049	1.09054	75	0	9
2024.03.07	12:58:00	1.09054	1.09060	1.09035	1.09045	16	0	10
2024.03.07	12:59:00	1.09045	1.09047	1.09037	1.09039	49	0	8
2024.03.07	13:00:00	1.09039	1.09043	1.09028	1.09032	151	0	11
2024.03.07	13:01:00	1.09032	1.09057	1.09030	1.09048	102	0	10
2024.03.07	13:02:00	1.09048	1.09054	1.09025	1.09029	95	0	11
2024.03.07	13:03:00	1.09029	1.09061	1.09024	1.09051	63	0	10
2024.03.07	13:04:00	1.09051	1.09062	1.09036	1.09060	74	0	12
2024.03.07	13:05:00	1.09060	1.09072	1.09053	1.09067	123	0	9
2024.03.07	13:06:00	1.09067	1.09071	1.09050	1.09056	172	0	12
2024.03.07	13:07:00	1.09056	1.09070	1.09055	1.09065	13	0	11
2024.03.07	13:08:00	1.09065	1.09078	1.09059	1.09074	35	0	10
2024.03.07	13:09:00	1.09074	1.09083	1.09074	1.09076	98	0	11
2024.03.07	13:10:00	1.09076	1.09092	1.09063	1.09086	12	0	9
2024.03.07	13:11:00	1.09086	1.09087	1.09080	1.09086	83	0	8
2024.03.07	13:12:00	1.09086	1.09099	1.09068	1.09073	25	0	10
2024.03.07	13:13:00	1.09073	1.09093	1.09056	1.09082	83	0	10
2024.03.07	13:14:00	1.09082	1.09082	1.09071	1.09076	42	0	10
2024.03.07	13:15:00	1.09076	1.09085	1.09075	1.09082	153	0	10
2024.03.07	13:16:00	1.09082	1.09096	1.09078	1.09089	27	0	8
2024.03.07	13:17:00	1.09089	1.09092	1.09075	1.09078	94	0	10
2024.03.07	13:18:00	1.09078	1.09088	1.09075	1.09077	135	0	11
2024.03.07	13:19:00	1.09077	1.09089	1.09075	1.09082	49	0	11
2024.03.07	13:20:00	1.09082	1.09086	1.09081	1.09084	84	0	11
2024.03.07	13:21:00	1.09084	1.09105	1.09082	1.09104	107	0	11
2024.03.07	13:22:00	1.09104	1.09120	1.09070	1.09074	76	0	10
2024.03.07	13:23:00	1.09074	1.09075	1.09071	1.09075	162	0	11
2024.03.07	13:24:00	1.09075	1.09082	1.09071	1.09075	76	0	8
2024.03.07	13:25:00	1.09075	1.09099	1.09070	1.09096	95	0	10
2024.03.07	13:26:00	1.09096	1.09109	1.09093	1.09098	80	0	11
2024.03.07	13:27:00	1.09098	1.09099	1.09072	1.09075	83	0	9
2024.03.07	13:28:00	1.09075	1.09079	1.09061	1.09061	171	0	8
2024.03.07	13:29:00	1.09061	1.09087	1.09060	1.09078	15	0	10
2024.03.07	13:30:00	1.09078	1.09081	1.09060	1.09060	110	0	12
2024.03.07	13:31:00	1.09060	1.09076	1.09055	1.09070	85	0	10
2024.03.07	13:32:00	1.09070	1.09082	1.09064	1.09068	76	0	12
2024.03.07	13:33:00	1.09068	1.09090	1.09065	1.09088	23	0	9
2024.03.07	13:34:00	1.09088	1.09090	1.09084	1.09088	26	0	8
2024.03.07	13:35:00	1.09088	1.09095	1.09072	1.09073	10	0	12
2024.03.07	13:36:00	1.09073	1.09080	1.09071	1.09078	69	0	9
2024.03.07	13:37:00	1.09078	1.09089	1.09061	1.09066	113	0	9
2024.03.07	13:38:00	1.09066	1.09081	1.09066	1.09077	156	0	11
2024.03.07	13:39:00	1.09077	1.09080	1.09064	1.09068	141	0	10
2024.03.07	13:40:00	1.09068	1.09073	1.09053	1.09055	131	0	10
2024.03.07	13:41:00	1.09055	1.09055	1.09041	1.09046	82	0	9
2024.03.07	13:42:00	1.09046	1.09058	1.09036	1.09039	61	0	10
2024.03.07	13:43:00	1.09039	1.09059	1.09039	1.09056	48	0	10
2024.03.07	13:44:00	1.09056	1.09064	1.09046	1.09063	116	0	9
2024.03.07	13:45:00	1.09063	1.09075	1.09059	1.09071	165	0	11
2024.03.07	13:46:00	1.09071	1.09074	1.09059	1.09063	31	0	12
2024.03.07	13:47:00	1.09063	1.09076	1.09060	1.09071	156	0	10
2024.03.07	13:48:00	1.09071	1.09077	1.09056	1.09057	126	0	12
2024.03.07	13:49:00	1.09057	1.09060	1.09042	1.09047	63	0	10
2024.03.07	13:50:00	1.09047	1.09047	1.09034	1.09035	176	0	8
2024.03.07	13:51:00	1.09035	1.09045	1.09034	1.09043	21	0	10
2024.03.07	13:52:00	1.09043	1.09044	1.09035	1.09040	20	0	12
2024.03.07	13:53:00	1.09040	1.09042	1.09034	1.09034	157	0	10
2024.03.07	13:54:00	1.09034	1.09040	1.09018	1.09021	145	0	8
2024.03.07	13:55:00	1.09021	1.09030	1.09017	1.09019	22	0	8
2024.03.07	13:56:00	1.09019	1.09025	1.09009	1.09012	67	0	10
2024.03.07	13:57:00	1.09012	1.09013	1.08997	1.08997	22	0	9
2024.03.07	13:58:00	1.08997	1.09002	1.08988	1.08997	26	0	12
2024.03.07	13:59:00	1.08997	1.09018	1.08984	1.09010	151	0	11
2024.03.07	14:00:00	1.09010	1.09012	1.09002	1.09007	72	0	10
2024.03.07	14:01:00	1.09007	1.09031	1.09005	1.09029	139	0	10
2024.03.07	14:02:00	1.09029	1.09050	1.09020	1.09044	166	0	9
2024.03.07	14:03:00	1.09044	1.09046	1.09020	1.09025	141	0	12
2024.03.07	14:04:00	1.09025	1.09030	1.09022	1.09026	173	0	9
2024.03.07	14:05:00	1.09026	1.09037	1.09026	1.09036	73	0	11
2024.03.07	14:06:00	1.09036	1.09038	1.09020	1.09021	148	0	11
2024.03.07	14:07:00	1.09021	1.09023	1.09007	1.09012	64	0	10
2024.03.07	14:08:00	1.09012	1.09029	1.09003	1.09020	152	0	10
2024.03.07	14:09:00	1.09020	1.09048	1.09020	1.09040	72	0	8
2024.03.07	14:10:00	1.09040	1.09056	1.09039	1.09056	173	0	10
2024.03.07	14:11:00	1.09056	1.09058	1.09047	1.09050	171	0	9
2024.03.07	14:12:00	1.09050	1.09057	1.09025	1.09029	158	0	12
2024.03.07	14:13:00	1.09029	1.09037	1.09007	1.09015	118	0	11
2024.03.07	14:14:00	1.09015	1.09015	1.09004	1.09006	136	0	10
2024.03.07	14:15:00	1.09006	1.09030	1.09003	1.09023	178	0	12
2024.03.07	14:16:00	1.09023	1.09032	1.09020	1.09030	158	0	10
2024.03.07	14:17:00	1.09030	1.09045	1.09022	1.09038	81	0	10
2024.03.07	14:18:00	1.09038	1.09046	1.09015	1.09024	33	0	12
2024.03.07	14:19:00	1.09024	1.09039	1.09022	1.09024	10	0	11
2024.03.07	14:20:00	1.09024	1.09027	1.09006	1.09016	29	0	12
2024.03.07	14:21:00	1.09016	1.09020	1.08994	1.08994	148	0	11
2024.03.07	14:22:00	1.08994	1.08998	1.08977	1.08989	135	0	12
2024.03.07	14:23:00	1.08989	1.08992	1.08982	1.08988	33	0	10
2024.03.07	14:24:00	1.08988	1.08989	1.08983	1.08986	73	0	8
2024.03.07	14:25:00	1.08986	1.08988	1.08978	1.08981	169	0	8
2024.03.07	14:26:00	1.08981	1.08988	1.08975	1.08985	142	0	8
2024.03.07	14:27:00	1.08985	1.08988	1.08977	1.08985	47	0	12
2024.03.07	14:28:00	1.08985	1.09002	1.08985	1.08996	142	0	10
2024.03.07	14:29:00	1.08996	1.09006	1.08988	1.09004	157	0	10
2024.03.07	14:30:00	1.09004	1.09008	1.08987	1.08995	86	0	8
2024.03.07	14:31:00	1.08995	1.09002	1.08989	1.08994	89	0	11
2024.03.07	14:32:00	1.08994	1.09007	1.08970	1.08978	14	0	12
2024.03.07	14:33:00	1.08978	1.08982	1.08972	1.08975	155	0	10
2024.03.07	14:34:00	1.08975	1.08980	1.08970	1.08971	180	0	9
2024.03.07	14:35:00	1.08971	1.08986	1.08970	1.08980	13	0	10
2024.03.07	14:36:00	1.08980	1.08980	1.08976	1.08980	17	0	12
2024.03.07	14:37:00	1.08980	1.09001	1.08978	1.08999	127	0	8
2024.03.07	14:38:00	1.08999	1.09003	1.08989	1.09000	120	0	10
2024.03.07	14:39:00	1.09000	1.09022	1.08995	1.09018	64	0	9
2024.03.07	14:40:00	1.09018	1.09032	1.09016	1.09030	177	0	11
2024.03.07	14:41:00	1.09030	1.09031	1.09014	1.09026	50	0	11
2024.03.07	14:42:00	1.09026	1.09028	1.08997	1.09004	174	0	11
2024.03.07	14:43:00	1.09004	1.09010	1.08986	1.08996	24	0	9
2024.03.07	14:44:00	1.08996	1.09000	1.08982	1.08982	149	0	8
2024.03.07	14:45:00	1.08982	1.08988	1.08979	1.08979	80	0	10
2024.03.07	14:46:00	1.08979	1.09003	1.08979	1.08998	133	0	12
2024.03.07	14:47:00	1.08998	1.08998	1.08980	1.08983	30	0	12
2024.03.07	14:48:00	1.08983	1.08991	1.08979	1.08983	62	0	8
2024.03.07	14:49:00	1.08983	1.08986	1.08981	1.08983	24	0	9
2024.03.07	14:50:00	1.08983	1.08990	1.08981	1.08990	23	0	8
2024.03.07	14:51:00	1.08990	1.08993	1.08981	1.08991	152	0	12
2024.03.07	14:52:00	1.08991	1.09004	1.08988	1.08994	125	0	11
2024.03.07	14:53:00	1.08994	1.09002	1.08979	1.08989	55	0	9
2024.03.07	14:54:00	1.08989	1.08995	1.08966	1.08966	70	0	12
2024.03.07	14:55:00	1.08966	1.08971	1.08924	1.08939	164	0	8
2024.03.07	14:56:00	1.08939	1.08968	1.08934	1.08966	29	0	10
2024.03.07	14:57:00	1.08966	1.08971	1.08959	1.08960	60	0	12
2024.03.07	14:58:00	1.08960	1.08969	1.08938	1.08941	132	0	11
2024.03.07	14:59:00	1.08941	1.08944	1.08924	1.08928	159	0	12
2024.03.07	15:00:00	1.08928	1.08932	1.08913	1.08932	20	0	11
2024.03.07	15:01:00	1.08932	1.08941	1.08912	1.08915	167	0	12
2024.03.07	15:02:00	1.08915	1.08919	1.08909	1.08917	67	0	9
2024.03.07	15:03:00	1.08917	1.08928	1.08908	1.08914	175	0	8
2024.03.07	15:04:00	1.08914	1.08934	1.08900	1.08924	23	0	10
2024.03.07	15:05:00	1.08924	1.08929	1.08910	1.08914	81	0	11
2024.03.07	15:06:00	1.08914	1.08925	1.08894	1.08897	117	0	10
2024.03.07	15:07:00	1.08897	1.08902	1.08874	1.08881	114	0	9
2024.03.07	15:08:00	1.08881	1.08886	1.08880	1.08885	52	0	11
2024.03.07	15:09:00	1.08885	1.08898	1.08881	1.08891	48	0	11
2024.03.07	15:10:00	1.08891	1.08899	1.08889	1.08894	106	0	12
2024.03.07	15:11:00	1.08894	1.08901	1.08875	1.08883	119	0	12
2024.03.07	15:12:00	1.08883	1.08891	1.08881	1.08886	14	0	11
2024.03.07	15:13:00	1.08886	1.08903	1.08876	1.08900	33	0	9
2024.03.07	15:14:00	1.08900	1.08907	1.08890	1.08893	134	0	11
2024.03.07	15:15:00	1.08893	1.08893	1.08889	1.08891	158	0	10
2024.03.07	15:16:00	1.08891	1.08906	1.08885	1.08902	134	0	12
2024.03.07	15:17:00	1.08902	1.08908	1.08889	1.08903	147	0	10
2024.03.07	15:18:00	1.08903	1.08920	1.08897	1.08911	135	0	12
2024.03.07	15:19:00	1.08911	1.08912	1.08904	1.08910	142	0	10
2024.03.07	15:20:00	1.08910	1.08933	1.08902	1.08923	48	0	9
2024.03.07	15:21:00	1.08923	1.08931	1.08909	1.08929	16	0	9
2024.03.07	15:22:00	1.08929	1.08935	1.08924	1.08931	55	0	10
2024.03.07	15:23:00	1.08931	1.08950	1.08915	1.08950	65	0	10
2024.03.07	15:24:00	1.08950	1.08960	1.08940	1.08957	23	0	10
2024.03.07	15:25:00	1.08957	1.08962	1.08955	1.08958	137	0	8
2024.03.07	15:26:00	1.08958	1.08964	1.08945	1.08945	112	0	10
2024.03.07	15:27:00	1.08945	1.08956	1.08944	1.08944	25	0	11
2024.03.07	15:28:00	1.08944	1.08956	1.08939	1.08955	24	0	8
2024.03.07	15:29:00	1.08955	1.08962	1.08954	1.08961	91	0	9
2024.03.07	15:30:00	1.08961	1.08966	1.08941	1.08947	171	0	9
2024.03.07	15:31:00	1.08947	1.08954	1.08931	1.08938	130	0	10
2024.03.07	15:32:00	1.08938	1.08953	1.08927	1.08951	54	0	10
2024.03.07	15:33:00	1.08951	1.08955	1.08950	1.08954	26	0	11
2024.03.07	15:34:00	1.08954	1.08969	1.08948	1.08963	129	0	10
2024.03.07	15:35:00	1.08963	1.08968	1.08957	1.08967	103	0	11
2024.03.07	15:36:00	1.08967	1.08972	1.08957	1.08959	79	0	10
2024.03.07	15:37:00	1.08959	1.08964	1.08930	1.08934	42	0	9
2024.03.07	15:38:00	1.08934	1.08953	1.08928	1.08947	136	0	10
2024.03.07	15:39:00	1.08947	1.08954	1.08935	1.08946	129	0	12
2024.03.07	15:40:00	1.08946	1.08958	1.08937	1.08954	148	0	12
2024.03.07	15:41:00	1.08954	1.08977	1.08948	1.08977	60	0	8
2024.03.07	15:42:00	1.08977	1.08991	1.08951	1.08957	19	0	10
2024.03.07	15:43:00	1.08957	1.08959	1.08940	1.08946	129	0	12
2024.03.07	15:44:00	1.08946	1.08948	1.08921	1.08923	29	0	9
2024.03.07	15:45:00	1.08923	1.08926	1.08907	1.08913	176	0	9
2024.03.07	15:46:00	1.08913	1.08916	1.08904	1.08911	149	0	10
2024.03.07	15:47:00	1.08911	1.08917	1.08907	1.08913	76	0	12
2024.03.07	15:48:00	1.08913	1.08918	1.08901	1.08909	36	0	10
2024.03.07	15:49:00	1.08909	1.08926	1.08903	1.08924	13	0	9
2024.03.07	15:50:00	1.08924	1.08928	1.08905	1.08919	168	0	11
2024.03.07	15:51:00	1.08919	1.08921	1.08895	1.08899	129	0	8
2024.03.07	15:52:00	1.08912	1.08912	1.08912	1.08912	0	0	10
2024.03.07	15:53:00	1.08912	1.08912	1.08912	1.08912	0	0	11
2024.03.07	15:54:00	1.08912	1.08912	1.08912	1.08912	0	0	8
2024.03.07	15:55:00	1.08912	1.08912	1.08912	1.08912	0	0	8
2024.03.07	15:56:00	1.08912	1.08912	1.08912	1.08912	0	0	10
2024.03.07	15:57:00	1.08912	1.08912	1.08912	1.08912	0	0	9
2024.03.07	15:58:00	1.08912	1.08912	1.08912	1.08912	0	0	12
2024.03.07	15:59:00	1.08912	1.08912	1.08912	1.08912	0	0	10
2024.03.07	16:00:00	1.08912	1.08912	1.08912	1.08912	0	0	10
2024.03.07	16:01:00	1.08912	1.08912	1.08912	1.08912	0	0	11
2024.03.07	16:02:00	1.08912	1.08912	1.08912	1.08912	0	0	8
2024.03.07	16:03:00	1.08912	1.08912	1.08912	1.08912	0	0	11
2024.03.07	16:04:00	1.08912	1.08912	1.08912	1.08912	0	0	8
2024.03.07	16:05:00	1.08912	1.08912	1.08912	1.08912	0	0	11
2024.03.07	16:06:00	1.08912	1.08912	1.08912	1.08912	0	0	10
2024.03.07	16:07:00	1.08836	1.08838	1.08810	1.08817	147	0	10
2024.03.07	16:08:00	1.08817	1.08817	1.08798	1.08807	17	0	10
2024.03.07	16:09:00	1.08807	1.08808	1.08790	1.08794	151	0	10
2024.03.07	16:10:00	1.08794	1.08796	1.08786	1.08787	163	0	8
2024.03.07	16:11:00	1.08787	1.08802	1.08777	1.08778	86	0	9
2024.03.07	16:12:00	1.08778	1.08778	1.08773	1.08774	56	0	12
2024.03.07	16:13:00	1.08774	1.08785	1.08767	1.08783	153	0	9
2024.03.07	16:14:00	1.08783	1.08798	1.08779	1.08786	97	0	11
2024.03.07	16:15:00	1.08786	1.08806	1.08777	1.08794	47	0	8
2024.03.07	16:16:00	1.08794	1.08814	1.08791	1.08809	95	0	8
2024.03.07	16:17:00	1.08809	1.08820	1.08799	1.08814	139	0	10
2024.03.07	16:18:00	1.08814	1.08831	1.08806	1.08824	19	0	9
2024.03.07	16:19:00	1.08824	1.08827	1.08797	1.08798	157	0	12
2024.03.07	16:20:00	1.08798	1.08808	1.08796	1.08799	63	0	10
2024.03.07	16:21:00	1.08799	1.08800	1.08789	1.08794	151	0	10
2024.03.07	16:22:00	1.08794	1.08826	1.08784	1.08819	64	0	12
2024.03.07	16:23:00	1.08819	1.08829	1.08817	1.08825	169	0	8
2024.03.07	16:24:00	1.08825	1.08867	1.08818	1.08857	136	0	8
2024.03.07	16:25:00	1.08857	1.08874	1.08851	1.08867	144	0	9
2024.03.07	16:26:00	1.08867	1.08871	1.08862	1.08865	67	0	9
2024.03.07	16:27:00	1.08865	1.08868	1.08852	1.08854	19	0	10
2024.03.07	16:28:00	1.08854	1.08890	1.08850	1.08886	83	0	10
2024.03.07	16:29:00	1.08886	1.08891	1.08882	1.08887	92	0	10
2024.03.07	16:30:00	1.08887	1.08893	1.08881	1.08887	55	0	10
2024.03.07	16:31:00	1.08887	1.08915	1.08886	1.08913	120	0	12
2024.03.07	16:32:00	1.08913	1.08919	1.08880	1.08890	74	0	12
2024.03.07	16:33:00	1.08890	1.08905	1.08868	1.08881	116	0	10
2024.03.07	16:34:00	1.08881	1.08888	1.08852	1.08862	13	0	10
2024.03.07	16:35:00	1.08862	1.08863	1.08841	1.08843	159	0	9
2024.03.07	16:36:00	1.08843	1.08860	1.08835	1.08852	137	0	9
2024.03.07	16:37:00	1.08852	1.08873	1.08845	1.08872	95	0	10
2024.03.07	16:38:00	1.08872	1.08892	1.08870	1.08889	174	0	11
2024.03.07	16:39:00	1.08889	1.08889	1.08883	1.08886	93	0	11
2024.03.07	16:40:00	1.08886	1.08894	1.08884	1.08889	149	0	12
2024.03.07	16:41:00	1.08889	1.08892	1.08884	1.08886	14	0	9
2024.03.07	16:42:00	1.08886	1.08889	1.08869	1.08870	176	0	9
2024.03.07	16:43:00	1.08870	1.08882	1.08863	1.08875	91	0	11
2024.03.07	16:44:00	1.08875	1.08890	1.08870	1.08871	144	0	10
2024.03.07	16:45:00	1.08871	1.08872	1.08867	1.08867	82	0	8
2024.03.07	16:46:00	1.08867	1.08880	1.08857	1.08875	129	0	8
2024.03.07	16:47:00	1.08875	1.08879	1.08863	1.08864	175	0	9
2024.03.07	16:48:00	1.08864	1.08879	1.08855	1.08873	33	0	11
2024.03.07	16:49:00	1.08873	1.08877	1.08870	1.08875	121	0	12
2024.03.07	16:50:00	1.08875	1.08881	1.08863	1.08871	35	0	8
2024.03.07	16:51:00	1.08871	1.08876	1.08859	1.08871	90	0	9
2024.03.07	16:52:00	1.08871	1.08883	1.08860	1.08863	48	0	10
2024.03.07	16:53:00	1.08863	1.08874	1.08830	1.08843	153	0	10
2024.03.07	16:54:00	1.08843	1.08851	1.08836	1.08850	77	0	10
2024.03.07	16:55:00	1.08850	1.08861	1.08849	1.08852	80	0	12
2024.03.07	16:56:00	1.08852	1.08859	1.08839	1.08855	171	0	12
2024.03.07	16:57:00	1.08855	1.08870	1.08848	1.08868	84	0	9
2024.03.07	16:58:00	1.08868	1.08870	1.08859	1.08862	99	0	10
2024.03.07	16:59:00	1.08862	1.08873	1.08841	1.08845	149	0	12
2024.03.07	17:00:00	1.08845	1.08866	1.08831	1.08860	35	0	10
2024.03.07	17:01:00	1.08860	1.08867	1.08858	1.08862	112	0	10
2024.03.07	17:02:00	1.08862	1.08866	1.08860	1.08862	162	0	11
2024.03.07	17:03:00	1.08862	1.08864	1.08856	1.08861	116	0	11
2024.03.07	17:04:00	1.08861	1.08864	1.08831	1.08842	39	0	11
2024.03.07	17:05:00	1.08842	1.08876	1.08840	1.08873	10	0	12
2024.03.07	17:06:00	1.08873	1.08900	1.08860	1.08892	159	0	9
2024.03.07	17:07:00	1.08892	1.08907	1.08870	1.08877	142	0	12
2024.03.07	17:08:00	1.08877	1.08879	1.08862	1.08866	59	0	10
2024.03.07	17:09:00	1.08866	1.08878	1.08859	1.08875	139	0	12
2024.03.07	17:10:00	1.08875	1.08907	1.08869	1.08904	168	0	10
2024.03.07	17:11:00	1.08904	1.08919	1.08902	1.08913	124	0	10
2024.03.07	17:12:00	1.08913	1.08930	1.08907	1.08923	30	0	8
2024.03.07	17:13:00	1.08923	1.08937	1.08918	1.08927	104	0	10
2024.03.07	17:14:00	1.08927	1.08933	1.08916	1.08922	69	0	8
2024.03.07	17:15:00	1.08922	1.08935	1.08916	1.08931	128	0	11
2024.03.07	17:16:00	1.08931	1.08933	1.08920	1.08926	166	0	9
2024.03.07	17:17:00	1.08926	1.08935	1.08919	1.08933	53	0	12
2024.03.07	17:18:00	1.08933	1.08938	1.08926	1.08927	70	0	11
2024.03.07	17:19:00	1.08927	1.08939	1.08916	1.08926	56	0	12
2024.03.07	17:20:00	1.08926	1.08932	1.08916	1.08924	36	0	9
2024.03.07	17:21:00	1.08924	1.08932	1.08923	1.08928	95	0	12
2024.03.07	17:22:00	1.08928	1.08939	1.08899	1.08907	54	0	9
2024.03.07	17:23:00	1.08907	1.08911	1.08902	1.08908	117	0	10
2024.03.07	17:24:00	1.08908	1.08917	1.08902	1.08907	89	0	11
2024.03.07	17:25:00	1.08907	1.08915	1.08901	1.08910	97	0	10
2024.03.07	17:26:00	1.08910	1.08915	1.08909	1.08915	69	0	12
2024.03.07	17:27:00	1.08915	1.08930	1.08913	1.08930	57	0	12
2024.03.07	17:28:00	1.08930	1.08959	1.08920	1.08951	34	0	11
2024.03.07	17:29:00	1.08951	1.08962	1.08947	1.08957	162	0	12
2024.03.07	17:30:00	1.08957	1.08965	1.08944	1.08947	149	0	9
2024.03.07	17:31:00	1.08947	1.08951	1.08923	1.08928	100	0	8
2024.03.07	17:32:00	1.08928	1.08930	1.08904	1.08909	10	0	10
2024.03.07	17:33:00	1.08909	1.08919	1.08904	1.08918	100	0	12
2024.03.07	17:34:00	1.08918	1.08920	1.08915	1.08919	17	0	12
2024.03.07	17:35:00	1.08919	1.08939	1.08917	1.08921	46	0	9
2024.03.07	17:36:00	1.08921	1.08930	1.08901	1.08908	120	0	8
2024.03.07	17:37:00	1.08908	1.08925	1.08905	1.08914	60	0	10
2024.03.07	17:38:00	1.08914	1.08918	1.08883	1.08890	99	0	11
2024.03.07	17:39:00	1.08890	1.08894	1.08887	1.08893	54	0	12
2024.03.07	17:40:00	1.08893	1.08909	1.08893	1.08908	48	0	11
2024.03.07	17:41:00	1.08908	1.08913	1.08875	1.08878	128	0	10
2024.03.07	17:42:00	1.08878	1.08887	1.08869	1.08871	143	0	12
2024.03.07	17:43:00	1.08871	1.08880	1.08860	1.08864	152	0	12
2024.03.07	17:44:00	1.08864	1.08889	1.08858	1.08888	151	0	8
2024.03.07	17:45:00	1.08888	1.08904	1.08886	1.08900	60	0	12
2024.03.07	17:46:00	1.08900	1.08915	1.08899	1.08911	18	0	8
2024.03.07	17:47:00	1.08911	1.08917	1.08905	1.08909	123	0	11
2024.03.07	17:48:00	1.08909	1.08935	1.08906	1.08922	114	0	12
2024.03.07	17:49:00	1.08922	1.08929	1.08922	1.08927	61	0	9
2024.03.07	17:50:00	1.08927	1.08948	1.08921	1.08935	161	0	10
2024.03.07	17:51:00	1.08935	1.08936	1.08914	1.08918	124	0	8
2024.03.07	17:52:00	1.08918	1.08922	1.08916	1.08921	32	0	11
2024.03.07	17:53:00	1.08921	1.08927	1.08907	1.08909	174	0	8
2024.03.07	17:54:00	1.08909	1.08915	1.08902	1.08907	178	0	10
2024.03.07	17:55:00	1.08907	1.08917	1.08905	1.08916	178	0	9
2024.03.07	17:56:00	1.08916	1.08929	1.08892	1.08899	103	0	9
2024.03.07	17:57:00	1.08899	1.08901	1.08890	1.08900	116	0	10
2024.03.07	17:58:00	1.08900	1.08905	1.08879	1.08888	52	0	8
2024.03.07	17:59:00	1.08888	1.08898	1.08883	1.08894	139	0	11
2024.03.07	18:00:00	1.08894	1.08903	1.08889	1.08893	152	0	10
2024.03.07	18:01:00	1.08893	1.08912	1.08888	1.08905	15	0	11
2024.03.07	18:02:00	1.08905	1.08906	1.08880	1.08892	161	0	10
2024.03.07	18:03:00	1.08892	1.08894	1.08891	1.08894	73	0	9
2024.03.07	18:04:00	1.08894	1.08895	1.08881	1.08887	153	0	11
2024.03.07	18:05:00	1.08887	1.08893	1.08879	1.08882	21	0	9
2024.03.07	18:06:00	1.08882	1.08883	1.08862	1.08871	146	0	10
2024.03.07	18:07:00	1.08871	1.08872	1.08853	1.08865	92	0	9
2024.03.07	18:08:00	1.08865	1.08873	1.08864	1.08872	148	0	10
2024.03.07	18:09:00	1.08872	1.08881	1.08867	1.08874	88	0	9
2024.03.07	18:10:00	1.08874	1.08879	1.08864	1.08878	41	0	11
2024.03.07	18:11:00	1.08878	1.08881	1.08875	1.08881	96	0	10
2024.03.07	18:12:00	1.08881	1.08881	1.08870	1.08875	73	0	10
2024.03.07	18:13:00	1.08875	1.08881	1.08859	1.08862	114	0	9
2024.03.07	18:14:00	1.08862	1.08866	1.08839	1.08843	33	0	10
2024.03.07	18:15:00	1.08843	1.08851	1.08825	1.08826	90	0	11
2024.03.07	18:16:00	1.08826	1.08833	1.08815	1.08817	25	0	10
2024.03.07	18:17:00	1.08817	1.08818	1.08794	1.08800	63	0	11
2024.03.07	18:18:00	1.08800	1.08814	1.08788	1.08812	80	0	12
2024.03.07	18:19:00	1.08812	1.08812	1.08802	1.08803	82	0	10
2024.03.07	18:20:00	1.08803	1.08817	1.08798	1.08814	127	0	8
2024.03.07	18:21:00	1.08814	1.08818	1.08801	1.08808	74	0	11
2024.03.07	18:22:00	1.08808	1.08837	1.08804	1.08831	12	0	12
2024.03.07	18:23:00	1.08831	1.08837	1.08823	1.08828	118	0	10
2024.03.07	18:24:00	1.08828	1.08829	1.08818	1.08824	175	0	10
2024.03.07	18:25:00	1.08824	1.08825	1.08805	1.08819	121	0	8
2024.03.07	18:26:00	1.08819	1.08820	1.08813	1.08818	83	0	12
2024.03.07	18:27:00	1.08818	1.08824	1.08808	1.08809	28	0	11
2024.03.07	18:28:00	1.08809	1.08811	1.08792	1.08805	64	0	11
2024.03.07	18:29:00	1.08805	1.08814	1.08784	1.08785	30	0	11
2024.03.07	18:30:00	1.08785	1.08794	1.08777	1.08790	104	0	11
2024.03.07	18:31:00	1.08790	1.08794	1.08761	1.08770	31	0	12
2024.03.07	18:32:00	1.08770	1.08780	1.08764	1.08773	106	0	10
2024.03.07	18:33:00	1.08773	1.08782	1.08768	1.08778	36	0	10
2024.03.07	18:34:00	1.08778	1.08786	1.08774	1.08776	130	0	10
2024.03.07	18:35:00	1.08776	1.08782	1.08775	1.08777	22	0	8
2024.03.07	18:36:00	1.08777	1.08781	1.08753	1.08753	57	0	10
2024.03.07	18:37:00	1.08753	1.08764	1.08750	1.08757	120	0	10
2024.03.07	18:38:00	1.08757	1.08769	1.08744	1.08760	41	0	9
2024.03.07	18:39:00	1.08760	1.08766	1.08733	1.08736	15	0	10
2024.03.07	18:40:00	1.08736	1.08756	1.08736	1.08748	159	0	12
2024.03.07	18:41:00	1.08748	1.08764	1.08745	1.08762	115	0	9
2024.03.07	18:42:00	1.08762	1.08782	1.08749	1.08782	173	0	10
2024.03.07	18:43:00	1.08782	1.08788	1.08766	1.08768	137	0	10
2024.03.07	18:44:00	1.08768	1.08771	1.08748	1.08752	164	0	10
2024.03.07	18:45:00	1.08752	1.08755	1.08720	1.08720	19	0	10
2024.03.07	18:46:00	1.08720	1.08736	1.08714	1.08735	79	0	8
2024.03.07	18:47:00	1.08735	1.08749	1.08728	1.08747	130	0	9
2024.03.07	18:48:00	1.08747	1.08748	1.08727	1.08730	39	0	10
2024.03.07	18:49:00	1.08730	1.08733	1.08714	1.08714	20	0	10
2024.03.07	18:50:00	1.08714	1.08715	1.08706	1.08708	18	0	10
2024.03.07	18:51:00	1.08708	1.08727	1.08707	1.08717	143	0	10
2024.03.07	18:52:00	1.08717	1.08732	1.08700	1.08730	125	0	9
2024.03.07	18:53:00	1.08730	1.08745	1.08721	1.08732	176	0	8
2024.03.07	18:54:00	1.08732	1.08737	1.08727	1.08730	174	0	12
2024.03.07	18:55:00	1.08730	1.08731	1.08713	1.08722	111	0	10
2024.03.07	18:56:00	1.08722	1.08722	1.08718	1.08720	153	0	10
2024.03.07	18:57:00	1.08720	1.08735	1.08711	1.08731	55	0	12
2024.03.07	18:58:00	1.08731	1.08746	1.08730	1.08744	135	0	10
2024.03.07	18:59:00	1.08744	1.08749	1.08739	1.08747	85	0	11
2024.03.07	19:00:00	1.08747	1.08751	1.08743	1.08746	160	0	8
2024.03.07	19:01:00	1.08746	1.08758	1.08743	1.08752	75	0	11
2024.03.07	19:02:00	1.08752	1.08770	1.08746	1.08762	58	0	11
2024.03.07	19:03:00	1.08762	1.08772	1.08744	1.08755	150	0	11
2024.03.07	19:04:00	1.08755	1.08766	1.08755	1.08759	68	0	12
2024.03.07	19:05:00	1.08759	1.08759	1.08751	1.08756	71	0	9
2024.03.07	19:06:00	1.08756	1.08761	1.08739	1.08747	9	0	10
2024.03.07	19:07:00	1.08747	1.08766	1.08742	1.08761	99	0	10
2024.03.07	19:08:00	1.08761	1.08766	1.08745	1.08748	171	0	8
2024.03.07	19:09:00	1.08748	1.08758	1.08721	1.08731	27	0	10
2024.03.07	19:10:00	1.08731	1.08743	1.08729	1.08738	130	0	8
2024.03.07	19:11:00	1.08738	1.08740	1.08734	1.08738	63	0	10
2024.03.07	19:12:00	1.08738	1.08746	1.08730	1.08738	18	0	10
2024.03.07	19:13:00	1.08738	1.08742	1.08729	1.08741	130	0	12
2024.03.07	19:14:00	1.08741	1.08745	1.08737	1.08741	166	0	10
2024.03.07	19:15:00	1.08741	1.08752	1.08732	1.08734	49	0	10
2024.03.07	19:16:00	1.08734	1.08735	1.08715	1.08724	103	0	12
2024.03.07	19:17:00	1.08724	1.08728	1.08707	1.08726	130	0	11
2024.03.07	19:18:00	1.08726	1.08729	1.08723	1.08726	164	0	10
2024.03.07	19:19:00	1.08726	1.08729	1.08697	1.08706	18	0	9
2024.03.07	19:20:00	1.08706	1.08732	1.08704	1.08729	163	0	10
2024.03.07	19:21:00	1.08729	1.08734	1.08723	1.08733	172	0	9
2024.03.07	19:22:00	1.08733	1.08751	1.08723	1.08740	35	0	10
2024.03.07	19:23:00	1.08740	1.08746	1.08739	1.08744	153	0	10
2024.03.07	19:24:00	1.08744	1.08752	1.08741	1.08750	149	0	8
2024.03.07	19:25:00	1.08750	1.08758	1.08745	1.08747	175	0	10
2024.03.07	19:26:00	1.08747	1.08769	1.08738	1.08766	126	0	9
2024.03.07	19:27:00	1.08766	1.08774	1.08764	1.08769	72	0	10
2024.03.07	19:28:00	1.08769	1.08775	1.08762	1.08768	8	0	12
2024.03.07	19:29:00	1.08768	1.08779	1.08768	1.08774	65	0	10
2024.03.07	19:30:00	1.08774	1.08777	1.08766	1.08773	14	0	12
2024.03.07	19:31:00	1.08773	1.08789	1.08758	1.08778	126	0	12
2024.03.07	19:32:00	1.08778	1.08815	1.08774	1.08808	94	0	8
2024.03.07	19:33:00	1.08808	1.08816	1.08807	1.08810	166	0	10
2024.03.07	19:34:00	1.08810	1.08812	1.08800	1.08806	132	0	10
2024.03.07	19:35:00	1.08806	1.08815	1.08795	1.08799	115	0	9
2024.03.07	19:36:00	1.08799	1.08804	1.08788	1.08790	164	0	10
2024.03.07	19:37:00	1.08790	1.08804	1.08789	1.08802	144	0	10
2024.03.07	19:38:00	1.08802	1.08836	1.08795	1.08828	180	0	8
2024.03.07	19:39:00	1.08828	1.08839	1.08825	1.08838	162	0	10
2024.03.07	19:40:00	1.08838	1.08859	1.08830	1.08854	172	0	11
2024.03.07	19:41:00	1.08854	1.08857	1.08837	1.08843	138	0	10
2024.03.07	19:42:00	1.08843	1.08848	1.08834	1.08837	31	0	11
2024.03.07	19:43:00	1.08837	1.08849	1.08825	1.08847	36	0	12
2024.03.07	19:44:00	1.08847	1.08847	1.08837	1.08838	93	0	9
2024.03.07	19:45:00	1.08838	1.08868	1.08838	1.08863	90	0	10
2024.03.07	19:46:00	1.08863	1.08865	1.08856	1.08862	174	0	12
2024.03.07	19:47:00	1.08862	1.08863	1.08850	1.08851	141	0	12
2024.03.07	19:48:00	1.08851	1.08858	1.08843	1.08846	157	0	8
2024.03.07	19:49:00	1.08846	1.08860	1.08830	1.08834	171	0	10
2024.03.07	19:50:00	1.08834	1.08835	1.08822	1.08829	91	0	12
2024.03.07	19:51:00	1.08829	1.08839	1.08825	1.08837	72	0	8
2024.03.07	19:52:00	1.08837	1.08839	1.08830	1.08832	37	0	10
2024.03.07	19:53:00	1.08832	1.08858	1.08824	1.08843	161	0	11
2024.03.07	19:54:00	1.08843	1.08863	1.08843	1.08861	102	0	10
2024.03.07	19:55:00	1.08861	1.08862	1.08849	1.08851	76	0	11
2024.03.07	19:56:00	1.08851	1.08857	1.08846	1.08855	130	0	11
2024.03.07	19:57:00	1.08855	1.08862	1.08843	1.08847	83	0	8
2024.03.07	19:58:00	1.08847	1.08864	1.08846	1.08863	12	0	9
2024.03.07	19:59:00	1.08863	1.08875	1.08853	1.08860	78	0	12
2024.03.07	20:00:00	1.08860	1.08872	1.08858	1.08872	40	0	12
2024.03.07	20:01:00	1.08872	1.08879	1.08856	1.08859	131	0	8
2024.03.07	20:02:00	1.08859	1.08870	1.08848	1.08851	83	0	10
2024.03.07	20:03:00	1.08851	1.08874	1.08844	1.08870	101	0	10
2024.03.07	20:04:00	1.08870	1.08871	1.08862	1.08863	75	0	9
2024.03.07	20:05:00	1.08863	1.08865	1.08853	1.08853	79	0	11
2024.03.07	20:06:00	1.08853	1.08858	1.08840	1.08851	29	0	12
2024.03.07	20:07:00	1.08851	1.08863	1.08848	1.08854	124	0	9
2024.03.07	20:08:00	1.08854	1.08864	1.08845	1.08856	114	0	8
2024.03.07	20:09:00	1.08856	1.08864	1.08850	1.08859	146	0	8
2024.03.07	20:10:00	1.08859	1.08864	1.08853	1.08853	133	0	10
2024.03.07	20:11:00	1.08853	1.08857	1.08838	1.08841	29	0	11
2024.03.07	20:12:00	1.08841	1.08842	1.08822	1.08830	37	0	8
2024.03.07	20:13:00	1.08830	1.08835	1.08815	1.08817	156	0	8
2024.03.07	20:14:00	1.08817	1.08817	1.08789	1.08796	140	0	10
2024.03.07	20:15:00	1.08796	1.08803	1.08793	1.08799	105	0	11
2024.03.07	20:16:00	1.08799	1.08801	1.08782	1.08786	72	0	9
2024.03.07	20:17:00	1.08786	1.08786	1.08781	1.08782	25	0	9
2024.03.07	20:18:00	1.08782	1.08810	1.08781	1.08802	38	0	10
2024.03.07	20:19:00	1.08802	1.08810	1.08761	1.08763	171	0	8
2024.03.07	20:20:00	1.08763	1.08776	1.08756	1.08764	28	0	8
2024.03.07	20:21:00	1.08764	1.08773	1.08757	1.08767	59	0	10
2024.03.07	20:22:00	1.08767	1.08769	1.08765	1.08768	126	0	9
2024.03.07	20:23:00	1.08768	1.08775	1.08760	1.08773	153	0	8
2024.03.07	20:24:00	1.08773	1.08777	1.08765	1.08766	109	0	10
2024.03.07	20:25:00	1.08766	1.08774	1.08766	1.08767	130	0	12
2024.03.07	20:26:00	1.08767	1.08788	1.08765	1.08778	89	0	9
2024.03.07	20:27:00	1.08778	1.08778	1.08778	1.08778	12	0	11
2024.03.07	20:28:00	1.08778	1.08787	1.08770	1.08770	155	0	8
2024.03.07	20:29:00	1.08770	1.08771	1.08768	1.08771	157	0	12
2024.03.07	20:30:00	1.08771	1.08775	1.08767	1.08768	152	0	9
2024.03.07	20:31:00	1.08768	1.08777	1.08763	1.08772	47	0	10
2024.03.07	20:32:00	1.08772	1.08779	1.08756	1.08760	158	0	11
2024.03.07	20:33:00	1.08760	1.08794	1.08751	1.08788	47	0	11
2024.03.07	20:34:00	1.08788	1.08793	1.08784	1.08788	98	0	10
2024.03.07	20:35:00	1.08788	1.08797	1.08786	1.08787	71	0	8
2024.03.07	20:36:00	1.08787	1.08787	1.08767	1.08773	53	0	12
2024.03.07	20:37:00	1.08773	1.08791	1.08763	1.08787	145	0	9
2024.03.07	20:38:00	1.08787	1.08790	1.08765	1.08776	111	0	11
2024.03.07	20:39:00	1.08776	1.08785	1.08774	1.08779	52	0	11
2024.03.07	20:40:00	1.08779	1.08785	1.08778	1.08785	151	0	9
2024.03.07	20:41:00	1.08785	1.08789	1.08772	1.08784	99	0	12
2024.03.07	20:42:00	1.08784	1.08799	1.08777	1.08796	61	0	9
2024.03.07	20:43:00	1.08796	1.08797	1.08789	1.08795	154	0	12
2024.03.07	20:44:00	1.08795	1.08812	1.08794	1.08805	19	0	10
2024.03.07	20:45:00	1.08805	1.08813	1.08801	1.08806	128	0	9
2024.03.07	20:46:00	1.08806	1.08817	1.08800	1.08814	54	0	12
2024.03.07	20:47:00	1.08814	1.08820	1.08812	1.08813	113	0	9
2024.03.07	20:48:00	1.08813	1.08822	1.08793	1.08796	177	0	8
2024.03.07	20:49:00	1.08796	1.08821	1.08794	1.08815	61	0	10
2024.03.07	20:50:00	1.08815	1.08820	1.08814	1.08817	72	0	11
2024.03.07	20:51:00	1.08817	1.08827	1.08810	1.08827	76	0	10
2024.03.07	20:52:00	1.08827	1.08851	1.08816	1.08845	64	0	8
2024.03.07	20:53:00	1.08845	1.08852	1.08831	1.08841	96	0	10
2024.03.07	20:54:00	1.08841	1.08855	1.08813	1.08818	163	0	9
2024.03.07	20:55:00	1.08818	1.08836	1.08811	1.08826	96	0	8
2024.03.07	20:56:00	1.08826	1.08826	1.08800	1.08803	106	0	12
2024.03.07	20:57:00	1.08803	1.08806	1.08798	1.08800	86	0	9
2024.03.07	20:58:00	1.08800	1.08826	1.08798	1.08825	158	0	8
2024.03.07	20:59:00	1.08825	1.08830	1.08820	1.08827	136	0	10
2024.03.07	21:00:00	1.08827	1.08833	1.08815	1.08824	34	0	8
2024.03.07	21:01:00	1.08824	1.08829	1.08808	1.08813	128	0	9
2024.03.07	21:02:00	1.08813	1.08839	1.08813	1.08831	157	0	11
2024.03.07	21:03:00	1.08831	1.08856	1.08829	1.08852	179	0	10
2024.03.07	21:04:00	1.08852	1.08852	1.08847	1.08849	137	0	10
2024.03.07	21:05:00	1.08849	1.08850	1.08841	1.08847	122	0	10
2024.03.07	21:06:00	1.08847	1.08851	1.08839	1.08845	17	0	10
2024.03.07	21:07:00	1.08845	1.08849	1.08835	1.08837	160	0	9
2024.03.07	21:08:00	1.08837	1.08868	1.08836	1.08859	174	0	10
2024.03.07	21:09:00	1.08859	1.08870	1.08838	1.08845	173	0	8
2024.03.07	21:10:00	1.08845	1.08851	1.08843	1.08849	146	0	9
2024.03.07	21:11:00	1.08849	1.08851	1.08837	1.08850	84	0	12
2024.03.07	21:12:00	1.08850	1.08867	1.08844	1.08850	53	0	10
2024.03.07	21:13:00	1.08850	1.08850	1.08836	1.08840	128	0	9
2024.03.07	21:14:00	1.08840	1.08854	1.08831	1.08845	160	0	10
2024.03.07	21:15:00	1.08845	1.08846	1.08843	1.08845	34	0	10
2024.03.07	21:16:00	1.08845	1.08847	1.08827	1.08837	54	0	12
2024.03.07	21:17:00	1.08837	1.08858	1.08836	1.08850	90	0	10
2024.03.07	21:18:00	1.08850	1.08852	1.08842	1.08850	89	0	8
2024.03.07	21:19:00	1.08850	1.08871	1.08848	1.08869	23	0	12
2024.03.07	21:20:00	1.08869	1.08881	1.08851	1.08852	102	0	10
2024.03.07	21:21:00	1.08852	1.08854	1.08837	1.08840	97	0	11
2024.03.07	21:22:00	1.08840	1.08845	1.08823	1.08824	119	0	10
2024.03.07	21:23:00	1.08824	1.08842	1.08822	1.08838	15	0	8
2024.03.07	21:24:00	1.08838	1.08838	1.08831	1.08832	36	0	9
2024.03.07	21:25:00	1.08832	1.08836	1.08820	1.08825	91	0	10
2024.03.07	21:26:00	1.08825	1.08829	1.08813	1.08818	61	0	12
2024.03.07	21:27:00	1.08818	1.08824	1.08797	1.08810	71	0	10
2024.03.07	21:28:00	1.08810	1.08812	1.08807	1.08808	104	0	12
2024.03.07	21:29:00	1.08808	1.08836	1.08807	1.08834	75	0	8
2024.03.07	21:30:00	1.08834	1.08836	1.08826	1.08836	43	0	10
2024.03.07	21:31:00	1.08836	1.08858	1.08830	1.08844	85	0	8
2024.03.07	21:32:00	1.08844	1.08844	1.08833	1.08838	123	0	12
2024.03.07	21:33:00	1.08838	1.08846	1.08827	1.08829	142	0	11
2024.03.07	21:34:00	1.08829	1.08834	1.08826	1.08833	70	0	8
2024.03.07	21:35:00	1.08833	1.08850	1.08826	1.08844	118	0	12
2024.03.07	21:36:00	1.08844	1.08845	1.08833	1.08838	176	0	8
2024.03.07	21:37:00	1.08838	1.08844	1.08827	1.08835	148	0	10
2024.03.07	21:38:00	1.08835	1.08837	1.08827	1.08835	176	0	10
2024.03.07	21:39:00	1.08835	1.08836	1.08829	1.08831	14	0	9
2024.03.07	21:40:00	1.08831	1.08844	1.08821	1.08842	110	0	11
2024.03.07	21:41:00	1.08842	1.08858	1.08840	1.08851	65	0	8
2024.03.07	21:42:00	1.08851	1.08856	1.08835	1.08839	105	0	9
2024.03.07	21:43:00	1.08839	1.08842	1.08830	1.08833	148	0	10
2024.03.07	21:44:00	1.08833	1.08847	1.08831	1.08837	62	0	10
2024.03.07	21:45:00	1.08837	1.08854	1.08833	1.08848	11	0	12
2024.03.07	21:46:00	1.08848	1.08865	1.08834	1.08860	156	0	9
2024.03.07	21:47:00	1.08860	1.08863	1.08857	1.08859	123	0	11
2024.03.07	21:48:00	1.08859	1.08861	1.08840	1.08846	109	0	11
2024.03.07	21:49:00	1.08846	1.08854	1.08846	1.08847	145	0	10
2024.03.07	21:50:00	1.08847	1.08850	1.08823	1.08836	125	0	8
2024.03.07	21:51:00	1.08836	1.08842	1.08830	1.08842	26	0	10
2024.03.07	21:52:00	1.08842	1.08846	1.08836	1.08839	45	0	12
2024.03.07	21:53:00	1.08839	1.08841	1.08825	1.08827	174	0	12
2024.03.07	21:54:00	1.08827	1.08827	1.08809	1.08822	131	0	11
2024.03.07	21:55:00	1.08822	1.08825	1.08821	1.08823	80	0	9
2024.03.07	21:56:00	1.08823	1.08863	1.08816	1.08862	36	0	11
2024.03.07	21:57:00	1.08862	1.08868	1.08856	1.08859	32	0	9
2024.03.07	21:58:00	1.08859	1.08882	1.08857	1.08875	11	0	11
2024.03.07	21:59:00	1.08875	1.08886	1.08869	1.08885	164	0	9
2024.03.07	23:00:00	1.08885	1.08889	1.08878	1.08880	149	0	11
2024.03.07	23:01:00	1.08880	1.08888	1.08879	1.08885	44	0	12
2024.03.07	23:02:00	1.08885	1.08889	1.08869	1.08871	103	0	10
2024.03.07	23:03:00	1.08871	1.08874	1.08863	1.08867	61	0	9
2024.03.07	23:04:00	1.08867	1.08868	1.08856	1.08866	129	0	10
2024.03.07	23:05:00	1.08866	1.08895	1.08857	1.08892	175	0	10
2024.03.07	23:06:00	1.08892	1.08894	1.08888	1.08893	18	0	12
2024.03.07	23:07:00	1.08893	1.08919	1.08889	1.08916	155	0	11
2024.03.07	23:08:00	1.08916	1.08931	1.08914	1.08927	14	0	8
2024.03.07	23:09:00	1.08927	1.08934	1.08927	1.08931	85	0	9
2024.03.07	23:10:00	1.08931	1.08942	1.08909	1.08912	89	0	10
2024.03.07	23:11:00	1.08912	1.08913	1.08908	1.08911	76	0	11
2024.03.07	23:12:00	1.08911	1.08915	1.08895	1.08897	82	0	9
2024.03.07	23:13:00	1.08897	1.08912	1.08869	1.08874	8	0	10
2024.03.07	23:14:00	1.08874	1.08875	1.08864	1.08867	124	0	8
2024.03.07	23:15:00	1.08867	1.08870	1.08864	1.08869	128	0	12
2024.03.07	23:16:00	1.08869	1.08879	1.08863	1.08878	36	0	10
2024.03.07	23:17:00	1.08878	1.08882	1.08865	1.08871	172	0	10
2024.03.07	23:18:00	1.08871	1.08875	1.08854	1.08863	162	0	10
2024.03.07	23:19:00	1.08863	1.08881	1.08863	1.08881	117	0	11
2024.03.07	23:20:00	1.08881	1.08884	1.08861	1.08867	36	0	11
2024.03.07	23:21:00	1.08867	1.08873	1.08855	1.08860	64	0	12
2024.03.07	23:22:00	1.08860	1.08865	1.08845	1.08849	15	0	9
2024.03.07	23:23:00	1.08849	1.08853	1.08843	1.08845	142	0	8
2024.03.07	23:24:00	1.08845	1.08849	1.08840	1.08844	138	0	10
2024.03.07	23:25:00	1.08844	1.08851	1.08816	1.08817	39	0	11
2024.03.07	23:26:00	1.08817	1.08821	1.08791	1.08799	20	0	8
2024.03.07	23:27:00	1.08799	1.08799	1.08786	1.08789	80	0	9
2024.03.07	23:28:00	1.08789	1.08795	1.08784	1.08788	103	0	11
2024.03.07	23:29:00	1.08788	1.08791	1.08772	1.08783	26	0	10
2024.03.07	23:30:00	1.08783	1.08786	1.08772	1.08775	123	0	12
2024.03.07	23:31:00	1.08775	1.08782	1.08758	1.08766	161	0	11
2024.03.07	23:32:00	1.08766	1.08782	1.08761	1.08771	125	0	11
2024.03.07	23:33:00	1.08771	1.08792	1.08765	1.08791	104	0	8
2024.03.07	23:34:00	1.08791	1.08800	1.08791	1.08793	82	0	11
2024.03.07	23:35:00	1.08793	1.08799	1.08767	1.08774	148	0	11
2024.03.07	23:36:00	1.08774	1.08783	1.08768	1.08772	50	0	9
2024.03.07	23:37:00	1.08772	1.08782	1.08767	1.08782	173	0	11
2024.03.07	23:38:00	1.08782	1.08811	1.08781	1.08797	170	0	12
2024.03.07	23:39:00	1.08797	1.08798	1.08775	1.08780	143	0	10
2024.03.07	23:40:00	1.08780	1.08792	1.08765	1.08769	151	0	11
2024.03.07	23:41:00	1.08769	1.08770	1.08762	1.08768	155	0	9
2024.03.07	23:42:00	1.08768	1.08769	1.08761	1.08763	64	0	10
2024.03.07	23:43:00	1.08763	1.08768	1.08753	1.08767	114	0	10
2024.03.07	23:44:00	1.08767	1.08770	1.08756	1.08763	101	0	10
2024.03.07	23:45:00	1.08763	1.08766	1.08762	1.08764	27	0	9
2024.03.07	23:46:00	1.08764	1.08780	1.08759	1.08775	160	0	10
2024.03.07	23:47:00	1.08775	1.08790	1.08767	1.08790	22	0	8
2024.03.07	23:48:00	1.08790	1.08797	1.08776	1.08778	46	0	9
2024.03.07	23:49:00	1.08778	1.08779	1.08768	1.08775	91	0	11
2024.03.07	23:50:00	1.08775	1.08778	1.08772	1.08778	152	0	10
2024.03.07	23:51:00	1.08778	1.08788	1.08775	1.08776	42	0	10
2024.03.07	23:52:00	1.08776	1.08779	1.08761	1.08777	100	0	12
2024.03.07	23:53:00	1.08777	1.08789	1.08766	1.08773	86	0	12
2024.03.07	23:54:00	1.08773	1.08778	1.08760	1.08762	158	0	12
2024.03.07	23:55:00	1.08762	1.08768	1.08758	1.08759	56	0	12
2024.03.07	23:56:00	1.08759	1.08762	1.08737	1.08744	131	0	10
2024.03.07	23:57:00	1.08744	1.08762	1.08740	1.08758	173	0	8
2024.03.07	23:58:00	1.08758	1.08770	1.08756	1.08762	73	0	8
2024.03.07	23:59:00	1.08762	1.08766	1.08761	1.08763	67	0	11
2024.03.08	00:00:00	1.08763	1.08777	1.08762	1.08770	135	0	8
2024.03.08	00:01:00	1.08770	1.08785	1.08763	1.08781	76	0	12
2024.03.08	00:02:00	1.08781	1.08793	1.08781	1.08790	32	0	11
2024.03.08	00:03:00	1.08790	1.08794	1.08779	1.08789	140	0	10
2024.03.08	00:04:00	1.08789	1.08817	1.08785	1.08804	94	0	9
2024.03.08	00:05:00	1.08804	1.08804	1.08801	1.08804	11	0	10
2024.03.08	00:06:00	1.08804	1.08815	1.08776	1.08783	88	0	11
2024.03.08	00:07:00	1.08783	1.08786	1.08777	1.08778	174	0	8
2024.03.08	00:08:00	1.08778	1.08782	1.08748	1.08750	32	0	8
2024.03.08	00:09:00	1.08750	1.08758	1.08737	1.08744	91	0	10
2024.03.08	00:10:00	1.08744	1.08747	1.08739	1.08745	9	0	10
2024.03.08	00:11:00	1.08745	1.08767	1.08745	1.08758	44	0	10
2024.03.08	00:12:00	1.08758	1.08770	1.08754	1.08762	158	0	10
2024.03.08	00:13:00	1.08762	1.08772	1.08742	1.08749	36	0	11
2024.03.08	00:14:00	1.08749	1.08767	1.08742	1.08759	60	0	10
2024.03.08	00:15:00	1.08759	1.08780	1.08755	1.08765	29	0	8
2024.03.08	00:16:00	1.08765	1.08766	1.08751	1.08762	97	0	10
2024.03.08	00:17:00	1.08762	1.08770	1.08760	1.08762	155	0	10
2024.03.08	00:18:00	1.08762	1.08772	1.08752	1.08764	163	0	9
2024.03.08	00:19:00	1.08764	1.08772	1.08761	1.08763	12	0	12
2024.03.08	00:20:00	1.08763	1.08764	1.08753	1.08756	144	0	10
2024.03.08	00:21:00	1.08756	1.08771	1.08752	1.08769	73	0	12
2024.03.08	00:22:00	1.08769	1.08773	1.08760	1.08764	169	0	8
2024.03.08	00:23:00	1.08764	1.08772	1.08756	1.08759	122	0	12
2024.03.08	00:24:00	1.08759	1.08765	1.08757	1.08763	83	0	8
2024.03.08	00:25:00	1.08763	1.08787	1.08754	1.08775	27	0	8
2024.03.08	00:26:00	1.08775	1.08780	1.08770	1.08772	161	0	10
2024.03.08	00:27:00	1.08772	1.08779	1.08767	1.08778	65	0	10
2024.03.08	00:28:00	1.08778	1.08790	1.08778	1.08788	104	0	12
2024.03.08	00:29:00	1.08788	1.08822	1.08787	1.08806	145	0	8
2024.03.08	00:30:00	1.08806	1.08807	1.08795	1.08795	105	0	12
2024.03.08	00:31:00	1.08795	1.08805	1.08787	1.08796	156	0	9
2024.03.08	00:32:00	1.08796	1.08799	1.08779	1.08780	135	0	11
2024.03.08	00:33:00	1.08780	1.08786	1.08772	1.08776	83	0	9
2024.03.08	00:34:00	1.08776	1.08776	1.08766	1.08774	153	0	12
2024.03.08	00:35:00	1.08774	1.08775	1.08761	1.08761	115	0	12
2024.03.08	00:36:00	1.08761	1.08775	1.08760	1.08768	40	0	8
2024.03.08	00:37:00	1.08768	1.08775	1.08762	1.08764	140	0	12
2024.03.08	00:38:00	1.08764	1.08765	1.08748	1.08751	109	0	12
2024.03.08	00:39:00	1.08751	1.08757	1.08743	1.08753	129	0	10
2024.03.08	00:40:00	1.08753	1.08754	1.08740	1.08743	22	0	8
2024.03.08	00:41:00	1.08743	1.08782	1.08739	1.08777	111	0	9
2024.03.08	00:42:00	1.08777	1.08786	1.08775	1.08786	79	0	11
2024.03.08	00:43:00	1.08786	1.08812	1.08786	1.08807	153	0	10
2024.03.08	00:44:00	1.08807	1.08810	1.08802	1.08805	121	0	12
2024.03.08	00:45:00	1.08805	1.08810	1.08800	1.08801	69	0	9
2024.03.08	00:46:00	1.08801	1.08803	1.08779	1.08783	26	0	10
2024.03.08	00:47:00	1.08783	1.08788	1.08771	1.08772	16	0	10
2024.03.08	00:48:00	1.08772	1.08772	1.08763	1.08765	28	0	12
2024.03.08	00:49:00	1.08765	1.08771	1.08765	1.08769	157	0	10
2024.03.08	00:50:00	1.08769	1.08801	1.08763	1.08793	67	0	10
2024.03.08	00:51:00	1.08793	1.08796	1.08790	1.08791	98	0	8
2024.03.08	00:52:00	1.08791	1.08834	1.08790	1.08825	93	0	11
2024.03.08	00:53:00	1.08825	1.08847	1.08822	1.08843	34	0	10
2024.03.08	00:54:00	1.08843	1.08844	1.08839	1.08842	176	0	10
2024.03.08	00:55:00	1.08842	1.08845	1.08826	1.08829	50	0	12
2024.03.08	00:56:00	1.08829	1.08838	1.08798	1.08807	76	0	10
2024.03.08	00:57:00	1.08807	1.08808	1.08797	1.08799	84	0	10
2024.03.08	00:58:00	1.08799	1.08806	1.08786	1.08789	134	0	10
2024.03.08	00:59:00	1.08789	1.08797	1.08775	1.08792	139	0	10
2024.03.08	01:00:00	1.08792	1.08792	1.08778	1.08784	146	0	11
2024.03.08	01:01:00	1.08784	1.08802	1.08776	1.08793	15	0	12
2024.03.08	01:02:00	1.08793	1.08799	1.08787	1.08795	38	0	12
2024.03.08	01:03:00	1.08795	1.08830	1.08788	1.08819	108	0	8
2024.03.08	01:04:00	1.08819	1.08831	1.08818	1.08825	170	0	8
2024.03.08	01:05:00	1.08825	1.08828	1.08792	1.08800	96	0	9
2024.03.08	01:06:00	1.08800	1.08809	1.08770	1.08778	172	0	10
2024.03.08	01:07:00	1.08778	1.08787	1.08773	1.08779	28	0	10
2024.03.08	01:08:00	1.08779	1.08802	1.08773	1.08792	115	0	9
2024.03.08	01:09:00	1.08792	1.08805	1.08792	1.08801	41	0	9
2024.03.08	01:10:00	1.08801	1.08821	1.08795	1.08813	91	0	11
2024.03.08	01:11:00	1.08813	1.08817	1.08795	1.08798	113	0	10
2024.03.08	01:12:00	1.08798	1.08801	1.08794	1.08796	133	0	340
2024.03.08	01:13:00	1.08796	1.08800	1.08794	1.08794	158	0	10
2024.03.08	01:14:00	1.08794	1.08816	1.08783	1.08816	113	0	12
2024.03.08	01:15:00	1.08816	1.08821	1.08808	1.08811	70	0	11
2024.03.08	01:16:00	1.08811	1.08814	1.08796	1.08797	149	0	10
2024.03.08	01:17:00	1.08797	1.08801	1.08795	1.08796	139	0	11
2024.03.08	01:18:00	1.08796	1.08810	1.08792	1.08807	174	0	8
2024.03.08	01:19:00	1.08807	1.08817	1.08804	1.08809	83	0	8
2024.03.08	01:20:00	1.08809	1.08815	1.08787	1.08788	113	0	10
2024.03.08	01:21:00	1.08788	1.08806	1.08785	1.08795	111	0	9
2024.03.08	01:22:00	1.08795	1.08804	1.08787	1.08788	110	0	8
2024.03.08	01:23:00	1.08788	1.08796	1.08785	1.08794	21	0	8
2024.03.08	01:24:00	1.08794	1.08812	1.08794	1.08807	66	0	9
2024.03.08	01:25:00	1.08807	1.08808	1.08805	1.08805	111	0	11
2024.03.08	01:26:00	1.08805	1.08811	1.08805	1.08805	170	0	12
2024.03.08	01:27:00	1.08805	1.08810	1.08799	1.08810	173	0	12
2024.03.08	01:28:00	1.08810	1.08819	1.08797	1.08807	60	0	10
2024.03.08	01:29:00	1.08807	1.08810	1.08803	1.08803	155	0	8
2024.03.08	01:30:00	1.08803	1.08808	1.08801	1.08805	122	0	9
2024.03.08	01:31:00	1.08805	1.08828	1.08804	1.08824	56	0	9
2024.03.08	01:32:00	1.08824	1.08833	1.08816	1.08819	141	0	9
2024.03.08	01:33:00	1.08819	1.08841	1.08818	1.08836	27	0	12
2024.03.08	01:34:00	1.08836	1.08837	1.08823	1.08834	113	0	8
2024.03.08	01:35:00	1.08834	1.08837	1.08816	1.08820	97	0	10
2024.03.08	01:36:00	1.08820	1.08843	1.08813	1.08833	168	0	9
2024.03.08	01:37:00	1.08833	1.08845	1.08831	1.08843	91	0	11
2024.03.08	01:38:00	1.08843	1.08850	1.08821	1.08830	116	0	11
2024.03.08	01:39:00	1.08830	1.08842	1.08824	1.08831	152	0	9
2024.03.08	01:40:00	1.08831	1.08844	1.08825	1.08837	61	0	10
2024.03.08	01:41:00	1.08837	1.08855	1.08832	1.08846	15	0	9
2024.03.08	01:42:00	1.08846	1.08859	1.08845	1.08846	165	0	8
2024.03.08	01:43:00	1.08846	1.08854	1.08826	1.08830	22	0	11
2024.03.08	01:44:00	1.08830	1.08860	1.08829	1.08858	73	0	10
2024.03.08	01:45:00	1.08858	1.08866	1.08855	1.08858	109	0	10
2024.03.08	01:46:00	1.08858	1.08861	1.08848	1.08859	161	0	8
2024.03.08	01:47:00	1.08859	1.08887	1.08856	1.08878	176	0	11
2024.03.08	01:48:00	1.08878	1.08894	1.08876	1.08886	123	0	12
2024.03.08	01:49:00	1.08886	1.08892	1.08883	1.08885	44	0	10
2024.03.08	01:50:00	1.08885	1.08892	1.08880	1.08890	159	0	9
2024.03.08	01:51:00	1.08890	1.08905	1.08884	1.08902	16	0	12
2024.03.08	01:52:00	1.08902	1.08903	1.08888	1.08891	25	0	11
2024.03.08	01:53:00	1.08891	1.08903	1.08883	1.08886	19	0	10
2024.03.08	01:54:00	1.08886	1.08894	1.08883	1.08884	169	0	11
2024.03.08	01:55:00	1.08884	1.08891	1.08865	1.08867	136	0	8
2024.03.08	01:56:00	1.08867	1.08870	1.08849	1.08850	22	0	10
2024.03.08	01:57:00	1.08850	1.08860	1.08848	1.08853	43	0	9
2024.03.08	01:58:00	1.08853	1.08871	1.08845	1.08847	136	0	10
2024.03.08	01:59:00	1.08847	1.08863	1.08846	1.08857	161	0	11
2024.03.08	02:00:00	1.08857	1.08859	1.08854	1.08858	35	0	9
2024.03.08	02:01:00	1.08858	1.08867	1.08855	1.08861	139	0	10
2024.03.08	02:02:00	1.08861	1.08864	1.08850	1.08858	43	0	10
2024.03.08	02:03:00	1.08858	1.08868	1.08848	1.08850	147	0	10
2024.03.08	02:04:00	1.08850	1.08852	1.08847	1.08850	27	0	11
2024.03.08	02:05:00	1.08850	1.08868	1.08848	1.08862	140	0	10
2024.03.08	02:06:00	1.08862	1.08874	1.08853	1.08874	174	0	10
2024.03.08	02:07:00	1.08874	1.08878	1.08841	1.08843	84	0	9
2024.03.08	02:08:00	1.08843	1.08851	1.08828	1.08831	178	0	8
2024.03.08	02:09:00	1.08831	1.08833	1.08827	1.08831	78	0	9
2024.03.08	02:10:00	1.08831	1.08838	1.08826	1.08831	14	0	10
2024.03.08	02:11:00	1.08831	1.08850	1.08830	1.08848	122	0	11
2024.03.08	02:12:00	1.08848	1.08871	1.08845	1.08867	136	0	9
2024.03.08	02:13:00	1.08867	1.08884	1.08859	1.08878	46	0	8
2024.03.08	02:14:00	1.08878	1.08901	1.08866	1.08894	73	0	12
2024.03.08	02:15:00	1.08894	1.08901	1.08880	1.08883	145	0	12
2024.03.08	02:16:00	1.08883	1.08886	1.08859	1.08868	158	0	12
2024.03.08	02:17:00	1.08868	1.08873	1.08862	1.08871	77	0	10
2024.03.08	02:18:00	1.08871	1.08875	1.08868	1.08872	129	0	8
2024.03.08	02:19:00	1.08872	1.08883	1.08870	1.08881	139	0	11
2024.03.08	02:20:00	1.08881	1.08889	1.08877	1.08881	137	0	8
2024.03.08	02:21:00	1.08881	1.08891	1.08878	1.08880	12	0	12
2024.03.08	02:22:00	1.08880	1.08894	1.08879	1.08889	149	0	10
2024.03.08	02:23:00	1.08889	1.08900	1.08881	1.08898	25	0	9
2024.03.08	02:24:00	1.08898	1.08928	1.08887	1.08916	159	0	9
2024.03.08	02:25:00	1.08916	1.08917	1.08909	1.08909	43	0	9
2024.03.08	02:26:00	1.08909	1.08930	1.08901	1.08922	88	0	10
2024.03.08	02:27:00	1.08922	1.08928	1.08913	1.08918	91	0	11
2024.03.08	02:28:00	1.08918	1.08928	1.08902	1.08908	86	0	10
2024.03.08	02:29:00	1.08908	1.08917	1.08885	1.08892	104	0	11
2024.03.08	02:30:00	1.08892	1.08896	1.08885	1.08889	61	0	8
2024.03.08	02:31:00	1.08889	1.08896	1.08888	1.08891	146	0	10
2024.03.08	02:32:00	1.08891	1.08895	1.08874	1.08886	139	0	11
2024.03.08	02:33:00	1.08886	1.08900	1.08883	1.08894	105	0	10
2024.03.08	02:34:00	1.08894	1.08897	1.08883	1.08886	87	0	9
2024.03.08	02:35:00	1.08886	1.08907	1.08884	1.08899	122	0	12
2024.03.08	02:36:00	1.08899	1.08901	1.08884	1.08894	43	0	12
2024.03.08	02:37:00	1.08894	1.08897	1.08859	1.08872	56	0	8
2024.03.08	02:38:00	1.08872	1.08889	1.08864	1.08881	101	0	9
2024.03.08	02:39:00	1.08881	1.08889	1.08874	1.08883	62	0	10
2024.03.08	02:40:00	1.08883	1.08895	1.08880	1.08891	29	0	8
2024.03.08	02:41:00	1.08891	1.08901	1.08889	1.08896	179	0	12
2024.03.08	02:42:00	1.08896	1.08902	1.08892	1.08894	164	0	10
2024.03.08	02:43:00	1.08894	1.08902	1.08885	1.08900	141	0	12
2024.03.08	02:44:00	1.08900	1.08901	1.08883	1.08890	172	0	12
2024.03.08	02:45:00	1.08890	1.08895	1.08879	1.08884	20	0	9
2024.03.08	02:46:00	1.08884	1.08884	1.08873	1.08875	32	0	8
2024.03.08	02:47:00	1.08875	1.08885	1.08873	1.08878	109	0	10
2024.03.08	02:48:00	1.08878	1.08882	1.08849	1.08852	44	0	10
2024.03.08	02:49:00	1.08852	1.08868	1.08843	1.08865	68	0	12
2024.03.08	02:50:00	1.08865	1.08880	1.08862	1.08874	142	0	10
2024.03.08	02:51:00	1.08874	1.08883	1.08868	1.08879	67	0	12
2024.03.08	02:52:00	1.08879	1.08888	1.08865	1.08873	12	0	8
2024.03.08	02:53:00	1.08873	1.08900	1.08868	1.08892	16	0	10
2024.03.08	02:54:00	1.08892	1.08900	1.08886	1.08891	135	0	9
2024.03.08	02:55:00	1.08891	1.08899	1.08890	1.08894	14	0	9
2024.03.08	02:56:00	1.08894	1.08901	1.08893	1.08901	137	0	11
2024.03.08	02:57:00	1.08901	1.08908	1.08890	1.08897	174	0	10
2024.03.08	02:58:00	1.08897	1.08903	1.08859	1.08861	110	0	12
2024.03.08	02:59:00	1.08861	1.08879	1.08859	1.08875	90	0	10
2024.03.08	03:00:00	1.08875	1.08875	1.08858	1.08862	52	0	12
2024.03.08	03:01:00	1.08862	1.08871	1.08860	1.08865	106	0	10
2024.03.08	03:02:00	1.08865	1.08865	1.08845	1.08865	157	0	8
2024.03.08	03:03:00	1.08865	1.08869	1.08855	1.08861	63	0	9
2024.03.08	03:04:00	1.08861	1.08869	1.08847	1.08866	22	0	10
2024.03.08	03:05:00	1.08866	1.08873	1.08861	1.08872	44	0	9
2024.03.08	03:06:00	1.08872	1.08886	1.08865	1.08881	22	0	10
2024.03.08	03:07:00	1.08881	1.08888	1.08875	1.08876	32	0	11
2024.03.08	03:08:00	1.08876	1.08891	1.08861	1.08889	115	0	10
2024.03.08	03:09:00	1.08889	1.08890	1.08873	1.08890	8	0	10
2024.03.08	03:10:00	1.08890	1.08894	1.08875	1.08876	77	0	10
2024.03.08	03:11:00	1.08876	1.08878	1.08838	1.08844	32	0	12
2024.03.08	03:12:00	1.08844	1.08872	1.08831	1.08872	59	0	10
2024.03.08	03:13:00	1.08872	1.08892	1.08863	1.08884	65	0	11
2024.03.08	03:14:00	1.08884	1.08893	1.08861	1.08872	46	0	9
2024.03.08	03:15:00	1.08872	1.08874	1.08869	1.08870	171	0	10
2024.03.08	03:16:00	1.08870	1.08872	1.08861	1.08870	118	0	10
2024.03.08	03:17:00	1.08870	1.08879	1.08864	1.08876	88	0	9
2024.03.08	03:18:00	1.08876	1.08878	1.08851	1.08852	180	0	8
2024.03.08	03:19:00	1.08852	1.08863	1.08844	1.08860	179	0	11
2024.03.08	03:20:00	1.08860	1.08864	1.08836	1.08837	112	0	8
2024.03.08	03:21:00	1.08837	1.08860	1.08835	1.08858	177	0	11
2024.03.08	03:22:00	1.08858	1.08863	1.08846	1.08863	164	0	10
2024.03.08	03:23:00	1.08863	1.08892	1.08852	1.08891	85	0	9
2024.03.08	03:24:00	1.08891	1.08914	1.08886	1.08908	138	0	10
2024.03.08	03:25:00	1.08908	1.08933	1.08903	1.08923	135	0	12
2024.03.08	03:26:00	1.08923	1.08930	1.08915	1.08917	32	0	8
2024.03.08	03:27:00	1.08917	1.08923	1.08900	1.08901	55	0	10
2024.03.08	03:28:00	1.08901	1.08903	1.08881	1.08889	170	0	10
2024.03.08	03:29:00	1.08889	1.08890	1.08867	1.08880	25	0	12
2024.03.08	03:30:00	1.08880	1.08888	1.08845	1.08849	148	0	12
2024.03.08	03:31:00	1.08849	1.08872	1.08841	1.08871	69	0	12
2024.03.08	03:32:00	1.08871	1.08871	1.08847	1.08847	69	0	8
2024.03.08	03:33:00	1.08847	1.08858	1.08844	1.08856	159	0	12
2024.03.08	03:34:00	1.08856	1.08861	1.08849	1.08859	72	0	11
2024.03.08	03:35:00	1.08859	1.08878	1.08856	1.08869	92	0	9
2024.03.08	03:36:00	1.08869	1.08871	1.08862	1.08864	39	0	10
2024.03.08	03:37:00	1.08864	1.08867	1.08828	1.08836	59	0	11
2024.03.08	03:38:00	1.08836	1.08841	1.08811	1.08812	154	0	9
2024.03.08	03:39:00	1.08812	1.08813	1.08804	1.08808	72	0	9
2024.03.08	03:40:00	1.08808	1.08809	1.08774	1.08784	156	0	12
2024.03.08	03:41:00	1.08784	1.08796	1.08777	1.08779	177	0	12
2024.03.08	03:42:00	1.08779	1.08794	1.08755	1.08791	141	0	10
2024.03.08	03:43:00	1.08791	1.08804	1.08778	1.08800	28	0	10
2024.03.08	03:44:00	1.08800	1.08809	1.08800	1.08807	151	0	11
2024.03.08	03:45:00	1.08807	1.08830	1.08804	1.08822	41	0	10
2024.03.08	03:46:00	1.08822	1.08824	1.08809	1.08815	93	0	8
2024.03.08	03:47:00	1.08815	1.08829	1.08800	1.08809	77	0	12
2024.03.08	03:48:00	1.08809	1.08815	1.08806	1.08810	123	0	11
2024.03.08	03:49:00	1.08810	1.08844	1.08806	1.08831	162	0	11
2024.03.08	03:50:00	1.08831	1.08851	1.08825	1.08845	21	0	12
2024.03.08	03:51:00	1.08845	1.08856	1.08836	1.08852	141	0	8
2024.03.08	03:52:00	1.08852	1.08853	1.08846	1.08852	79	0	12
2024.03.08	03:53:00	1.08852	1.08856	1.08835	1.08843	175	0	8
2024.03.08	03:54:00	1.08843	1.08859	1.08839	1.08853	8	0	10
2024.03.08	03:55:00	1.08853	1.08861	1.08852	1.08859	71	0	8
2024.03.08	03:56:00	1.08859	1.08879	1.08858	1.08877	145	0	11
2024.03.08	03:57:00	1.08877	1.08886	1.08861	1.08866	138	0	10
2024.03.08	03:58:00	1.08866	1.08867	1.08854	1.08855	28	0	11
2024.03.08	03:59:00	1.08855	1.08873	1.08847	1.08873	81	0	10
2024.03.08	04:00:00	1.08873	1.08873	1.08857	1.08864	145	0	10
2024.03.08	04:01:00	1.08864	1.08873	1.08857	1.08872	173	0	10
2024.03.08	04:02:00	1.08872	1.08883	1.08862	1.08880	120	0	12
2024.03.08	04:03:00	1.08880	1.08884	1.08869	1.08876	37	0	12
2024.03.08	04:04:00	1.08876	1.08893	1.08875	1.08887	66	0	10
2024.03.08	04:05:00	1.08887	1.08906	1.08883	1.08903	52	0	8
2024.03.08	04:06:00	1.08903	1.08909	1.08899	1.08901	45	0	9
2024.03.08	04:07:00	1.08901	1.08937	1.08890	1.08926	34	0	11
2024.03.08	04:08:00	1.08926	1.08940	1.08922	1.08938	157	0	10
2024.03.08	04:09:00	1.08938	1.08941	1.08932	1.08940	41	0	10
2024.03.08	04:10:00	1.08940	1.08959	1.08936	1.08954	146	0	10
2024.03.08	04:11:00	1.08954	1.08955	1.08935	1.08942	128	0	10
2024.03.08	04:12:00	1.08942	1.08947	1.08940	1.08942	155	0	12
2024.03.08	04:13:00	1.08942	1.08947	1.08935	1.08946	95	0	10
2024.03.08	04:14:00	1.08946	1.08952	1.08939	1.08943	121	0	12
2024.03.08	04:15:00	1.08943	1.08963	1.08942	1.08963	161	0	11
2024.03.08	04:16:00	1.08963	1.08963	1.08943	1.08947	170	0	8
2024.03.08	04:17:00	1.08947	1.08947	1.08939	1.08945	126	0	10
2024.03.08	04:18:00	1.08945	1.08953	1.08937	1.08946	60	0	8
2024.03.08	04:19:00	1.08946	1.08956	1.08938	1.08947	68	0	11
2024.03.08	04:20:00	1.08947	1.08979	1.08935	1.08967	75	0	10
2024.03.08	04:21:00	1.08967	1.08984	1.08962	1.08979	137	0	11
2024.03.08	04:22:00	1.08979	1.09007	1.08970	1.09003	126	0	10
2024.03.08	04:23:00	1.09003	1.09008	1.08989	1.08996	137	0	10
2024.03.08	04:24:00	1.08996	1.09008	1.08985	1.08990	163	0	9
2024.03.08	04:25:00	1.08990	1.08993	1.08988	1.08991	45	0	8
2024.03.08	04:26:00	1.08991	1.09001	1.08985	1.08995	28	0	8
2024.03.08	04:27:00	1.08995	1.09001	1.08994	1.09001	171	0	11
2024.03.08	04:28:00	1.09001	1.09011	1.08998	1.09011	48	0	10
2024.03.08	04:29:00	1.09011	1.09014	1.09009	1.09011	29	0	9
2024.03.08	04:30:00	1.09011	1.09017	1.09006	1.09016	75	0	8
2024.03.08	04:31:00	1.09016	1.09024	1.09012	1.09017	142	0	12
2024.03.08	04:32:00	1.09017	1.09023	1.09003	1.09008	165	0	10
2024.03.08	04:33:00	1.09008	1.09015	1.08989	1.08996	12	0	8
2024.03.08	04:34:00	1.08996	1.08997	1.08985	1.08990	103	0	11
2024.03.08	04:35:00	1.08990	1.09002	1.08984	1.09000	48	0	9
2024.03.08	04:36:00	1.09000	1.09007	1.08990	1.09001	26	0	10
2024.03.08	04:37:00	1.09001	1.09015	1.08989	1.08992	157	0	10
2024.03.08	04:38:00	1.08992	1.09001	1.08984	1.08985	72	0	12
2024.03.08	04:39:00	1.08985	1.08989	1.08967	1.08967	145	0	10
2024.03.08	04:40:00	1.08967	1.08967	1.08956	1.08962	102	0	11
2024.03.08	04:41:00	1.08962	1.08972	1.08960	1.08966	124	0	11
2024.03.08	04:42:00	1.08966	1.08980	1.08961	1.08980	161	0	9
2024.03.08	04:43:00	1.08980	1.08987	1.08977	1.08979	103	0	9
2024.03.08	04:44:00	1.08979	1.08995	1.08977	1.08992	58	0	9
2024.03.08	04:45:00	1.08992	1.09034	1.08988	1.09034	69	0	10
2024.03.08	04:46:00	1.09034	1.09037	1.09030	1.09032	21	0	12
2024.03.08	04:47:00	1.09032	1.09036	1.09025	1.09036	94	0	10
2024.03.08	04:48:00	1.09036	1.09045	1.09033	1.09045	51	0	12
2024.03.08	04:49:00	1.09045	1.09046	1.09036	1.09041	132	0	8
2024.03.08	04:50:00	1.09041	1.09043	1.09018	1.09027	173	0	8
2024.03.08	04:51:00	1.09027	1.09044	1.09016	1.09042	40	0	9
2024.03.08	04:52:00	1.09042	1.09051	1.09034	1.09037	139	0	10
2024.03.08	04:53:00	1.09037	1.09052	1.09035	1.09051	155	0	12
2024.03.08	04:54:00	1.09051	1.09072	1.09049	1.09066	174	0	9
2024.03.08	04:55:00	1.09066	1.09073	1.09057	1.09061	84	0	8
2024.03.08	04:56:00	1.09061	1.09075	1.09061	1.09061	61	0	10
2024.03.08	04:57:00	1.09061	1.09068	1.09051	1.09055	74	0	10
2024.03.08	04:58:00	1.09055	1.09056	1.09037	1.09049	138	0	11
2024.03.08	04:59:00	1.09049	1.09051	1.09047	1.09048	75	0	10
2024.03.08	05:00:00	1.09048	1.09067	1.09048	1.09065	37	0	11
2024.03.08	05:01:00	1.09065	1.09069	1.09046	1.09053	12	0	12
2024.03.08	05:02:00	1.09053	1.09056	1.09038	1.09047	155	0	10
2024.03.08	05:03:00	1.09047	1.09047	1.09040	1.09046	52	0	10
2024.03.08	05:04:00	1.09046	1.09055	1.09026	1.09038	26	0	11
2024.03.08	05:05:00	1.09038	1.09046	1.09030	1.09043	87	0	12
2024.03.08	05:06:00	1.09043	1.09054	1.09041	1.09053	9	0	9
2024.03.08	05:07:00	1.09053	1.09077	1.09048	1.09066	79	0	11
2024.03.08	05:08:00	1.09066	1.09071	1.09059	1.09070	164	0	11
2024.03.08	05:09:00	1.09070	1.09077	1.09039	1.09039	108	0	8
2024.03.08	05:10:00	1.09039	1.09048	1.09024	1.09031	21	0	11
2024.03.08	05:11:00	1.09031	1.09056	1.09030	1.09040	78	0	9
2024.03.08	05:12:00	1.09040	1.09048	1.09040	1.09040	41	0	10
2024.03.08	05:13:00	1.09040	1.09045	1.09031	1.09032	165	0	8
2024.03.08	05:14:00	1.09032	1.09044	1.09027	1.09039	144	0	9
2024.03.08	05:15:00	1.09039	1.09042	1.09022	1.09032	73	0	10
2024.03.08	05:16:00	1.09032	1.09033	1.09011	1.09017	8	0	11
2024.03.08	05:17:00	1.09017	1.09041	1.09008	1.09035	175	0	9
2024.03.08	05:18:00	1.09035	1.09047	1.09026	1.09029	60	0	10
2024.03.08	05:19:00	1.09029	1.09038	1.09006	1.09009	103	0	11
2024.03.08	05:20:00	1.09009	1.09021	1.09008	1.09010	150	0	12
2024.03.08	05:21:00	1.09010	1.09013	1.08999	1.09004	68	0	10
2024.03.08	05:22:00	1.09004	1.09028	1.09003	1.09024	169	0	10
2024.03.08	05:23:00	1.09024	1.09037	1.09017	1.09031	77	0	12
2024.03.08	05:24:00	1.09031	1.09038	1.09027	1.09032	18	0	10
2024.03.08	05:25:00	1.09032	1.09039	1.09028	1.09037	95	0	9
2024.03.08	05:26:00	1.09037	1.09060	1.09027	1.09057	99	0	9
2024.03.08	05:27:00	1.09057	1.09058	1.09026	1.09038	156	0	11
2024.03.08	05:28:00	1.09038	1.09041	1.09038	1.09041	100	0	9
2024.03.08	05:29:00	1.09041	1.09060	1.09039	1.09051	145	0	11
2024.03.08	05:30:00	1.09051	1.09060	1.09046	1.09056	135	0	11
2024.03.08	05:31:00	1.09056	1.09072	1.09047	1.09064	131	0	11
2024.03.08	05:32:00	1.09064	1.09068	1.09060	1.09063	102	0	10
2024.03.08	05:33:00	1.09063	1.09068	1.09036	1.09043	30	0	10
2024.03.08	05:34:00	1.09043	1.09049	1.09026	1.09029	94	0	10
2024.03.08	05:35:00	1.09029	1.09032	1.09013	1.09014	42	0	10
2024.03.08	05:36:00	1.09014	1.09027	1.09003	1.09019	16	0	9
2024.03.08	05:37:00	1.09019	1.09024	1.09014	1.09020	106	0	10
2024.03.08	05:38:00	1.09020	1.09026	1.09015	1.09021	99	0	10
2024.03.08	05:39:00	1.09021	1.09036	1.09011	1.09014	64	0	9
2024.03.08	05:40:00	1.09014	1.09036	1.09014	1.09029	62	0	8
2024.03.08	05:41:00	1.09029	1.09057	1.09024	1.09050	40	0	10
2024.03.08	05:42:00	1.09050	1.09054	1.09045	1.09050	139	0	12
2024.03.08	05:43:00	1.09050	1.09059	1.09038	1.09047	27	0	12
2024.03.08	05:44:00	1.09047	1.09074	1.09035	1.09071	68	0	11
2024.03.08	05:45:00	1.09071	1.09080	1.09064	1.09066	79	0	11
2024.03.08	05:46:00	1.09066	1.09075	1.09053	1.09054	60	0	10
2024.03.08	05:47:00	1.09054	1.09055	1.09042	1.09045	129	0	8
2024.03.08	05:48:00	1.09045	1.09048	1.09039	1.09046	171	0	10
2024.03.08	05:49:00	1.09046	1.09069	1.09045	1.09063	20	0	9
2024.03.08	05:50:00	1.09063	1.09071	1.09054	1.09056	123	0	10
2024.03.08	05:51:00	1.09056	1.09058	1.09044	1.09051	140	0	11
2024.03.08	05:52:00	1.09051	1.09058	1.09022	1.09037	90	0	9
2024.03.08	05:53:00	1.09037	1.09042	1.09033	1.09038	80	0	11
2024.03.08	05:54:00	1.09038	1.09062	1.09036	1.09055	32	0	11
2024.03.08	05:55:00	1.09055	1.09056	1.09030	1.09034	29	0	10
2024.03.08	05:56:00	1.09034	1.09040	1.09024	1.09028	119	0	8
2024.03.08	05:57:00	1.09028	1.09043	1.09017	1.09026	67	0	11
2024.03.08	05:58:00	1.09026	1.09033	1.09018	1.09031	11	0	10
2024.03.08	05:59:00	1.09031	1.09035	1.09027	1.09035	84	0	10
2024.03.08	06:00:00	1.09035	1.09056	1.09024	1.09048	81	0	10
2024.03.08	06:01:00	1.09048	1.09054	1.09035	1.09045	27	0	12
2024.03.08	06:02:00	1.09045	1.09051	1.09031	1.09034	134	0	10
2024.03.08	06:03:00	1.09034	1.09038	1.09011	1.09020	47	0	10
2024.03.08	06:04:00	1.09020	1.09038	1.09013	1.09013	67	0	8
2024.03.08	06:05:00	1.09013	1.09016	1.09006	1.09010	98	0	10
2024.03.08	06:06:00	1.09010	1.09044	1.09004	1.09039	137	0	12
2024.03.08	06:07:00	1.09039	1.09063	1.09033	1.09061	123	0	12
2024.03.08	06:08:00	1.09061	1.09070	1.09049	1.09052	85	0	8
2024.03.08	06:09:00	1.09052	1.09052	1.09046	1.09047	111	0	10
2024.03.08	06:10:00	1.09047	1.09048	1.09015	1.09033	104	0	10
2024.03.08	06:11:00	1.09033	1.09037	1.09027	1.09028	143	0	12
2024.03.08	06:12:00	1.09028	1.09031	1.09006	1.09008	129	0	10
2024.03.08	06:13:00	1.09008	1.09018	1.09003	1.09012	173	0	12
2024.03.08	06:14:00	1.09012	1.09015	1.08987	1.08992	123	0	8
2024.03.08	06:15:00	1.08992	1.08996	1.08974	1.08978	89	0	8
2024.03.08	06:16:00	1.08978	1.08979	1.08976	1.08977	171	0	11
2024.03.08	06:17:00	1.08977	1.08988	1.08976	1.08988	22	0	11
2024.03.08	06:18:00	1.08988	1.08998	1.08987	1.08996	163	0	8
2024.03.08	06:19:00	1.08996	1.09006	1.08987	1.09003	22	0	9
2024.03.08	06:20:00	1.09003	1.09004	1.08993	1.09003	94	0	10
2024.03.08	06:21:00	1.09003	1.09005	1.08974	1.08982	118	0	10
2024.03.08	06:22:00	1.08982	1.08983	1.08969	1.08972	73	0	11
2024.03.08	06:23:00	1.08972	1.08976	1.08965	1.08971	165	0	9
2024.03.08	06:24:00	1.08971	1.08973	1.08958	1.08962	98	0	9
2024.03.08	06:25:00	1.08962	1.08968	1.08950	1.08952	97	0	12
2024.03.08	06:26:00	1.08952	1.08952	1.08943	1.08952	30	0	12
2024.03.08	06:27:00	1.08952	1.08968	1.08946	1.08957	105	0	9
2024.03.08	06:28:00	1.08957	1.08967	1.08954	1.08965	105	0	10
2024.03.08	06:29:00	1.08965	1.08967	1.08954	1.08955	75	0	10
2024.03.08	06:30:00	1.08955	1.08963	1.08952	1.08956	75	0	10
2024.03.08	06:31:00	1.08956	1.08957	1.08942	1.08943	118	0	10
2024.03.08	06:32:00	1.08943	1.08952	1.08943	1.08948	24	0	10
2024.03.08	06:33:00	1.08948	1.08970	1.08943	1.08955	98	0	10
2024.03.08	06:34:00	1.08955	1.08961	1.08947	1.08960	101	0	8
2024.03.08	06:35:00	1.08960	1.08982	1.08960	1.08978	120	0	9
2024.03.08	06:36:00	1.08978	1.08984	1.08968	1.08971	169	0	9
2024.03.08	06:37:00	1.08971	1.09015	1.08966	1.09005	135	0	11
2024.03.08	06:38:00	1.09005	1.09010	1.08995	1.09005	93	0	10
2024.03.08	06:39:00	1.09005	1.09012	1.09004	1.09007	26	0	9
2024.03.08	06:40:00	1.09007	1.09021	1.09004	1.09021	153	0	9
2024.03.08	06:41:00	1.09021	1.09029	1.09014	1.09020	42	0	8
2024.03.08	06:42:00	1.09020	1.09034	1.09013	1.09022	167	0	11
2024.03.08	06:43:00	1.09022	1.09055	1.09022	1.09048	156	0	8
2024.03.08	06:44:00	1.09048	1.09049	1.09029	1.09045	101	0	9
2024.03.08	06:45:00	1.09045	1.09072	1.09044	1.09065	123	0	11
2024.03.08	06:46:00	1.09065	1.09085	1.09051	1.09083	34	0	10
2024.03.08	06:47:00	1.09083	1.09094	1.09078	1.09094	157	0	11
2024.03.08	06:48:00	1.09094	1.09103	1.09052	1.09063	21	0	12
2024.03.08	06:49:00	1.09063	1.09067	1.09060	1.09067	145	0	10
2024.03.08	06:50:00	1.09067	1.09067	1.09058	1.09060	170	0	11
2024.03.08	06:51:00	1.09060	1.09067	1.09059	1.09066	168	0	11
2024.03.08	06:52:00	1.09066	1.09077	1.09060	1.09075	47	0	9
2024.03.08	06:53:00	1.09075	1.09079	1.09066	1.09072	128	0	10
2024.03.08	06:54:00	1.09072	1.09087	1.09069	1.09085	63	0	8
2024.03.08	06:55:00	1.09085	1.09102	1.09084	1.09093	138	0	10
2024.03.08	06:56:00	1.09093	1.09119	1.09088	1.09111	140	0	9
2024.03.08	06:57:00	1.09111	1.09127	1.09110	1.09123	68	0	10
2024.03.08	06:58:00	1.09123	1.09152	1.09122	1.09147	177	0	11
2024.03.08	06:59:00	1.09147	1.09159	1.09136	1.09145	96	0	11
2024.03.08	07:00:00	1.09145	1.09162	1.09137	1.09158	77	0	8
2024.03.08	07:01:00	1.09158	1.09167	1.09157	1.09158	124	0	8
2024.03.08	07:02:00	1.09158	1.09171	1.09154	1.09169	47	0	11
2024.03.08	07:03:00	1.09169	1.09181	1.09164	1.09165	95	0	10
2024.03.08	07:04:00	1.09165	1.09166	1.09152	1.09157	119	0	11
2024.03.08	07:05:00	1.09157	1.09157	1.09135	1.09143	57	0	8
2024.03.08	07:06:00	1.09143	1.09147	1.09143	1.09144	164	0	10
2024.03.08	07:07:00	1.09144	1.09148	1.09126	1.09130	157	0	11
2024.03.08	07:08:00	1.09130	1.09137	1.09128	1.09129	21	0	12
2024.03.08	07:09:00	1.09129	1.09132	1.09109	1.09115	59	0	10
2024.03.08	07:10:00	1.09115	1.09123	1.09110	1.09121	160	0	8
2024.03.08	07:11:00	1.09121	1.09135	1.09113	1.09133	111	0	12
2024.03.08	07:12:00	1.09133	1.09157	1.09130	1.09147	89	0	10
2024.03.08	07:13:00	1.09147	1.09161	1.09141	1.09149	11	0	9
2024.03.08	07:14:00	1.09149	1.09150	1.09133	1.09138	90	0	10
2024.03.08	07:15:00	1.09138	1.09157	1.09122	1.09154	65	0	12
2024.03.08	07:16:00	1.09154	1.09158	1.09148	1.09154	37	0	10
2024.03.08	07:17:00	1.09154	1.09155	1.09145	1.09150	113	0	10
2024.03.08	07:18:00	1.09150	1.09157	1.09141	1.09142	153	0	9
2024.03.08	07:19:00	1.09142	1.09157	1.09139	1.09154	161	0	10
2024.03.08	07:20:00	1.09154	1.09176	1.09153	1.09166	105	0	9
2024.03.08	07:21:00	1.09166	1.09180	1.09162	1.09178	142	0	10
2024.03.08	07:22:00	1.09178	1.09180	1.09160	1.09164	122	0	8
2024.03.08	07:23:00	1.09164	1.09165	1.09135	1.09141	102	0	11
2024.03.08	07:24:00	1.09141	1.09151	1.09139	1.09146	94	0	12
2024.03.08	07:25:00	1.09146	1.09151	1.09134	1.09138	105	0	10
2024.03.08	07:26:00	1.09138	1.09143	1.09122	1.09126	131	0	8
2024.03.08	07:27:00	1.09126	1.09136	1.09126	1.09130	177	0	10
2024.03.08	07:28:00	1.09130	1.09131	1.09127	1.09128	102	0	8
2024.03.08	07:29:00	1.09128	1.09139	1.09128	1.09137	134	0	11
2024.03.08	07:30:00	1.09137	1.09138	1.09111	1.09114	28	0	11
2024.03.08	07:31:00	1.09114	1.09134	1.09110	1.09134	105	0	9
2024.03.08	07:32:00	1.09134	1.09135	1.09129	1.09131	16	0	10
2024.03.08	07:33:00	1.09131	1.09137	1.09126	1.09134	118	0	11
2024.03.08	07:34:00	1.09134	1.09136	1.09118	1.09120	83	0	9
2024.03.08	07:35:00	1.09120	1.09122	1.09108	1.09109	126	0	10
2024.03.08	07:36:00	1.09109	1.09114	1.09107	1.09107	48	0	12
2024.03.08	07:37:00	1.09107	1.09115	1.09098	1.09113	89	0	11
2024.03.08	07:38:00	1.09113	1.09123	1.09084	1.09095	153	0	8
2024.03.08	07:39:00	1.09095	1.09104	1.09071	1.09079	9	0	10
2024.03.08	07:40:00	1.09079	1.09089	1.09066	1.09072	42	0	9
2024.03.08	07:41:00	1.09072	1.09076	1.09064	1.09068	156	0	11
2024.03.08	07:42:00	1.09068	1.09073	1.09068	1.09068	121	0	10
2024.03.08	07:43:00	1.09068	1.09073	1.09054	1.09061	135	0	8
2024.03.08	07:44:00	1.09061	1.09082	1.09051	1.09069	126	0	8
2024.03.08	07:45:00	1.09069	1.09073	1.09061	1.09062	100	0	8
2024.03.08	07:46:00	1.09062	1.09063	1.09040	1.09043	23	0	11
2024.03.08	07:47:00	1.09043	1.09062	1.09039	1.09057	80	0	10
2024.03.08	07:48:00	1.09057	1.09075	1.09054	1.09073	78	0	9
2024.03.08	07:49:00	1.09073	1.09097	1.09072	1.09094	52	0	9
2024.03.08	07:50:00	1.09094	1.09119	1.09089	1.09118	159	0	12
2024.03.08	07:51:00	1.09118	1.09118	1.09095	1.09102	113	0	12
2024.03.08	07:52:00	1.09102	1.09110	1.09077	1.09083	95	0	10
2024.03.08	07:53:00	1.09083	1.09089	1.09082	1.09083	109	0	10
2024.03.08	07:54:00	1.09083	1.09084	1.09075	1.09082	166	0	8
2024.03.08	07:55:00	1.09082	1.09092	1.09074	1.09091	180	0	9
2024.03.08	07:56:00	1.09091	1.09107	1.09088	1.09101	68	0	9
2024.03.08	07:57:00	1.09101	1.09101	1.09088	1.09090	64	0	10
2024.03.08	07:58:00	1.09090	1.09111	1.09079	1.09109	131	0	10
2024.03.08	07:59:00	1.09109	1.09117	1.09084	1.09087	95	0	9
2024.03.08	08:00:00	1.09087	1.09097	1.09075	1.09085	40	0	10
2024.03.08	08:01:00	1.09085	1.09093	1.09078	1.09082	76	0	11
2024.03.08	08:02:00	1.09082	1.09087	1.09078	1.09083	24	0	9
2024.03.08	08:03:00	1.09083	1.09086	1.09074	1.09079	63	0	10
2024.03.08	08:04:00	1.09079	1.09091	1.09075	1.09080	34	0	9
2024.03.08	08:05:00	1.09080	1.09086	1.09068	1.09081	88	0	10
2024.03.08	08:06:00	1.09081	1.09101	1.09079	1.09097	42	0	10
2024.03.08	08:07:00	1.09097	1.09101	1.09073	1.09085	52	0	11
2024.03.08	08:08:00	1.09085	1.09087	1.09071	1.09076	24	0	10
2024.03.08	08:09:00	1.09076	1.09087	1.09071	1.09086	101	0	11
2024.03.08	08:10:00	1.09086	1.09106	1.09086	1.09101	37	0	11
2024.03.08	08:11:00	1.09101	1.09102	1.09094	1.09095	136	0	8
2024.03.08	08:12:00	1.09095	1.09099	1.09073	1.09075	105	0	12
2024.03.08	08:13:00	1.09075	1.09085	1.09073	1.09081	177	0	8
2024.03.08	08:14:00	1.09081	1.09087	1.09073	1.09082	179	0	9
2024.03.08	08:15:00	1.09082	1.09093	1.09080	1.09088	109	0	9
2024.03.08	08:16:00	1.09088	1.09093	1.09075	1.09084	156	0	12
2024.03.08	08:17:00	1.09084	1.09086	1.09058	1.09065	180	0	9
2024.03.08	08:18:00	1.09065	1.09080	1.09063	1.09075	49	0	10
2024.03.08	08:19:00	1.09075	1.09095	1.09071	1.09088	60	0	10
2024.03.08	08:20:00	1.09088	1.09090	1.09072	1.09082	136	0	11
2024.03.08	08:21:00	1.09082	1.09084	1.09073	1.09083	100	0	11
2024.03.08	08:22:00	1.09083	1.09090	1.09075	1.09086	86	0	9
2024.03.08	08:23:00	1.09086	1.09090	1.09073	1.09074	123	0	10
2024.03.08	08:24:00	1.09074	1.09092	1.09070	1.09089	50	0	12
2024.03.08	08:25:00	1.09089	1.09093	1.09083	1.09091	129	0	11
2024.03.08	08:26:00	1.09091	1.09104	1.09089	1.09096	70	0	11
2024.03.08	08:27:00	1.09096	1.09097	1.09089	1.09093	166	0	12
2024.03.08	08:28:00	1.09093	1.09106	1.09084	1.09095	148	0	12
2024.03.08	08:29:00	1.09095	1.09114	1.09090	1.09114	112	0	8
2024.03.08	08:30:00	1.09114	1.09146	1.09112	1.09129	25	0	10
2024.03.08	08:31:00	1.09129	1.09140	1.09123	1.09140	97	0	10
2024.03.08	08:32:00	1.09140	1.09149	1.09111	1.09114	52	0	12
2024.03.08	08:33:00	1.09114	1.09123	1.09111	1.09122	75	0	10
2024.03.08	08:34:00	1.09122	1.09136	1.09118	1.09129	54	0	10
2024.03.08	08:35:00	1.09129	1.09141	1.09124	1.09135	98	0	8
2024.03.08	08:36:00	1.09135	1.09138	1.09128	1.09137	43	0	10
2024.03.08	08:37:00	1.09137	1.09148	1.09137	1.09145	66	0	12
2024.03.08	08:38:00	1.09145	1.09157	1.09140	1.09157	92	0	11
2024.03.08	08:39:00	1.09157	1.09159	1.09150	1.09150	144	0	8
2024.03.08	08:40:00	1.09150	1.09157	1.09136	1.09143	121	0	8
2024.03.08	08:41:00	1.09143	1.09163	1.09142	1.09158	110	0	9
2024.03.08	08:42:00	1.09158	1.09163	1.09152	1.09159	89	0	9
2024.03.08	08:43:00	1.09159	1.09166	1.09158	1.09161	176	0	9
2024.03.08	08:44:00	1.09161	1.09184	1.09158	1.09181	157	0	12
2024.03.08	08:45:00	1.09181	1.09191	1.09177	1.09189	157	0	9
2024.03.08	08:46:00	1.09189	1.09195	1.09184	1.09194	123	0	8
2024.03.08	08:47:00	1.09194	1.09196	1.09166	1.09183	65	0	8
2024.03.08	08:48:00	1.09183	1.09198	1.09178	1.09187	10	0	10
2024.03.08	08:49:00	1.09187	1.09203	1.09187	1.09201	172	0	10
2024.03.08	08:50:00	1.09201	1.09201	1.09192	1.09193	136	0	11
2024.03.08	08:51:00	1.09193	1.09205	1.09186	1.09200	72	0	9
2024.03.08	08:52:00	1.09200	1.09225	1.09189	1.09222	84	0	11
2024.03.08	08:53:00	1.09222	1.09222	1.09208	1.09210	172	0	8
2024.03.08	08:54:00	1.09210	1.09215	1.09203	1.09207	80	0	8
2024.03.08	08:55:00	1.09207	1.09229	1.09196	1.09229	160	0	9
2024.03.08	08:56:00	1.09229	1.09241	1.09227	1.09240	177	0	10
2024.03.08	08:57:00	1.09240	1.09254	1.09238	1.09253	54	0	8
2024.03.08	08:58:00	1.09253	1.09256	1.09247	1.09247	85	0	12
2024.03.08	08:59:00	1.09247	1.09249	1.09231	1.09236	9	0	12
2024.03.08	09:00:00	1.09236	1.09249	1.09235	1.09245	72	0	12
2024.03.08	09:01:00	1.09245	1.09249	1.09245	1.09249	10	0	8
2024.03.08	09:02:00	1.09249	1.09250	1.09238	1.09242	169	0	10
2024.03.08	09:03:00	1.09242	1.09260	1.09239	1.09258	55	0	12
2024.03.08	09:04:00	1.09258	1.09262	1.09241	1.09244	102	0	12
2024.03.08	09:05:00	1.09244	1.09259	1.09240	1.09253	139	0	10
2024.03.08	09:06:00	1.09253	1.09265	1.09249	1.09261	106	0	10
2024.03.08	09:07:00	1.09261	1.09278	1.09260	1.09269	128	0	12
2024.03.08	09:08:00	1.09269	1.09276	1.09258	1.09263	68	0	8
2024.03.08	09:09:00	1.09263	1.09283	1.09261	1.09267	174	0	12
2024.03.08	09:10:00	1.09267	1.09277	1.09264	1.09266	139	0	8
2024.03.08	09:11:00	1.09266	1.09270	1.09265	1.09270	148	0	9
2024.03.08	09:12:00	1.09270	1.09276	1.09267	1.09272	86	0	10
2024.03.08	09:13:00	1.09272	1.09279	1.09268	1.09270	104	0	10
2024.03.08	09:14:00	1.09270	1.09281	1.09269	1.09272	26	0	10
2024.03.08	09:15:00	1.09272	1.09274	1.09256	1.09261	38	0	8
2024.03.08	09:16:00	1.09261	1.09261	1.09239	1.09246	177	0	10
2024.03.08	09:17:00	1.09246	1.09253	1.09235	1.09249	141	0	10
2024.03.08	09:18:00	1.09249	1.09249	1.09233	1.09236	51	0	10
2024.03.08	09:19:00	1.09236	1.09239	1.09220	1.09227	144	0	11
2024.03.08	09:20:00	1.09227	1.09251	1.09222	1.09249	27	0	11
2024.03.08	09:21:00	1.09249	1.09257	1.09222	1.09226	31	0	9
2024.03.08	09:22:00	1.09226	1.09233	1.09212	1.09218	83	0	10
2024.03.08	09:23:00	1.09218	1.09220	1.09212	1.09215	22	0	9
2024.03.08	09:24:00	1.09215	1.09224	1.09205	1.09218	35	0	9
2024.03.08	09:25:00	1.09218	1.09228	1.09216	1.09221	178	0	9
2024.03.08	09:26:00	1.09221	1.09230	1.09200	1.09210	160	0	9
2024.03.08	09:27:00	1.09210	1.09220	1.09197	1.09213	36	0	8
2024.03.08	09:28:00	1.09213	1.09222	1.09212	1.09216	157	0	11
2024.03.08	09:29:00	1.09216	1.09216	1.09208	1.09210	10	0	12
2024.03.08	09:30:00	1.09210	1.09235	1.09209	1.09232	22	0	12
2024.03.08	09:31:00	1.09232	1.09236	1.09212	1.09219	156	0	8
2024.03.08	09:32:00	1.09219	1.09234	1.09218	1.09230	22	0	9
2024.03.08	09:33:00	1.09230	1.09230	1.09210	1.09217	43	0	8
2024.03.08	09:34:00	1.09217	1.09232	1.09203	1.09225	119	0	11
2024.03.08	09:35:00	1.09225	1.09239	1.09224	1.09238	22	0	9
2024.03.08	09:36:00	1.09238	1.09247	1.09238	1.09246	163	0	10
2024.03.08	09:37:00	1.09246	1.09262	1.09244	1.09255	89	0	8
2024.03.08	09:38:00	1.09255	1.09257	1.09241	1.09249	22	0	10
2024.03.08	09:39:00	1.09249	1.09261	1.09239	1.09240	160	0	11
2024.03.08	09:40:00	1.09240	1.09248	1.09236	1.09240	54	0	8
2024.03.08	09:41:00	1.09240	1.09244	1.09236	1.09239	104	0	8
2024.03.08	09:42:00	1.09239	1.09250	1.09238	1.09245	96	0	12
2024.03.08	09:43:00	1.09245	1.09258	1.09232	1.09246	121	0	10
2024.03.08	09:44:00	1.09246	1.09266	1.09243	1.09254	141	0	12
2024.03.08	09:45:00	1.09254	1.09264	1.09253	1.09260	161	0	11
2024.03.08	09:46:00	1.09260	1.09293	1.09256	1.09286	164	0	12
2024.03.08	09:47:00	1.09286	1.09290	1.09285	1.09289	112	0	12
2024.03.08	09:48:00	1.09289	1.09302	1.09282	1.09296	62	0	10
2024.03.08	09:49:00	1.09296	1.09299	1.09282	1.09289	70	0	9
2024.03.08	09:50:00	1.09289	1.09296	1.09283	1.09285	146	0	8
2024.03.08	09:51:00	1.09285	1.09296	1.09282	1.09295	171	0	10
2024.03.08	09:52:00	1.09295	1.09315	1.09293	1.09309	158	0	9
2024.03.08	09:53:00	1.09309	1.09315	1.09298	1.09303	22	0	9
2024.03.08	09:54:00	1.09303	1.09324	1.09298	1.09323	121	0	12
2024.03.08	09:55:00	1.09323	1.09331	1.09306	1.09317	144	0	11
2024.03.08	09:56:00	1.09317	1.09324	1.09311	1.09322	78	0	10
2024.03.08	09:57:00	1.09322	1.09352	1.09312	1.09343	107	0	8
2024.03.08	09:58:00	1.09343	1.09348	1.09339	1.09344	143	0	12
2024.03.08	09:59:00	1.09344	1.09345	1.09328	1.09330	108	0	12
2024.03.08	10:00:00	1.09330	1.09342	1.09328	1.09339	110	0	10
2024.03.08	10:01:00	1.09339	1.09340	1.09336	1.09338	128	0	12
2024.03.08	10:02:00	1.09338	1.09346	1.09322	1.09324	73	0	10
2024.03.08	10:03:00	1.09324	1.09324	1.09309	1.09323	96	0	8
2024.03.08	10:04:00	1.09323	1.09341	1.09319	1.09330	24	0	11
2024.03.08	10:05:00	1.09330	1.09341	1.09318	1.09325	73	0	9
2024.03.08	10:06:00	1.09325	1.09332	1.09310	1.09315	36	0	8
2024.03.08	10:07:00	1.09315	1.09333	1.09306	1.09330	132	0	11
2024.03.08	10:08:00	1.09330	1.09335	1.09324	1.09334	124	0	10
2024.03.08	10:09:00	1.09334	1.09338	1.09325	1.09327	51	0	10
2024.03.08	10:10:00	1.09327	1.09332	1.09305	1.09308	28	0	10
2024.03.08	10:11:00	1.09308	1.09320	1.09302	1.09318	20	0	10
2024.03.08	10:12:00	1.09318	1.09320	1.09306	1.09308	178	0	10
2024.03.08	10:13:00	1.09308	1.09312	1.09304	1.09305	126	0	10
2024.03.08	10:14:00	1.09305	1.09306	1.09291	1.09297	110	0	9
2024.03.08	10:15:00	1.09297	1.09301	1.09292	1.09299	10	0	10
2024.03.08	10:16:00	1.09299	1.09303	1.09291	1.09291	151	0	11
2024.03.08	10:17:00	1.09291	1.09319	1.09289	1.09316	35	0	11
2024.03.08	10:18:00	1.09316	1.09318	1.09304	1.09304	158	0	12
2024.03.08	10:19:00	1.09304	1.09322	1.09300	1.09317	140	0	10
2024.03.08	10:20:00	1.09317	1.09320	1.09306	1.09307	65	0	8
2024.03.08	10:21:00	1.09307	1.09315	1.09305	1.09313	21	0	8
2024.03.08	10:22:00	1.09313	1.09326	1.09303	1.09321	139	0	12
2024.03.08	10:23:00	1.09321	1.09324	1.09306	1.09307	97	0	10
2024.03.08	10:24:00	1.09307	1.09320	1.09301	1.09309	41	0	8
2024.03.08	10:25:00	1.09309	1.09310	1.09297	1.09309	91	0	11
2024.03.08	10:26:00	1.09309	1.09311	1.09295	1.09302	83	0	11
2024.03.08	10:27:00	1.09302	1.09308	1.09300	1.09300	173	0	10
2024.03.08	10:28:00	1.09300	1.09305	1.09289	1.09290	28	0	10
2024.03.08	10:29:00	1.09290	1.09303	1.09288	1.09302	126	0	10
2024.03.08	10:30:00	1.09302	1.09310	1.09299	1.09307	111	0	9
2024.03.08	10:31:00	1.09307	1.09316	1.09306	1.09311	126	0	8
2024.03.08	10:32:00	1.09311	1.09317	1.09309	1.09315	70	0	10
2024.03.08	10:33:00	1.09315	1.09331	1.09311	1.09327	132	0	9
2024.03.08	10:34:00	1.09327	1.09335	1.09313	1.09316	54	0	10
2024.03.08	10:35:00	1.09316	1.09320	1.09310	1.09315	35	0	9
2024.03.08	10:36:00	1.09315	1.09327	1.09305	1.09307	77	0	10
2024.03.08	10:37:00	1.09307	1.09311	1.09289	1.09298	79	0	9
2024.03.08	10:38:00	1.09298	1.09310	1.09294	1.09309	8	0	8
2024.03.08	10:39:00	1.09309	1.09316	1.09293	1.09298	111	0	10
2024.03.08	10:40:00	1.09298	1.09301	1.09285	1.09297	137	0	10
2024.03.08	10:41:00	1.09297	1.09300	1.09294	1.09300	140	0	12
2024.03.08	10:42:00	1.09300	1.09300	1.09297	1.09300	110	0	8
2024.03.08	10:43:00	1.09300	1.09305	1.09288	1.09304	150	0	10
2024.03.08	10:44:00	1.09304	1.09312	1.09295	1.09307	86	0	12
2024.03.08	10:45:00	1.09307	1.09307	1.09304	1.09304	57	0	8
2024.03.08	10:46:00	1.09304	1.09309	1.09283	1.09291	99	0	10
2024.03.08	10:47:00	1.09291	1.09294	1.09287	1.09294	75	0	9
2024.03.08	10:48:00	1.09294	1.09315	1.09291	1.09310	143	0	8
2024.03.08	10:49:00	1.09310	1.09317	1.09310	1.09313	89	0	12
2024.03.08	10:50:00	1.09313	1.09322	1.09308	1.09315	29	0	10
2024.03.08	10:51:00	1.09315	1.09316	1.09312	1.09314	120	0	8
2024.03.08	10:52:00	1.09314	1.09320	1.09277	1.09286	123	0	10
2024.03.08	10:53:00	1.09286	1.09301	1.09273	1.09297	119	0	8
2024.03.08	10:54:00	1.09297	1.09300	1.09294	1.09296	142	0	9
2024.03.08	10:55:00	1.09296	1.09302	1.09277	1.09301	10	0	11
2024.03.08	10:56:00	1.09301	1.09310	1.09300	1.09309	39	0	10
2024.03.08	10:57:00	1.09309	1.09311	1.09305	1.09308	103	0	8
2024.03.08	10:58:00	1.09308	1.09322	1.09302	1.09307	133	0	9
2024.03.08	10:59:00	1.09307	1.09323	1.09301	1.09311	126	0	11
2024.03.08	11:00:00	1.09311	1.09319	1.09295	1.09296	176	0	12
2024.03.08	11:01:00	1.09296	1.09299	1.09273	1.09274	72	0	10
2024.03.08	11:02:00	1.09274	1.09283	1.09270	1.09282	153	0	10
2024.03.08	11:03:00	1.09282	1.09288	1.09280	1.09283	158	0	11
2024.03.08	11:04:00	1.09283	1.09303	1.09282	1.09303	43	0	11
2024.03.08	11:05:00	1.09303	1.09306	1.09282	1.09282	154	0	10
2024.03.08	11:06:00	1.09282	1.09300	1.09281	1.09296	149	0	12
2024.03.08	11:07:00	1.09296	1.09299	1.09293	1.09299	31	0	10
2024.03.08	11:08:00	1.09299	1.09316	1.09295	1.09306	132	0	12
2024.03.08	11:09:00	1.09306	1.09326	1.09297	1.09321	121	0	8
2024.03.08	11:10:00	1.09321	1.09343	1.09310	1.09340	119	0	11
2024.03.08	11:11:00	1.09340	1.09352	1.09337	1.09343	25	0	10
2024.03.08	11:12:00	1.09343	1.09358	1.09335	1.09351	33	0	10
2024.03.08	11:13:00	1.09351	1.09362	1.09350	1.09361	47	0	9
2024.03.08	11:14:00	1.09361	1.09363	1.09342	1.09356	112	0	8
2024.03.08	11:15:00	1.09356	1.09369	1.09348	1.09369	153	0	10
2024.03.08	11:16:00	1.09369	1.09390	1.09365	1.09390	113	0	8
2024.03.08	11:17:00	1.09390	1.09406	1.09386	1.09400	127	0	10
2024.03.08	11:18:00	1.09400	1.09403	1.09393	1.09401	38	0	10
2024.03.08	11:19:00	1.09401	1.09406	1.09400	1.09401	144	0	11
2024.03.08	11:20:00	1.09401	1.09408	1.09398	1.09404	156	0	10
2024.03.08	11:21:00	1.09404	1.09422	1.09395	1.09417	98	0	9
2024.03.08	11:22:00	1.09417	1.09418	1.09396	1.09406	62	0	10
2024.03.08	11:23:00	1.09406	1.09409	1.09400	1.09406	65	0	10
2024.03.08	11:24:00	1.09406	1.09419	1.09385	1.09396	136	0	10
2024.03.08	11:25:00	1.09396	1.09413	1.09394	1.09406	111	0	11
2024.03.08	11:26:00	1.09406	1.09426	1.09398	1.09422	141	0	10
2024.03.08	11:27:00	1.09422	1.09425	1.09411	1.09411	83	0	10
2024.03.08	11:28:00	1.09411	1.09425	1.09411	1.09420	70	0	10
2024.03.08	11:29:00	1.09420	1.09429	1.09409	1.09418	139	0	10
2024.03.08	11:30:00	1.09418	1.09425	1.09411	1.09418	152	0	10
2024.03.08	11:31:00	1.09418	1.09418	1.09390	1.09393	137	0	12
2024.03.08	11:32:00	1.09393	1.09403	1.09390	1.09400	29	0	10
2024.03.08	11:33:00	1.09400	1.09404	1.09390	1.09399	66	0	10
2024.03.08	11:34:00	1.09399	1.09400	1.09389	1.09398	78	0	8
2024.03.08	11:35:00	1.09398	1.09401	1.09374	1.09387	140	0	12
2024.03.08	11:36:00	1.09387	1.09407	1.09385	1.09405	92	0	8
2024.03.08	11:37:00	1.09405	1.09406	1.09389	1.09395	89	0	10
2024.03.08	11:38:00	1.09395	1.09398	1.09385	1.09391	174	0	10
2024.03.08	11:39:00	1.09391	1.09396	1.09390	1.09392	47	0	9
2024.03.08	11:40:00	1.09392	1.09400	1.09390	1.09398	29	0	11
2024.03.08	11:41:00	1.09398	1.09404	1.09389	1.09390	164	0	12
2024.03.08	11:42:00	1.09390	1.09405	1.09390	1.09400	55	0	12
2024.03.08	11:43:00	1.09400	1.09400	1.09371	1.09378	98	0	8
2024.03.08	11:44:00	1.09378	1.09411	1.09373	1.09402	116	0	10
2024.03.08	11:45:00	1.09402	1.09415	1.09397	1.09411	50	0	10
2024.03.08	11:46:00	1.09411	1.09419	1.09411	1.09418	119	0	11
2024.03.08	11:47:00	1.09418	1.09419	1.09406	1.09410	155	0	8
2024.03.08	11:48:00	1.09410	1.09414	1.09399	1.09412	133	0	9
2024.03.08	11:49:00	1.09412	1.09417	1.09405	1.09416	152	0	12
2024.03.08	11:50:00	1.09416	1.09430	1.09415	1.09417	22	0	12
2024.03.08	11:51:00	1.09417	1.09420	1.09395	1.09401	110	0	8
2024.03.08	11:52:00	1.09401	1.09401	1.09372	1.09389	63	0	10
2024.03.08	11:53:00	1.09389	1.09396	1.09383	1.09386	147	0	10
2024.03.08	11:54:00	1.09386	1.09387	1.09361	1.09364	138	0	10
2024.03.08	11:55:00	1.09364	1.09365	1.09358	1.09358	144	0	8
2024.03.08	11:56:00	1.09358	1.09360	1.09343	1.09356	141	0	10
2024.03.08	11:57:00	1.09356	1.09357	1.09351	1.09351	179	0	10
2024.03.08	11:58:00	1.09351	1.09366	1.09342	1.09364	94	0	12
2024.03.08	11:59:00	1.09364	1.09389	1.09354	1.09376	170	0	11
2024.03.08	12:00:00	1.09376	1.09383	1.09357	1.09366	126	0	12
2024.03.08	12:01:00	1.09366	1.09393	1.09361	1.09390	29	0	10
2024.03.08	12:02:00	1.09390	1.09417	1.09386	1.09410	139	0	11
2024.03.08	12:03:00	1.09410	1.09427	1.09405	1.09421	55	0	11
2024.03.08	12:04:00	1.09421	1.09422	1.09398	1.09403	73	0	9
2024.03.08	12:05:00	1.09403	1.09410	1.09394	1.09406	76	0	12
2024.03.08	12:06:00	1.09406	1.09408	1.09394	1.09403	133	0	10
2024.03.08	12:07:00	1.09403	1.09412	1.09399	1.09409	156	0	9
2024.03.08	12:08:00	1.09409	1.09419	1.09402	1.09417	27	0	8
2024.03.08	12:09:00	1.09417	1.09427	1.09415	1.09427	28	0	12
2024.03.08	12:10:00	1.09427	1.09465	1.09420	1.09452	145	0	12
2024.03.08	12:11:00	1.09452	1.09468	1.09446	1.09466	137	0	9
2024.03.08	12:12:00	1.09466	1.09471	1.09464	1.09468	164	0	10
2024.03.08	12:13:00	1.09468	1.09469	1.09448	1.09452	79	0	10
2024.03.08	12:14:00	1.09452	1.09458	1.09433	1.09434	111	0	10
2024.03.08	12:15:00	1.09434	1.09437	1.09417	1.09426	38	0	12
2024.03.08	12:16:00	1.09426	1.09429	1.09405	1.09419	68	0	12
2024.03.08	12:17:00	1.09419	1.09432	1.09412	1.09416	55	0	10
2024.03.08	12:18:00	1.09416	1.09423	1.09411	1.09420	65	0	10
2024.03.08	12:19:00	1.09420	1.09421	1.09383	1.09384	48	0	8
2024.03.08	12:20:00	1.09384	1.09387	1.09374	1.09377	145	0	10
2024.03.08	12:21:00	1.09377	1.09389	1.09372	1.09381	140	0	11
2024.03.08	12:22:00	1.09381	1.09384	1.09360	1.09365	93	0	12
2024.03.08	12:23:00	1.09365	1.09371	1.09361	1.09361	162	0	8
2024.03.08	12:24:00	1.09361	1.09373	1.09360	1.09371	150	0	8
2024.03.08	12:25:00	1.09371	1.09387	1.09363	1.09384	120	0	9
2024.03.08	12:26:00	1.09384	1.09388	1.09379	1.09379	52	0	8
2024.03.08	12:27:00	1.09379	1.09384	1.09376	1.09381	80	0	9
2024.03.08	12:28:00	1.09381	1.09403	1.09372	1.09398	46	0	8
2024.03.08	12:29:00	1.09398	1.09403	1.09394	1.09400	125	0	10
2024.03.08	12:30:00	1.09400	1.09404	1.09383	1.09387	155	0	9
2024.03.08	12:31:00	1.09387	1.09407	1.09385	1.09406	166	0	10
2024.03.08	12:32:00	1.09406	1.09427	1.09394	1.09417	23	0	8
2024.03.08	12:33:00	1.09417	1.09435	1.09415	1.09424	23	0	12
2024.03.08	12:34:00	1.09424	1.09432	1.09411	1.09414	81	0	8
2024.03.08	12:35:00	1.09414	1.09442	1.09413	1.09434	80	0	8
2024.03.08	12:36:00	1.09434	1.09437	1.09433	1.09433	120	0	11
2024.03.08	12:37:00	1.09433	1.09459	1.09426	1.09451	165	0	10
2024.03.08	12:38:00	1.09451	1.09454	1.09443	1.09443	12	0	12
2024.03.08	12:39:00	1.09443	1.09467	1.09439	1.09453	57	0	11
2024.03.08	12:40:00	1.09453	1.09459	1.09434	1.09440	40	0	10
2024.03.08	12:41:00	1.09440	1.09451	1.09433	1.09448	145	0	12
2024.03.08	12:42:00	1.09448	1.09455	1.09443	1.09446	123	0	12
2024.03.08	12:43:00	1.09446	1.09453	1.09421	1.09422	135	0	11
2024.03.08	12:44:00	1.09422	1.09435	1.09407	1.09428	97	0	12
2024.03.08	12:45:00	1.09428	1.09455	1.09427	1.09439	60	0	11
2024.03.08	12:46:00	1.09439	1.09459	1.09438	1.09456	80	0	8
2024.03.08	12:47:00	1.09456	1.09487	1.09445	1.09486	122	0	10
2024.03.08	12:48:00	1.09486	1.09505	1.09480	1.09504	28	0	8
2024.03.08	12:49:00	1.09504	1.09533	1.09498	1.09531	16	0	11
2024.03.08	12:50:00	1.09531	1.09558	1.09529	1.09557	134	0	9
2024.03.08	12:51:00	1.09557	1.09565	1.09556	1.09557	179	0	12
2024.03.08	12:52:00	1.09557	1.09573	1.09556	1.09572	103	0	9
2024.03.08	12:53:00	1.09572	1.09577	1.09551	1.09556	58	0	10
2024.03.08	12:54:00	1.09556	1.09573	1.09556	1.09568	19	0	12
2024.03.08	12:55:00	1.09568	1.09572	1.09563	1.09572	101	0	8
2024.03.08	12:56:00	1.09572	1.09577	1.09567	1.09575	31	0	10
2024.03.08	12:57:00	1.09575	1.09585	1.09566	1.09584	149	0	9
2024.03.08	12:58:00	1.09584	1.09589	1.09568	1.09575	81	0	8
2024.03.08	12:59:00	1.09575	1.09582	1.09555	1.09558	15	0	10
2024.03.08	13:00:00	1.09558	1.09563	1.09549	1.09554	171	0	10
2024.03.08	13:01:00	1.09554	1.09562	1.09527	1.09538	10	0	12
2024.03.08	13:02:00	1.09538	1.09543	1.09522	1.09525	90	0	10
2024.03.08	13:03:00	1.09525	1.09530	1.09511	1.09516	155	0	10
2024.03.08	13:04:00	1.09516	1.09530	1.09515	1.09523	9	0	10
2024.03.08	13:05:00	1.09523	1.09525	1.09515	1.09517	144	0	11
2024.03.08	13:06:00	1.09517	1.09528	1.09499	1.09504	92	0	12
2024.03.08	13:07:00	1.09504	1.09521	1.09503	1.09520	140	0	9
2024.03.08	13:08:00	1.09520	1.09525	1.09508	1.09510	135	0	11
2024.03.08	13:09:00	1.09510	1.09523	1.09504	1.09514	55	0	11
2024.03.08	13:10:00	1.09514	1.09543	1.09505	1.09539	152	0	11
2024.03.08	13:11:00	1.09539	1.09563	1.09538	1.09559	126	0	10
2024.03.08	13:12:00	1.09559	1.09560	1.09558	1.09558	127	0	10
2024.03.08	13:13:00	1.09558	1.09567	1.09542	1.09542	50	0	10
2024.03.08	13:14:00	1.09542	1.09545	1.09537	1.09544	19	0	9
2024.03.08	13:15:00	1.09544	1.09570	1.09537	1.09567	152	0	11
2024.03.08	13:16:00	1.09567	1.09583	1.09567	1.09576	58	0	10
2024.03.08	13:17:00	1.09576	1.09607	1.09575	1.09595	10	0	9
2024.03.08	13:18:00	1.09595	1.09604	1.09583	1.09602	77	0	8
2024.03.08	13:19:00	1.09602	1.09610	1.09581	1.09600	65	0	10
2024.03.08	13:20:00	1.09600	1.09603	1.09596	1.09597	79	0	10
2024.03.08	13:21:00	1.09597	1.09600	1.09586	1.09589	130	0	11
2024.03.08	13:22:00	1.09589	1.09599	1.09584	1.09595	34	0	11
2024.03.08	13:23:00	1.09595	1.09604	1.09580	1.09588	115	0	10
2024.03.08	13:24:00	1.09588	1.09589	1.09573	1.09578	97	0	12
2024.03.08	13:25:00	1.09578	1.09592	1.09562	1.09570	148	0	10
2024.03.08	13:26:00	1.09570	1.09587	1.09569	1.09582	93	0	12
2024.03.08	13:27:00	1.09582	1.09602	1.09576	1.09596	66	0	9
2024.03.08	13:28:00	1.09596	1.09621	1.09587	1.09614	24	0	11
2024.03.08	13:29:00	1.09614	1.09627	1.09612	1.09615	145	0	9
2024.03.08	13:30:00	1.09615	1.09623	1.09601	1.09604	48	0	10
2024.03.08	13:31:00	1.09604	1.09605	1.09597	1.09600	168	0	12
2024.03.08	13:32:00	1.09600	1.09610	1.09598	1.09607	44	0	8
2024.03.08	13:33:00	1.09607	1.09622	1.09593	1.09599	163	0	10
2024.03.08	13:34:00	1.09599	1.09600	1.09590	1.09598	141	0	12
2024.03.08	13:35:00	1.09598	1.09599	1.09583	1.09587	79	0	10
2024.03.08	13:36:00	1.09587	1.09599	1.09585	1.09596	176	0	9
2024.03.08	13:37:00	1.09596	1.09607	1.09570	1.09571	119	0	12
2024.03.08	13:38:00	1.09571	1.09575	1.09552	1.09561	127	0	10
2024.03.08	13:39:00	1.09561	1.09566	1.09543	1.09543	161	0	8
2024.03.08	13:40:00	1.09543	1.09551	1.09513	1.09522	127	0	9
2024.03.08	13:41:00	1.09522	1.09527	1.09519	1.09526	58	0	8
2024.03.08	13:42:00	1.09526	1.09536	1.09506	1.09517	32	0	9
2024.03.08	13:43:00	1.09517	1.09534	1.09517	1.09532	113	0	10
2024.03.08	13:44:00	1.09532	1.09541	1.09528	1.09539	42	0	9
2024.03.08	13:45:00	1.09539	1.09571	1.09536	1.09563	116	0	9
2024.03.08	13:46:00	1.09563	1.09576	1.09550	1.09560	24	0	10
2024.03.08	13:47:00	1.09560	1.09576	1.09556	1.09569	157	0	10
2024.03.08	13:48:00	1.09569	1.09571	1.09563	1.09565	139	0	9
2024.03.08	13:49:00	1.09565	1.09586	1.09561	1.09582	98	0	11
2024.03.08	13:50:00	1.09582	1.09582	1.09563	1.09566	83	0	12
2024.03.08	13:51:00	1.09566	1.09578	1.09560	1.09578	38	0	11
2024.03.08	13:52:00	1.09578	1.09582	1.09553	1.09556	83	0	12
2024.03.08	13:53:00	1.09556	1.09560	1.09539	1.09545	19	0	8
2024.03.08	13:54:00	1.09545	1.09553	1.09544	1.09545	134	0	9
2024.03.08	13:55:00	1.09545	1.09549	1.09528	1.09538	57	0	12
2024.03.08	13:56:00	1.09538	1.09546	1.09534	1.09543	102	0	8
2024.03.08	13:57:00	1.09543	1.09546	1.09542	1.09545	42	0	10
2024.03.08	13:58:00	1.09545	1.09547	1.09544	1.09547	160	0	12
2024.03.08	13:59:00	1.09547	1.09555	1.09545	1.09550	98	0	10
2024.03.08	14:00:00	1.09550	1.09571	1.09549	1.09569	94	0	8
2024.03.08	14:01:00	1.09569	1.09574	1.09554	1.09567	23	0	9
2024.03.08	14:02:00	1.09567	1.09568	1.09563	1.09564	14	0	8
2024.03.08	14:03:00	1.09564	1.09575	1.09561	1.09575	176	0	10
2024.03.08	14:04:00	1.09575	1.09578	1.09543	1.09551	155	0	12
2024.03.08	14:05:00	1.09551	1.09557	1.09539	1.09545	96	0	12
2024.03.08	14:06:00	1.09545	1.09547	1.09538	1.09545	40	0	8
2024.03.08	14:07:00	1.09545	1.09563	1.09540	1.09541	15	0	10
2024.03.08	14:08:00	1.09541	1.09545	1.09534	1.09538	28	0	9
2024.03.08	14:09:00	1.09538	1.09555	1.09534	1.09552	161	0	10
2024.03.08	14:10:00	1.09552	1.09562	1.09543	1.09555	122	0	12
2024.03.08	14:11:00	1.09555	1.09557	1.09538	1.09540	15	0	10
2024.03.08	14:12:00	1.09540	1.09558	1.09537	1.09557	158	0	11
2024.03.08	14:13:00	1.09557	1.09570	1.09553	1.09564	47	0	10
2024.03.08	14:14:00	1.09564	1.09569	1.09539	1.09547	61	0	8
2024.03.08	14:15:00	1.09547	1.09553	1.09522	1.09528	42	0	11
2024.03.08	14:16:00	1.09528	1.09558	1.09523	1.09549	86	0	10
2024.03.08	14:17:00	1.09549	1.09552	1.09545	1.09550	98	0	9
2024.03.08	14:18:00	1.09550	1.09568	1.09546	1.09562	107	0	12
2024.03.08	14:19:00	1.09562	1.09565	1.09547	1.09548	103	0	9
2024.03.08	14:20:00	1.09548	1.09549	1.09546	1.09549	73	0	12
2024.03.08	14:21:00	1.09549	1.09552	1.09534	1.09536	176	0	11
2024.03.08	14:22:00	1.09536	1.09538	1.09519	1.09523	133	0	12
2024.03.08	14:23:00	1.09523	1.09526	1.09518	1.09521	37	0	10
2024.03.08	14:24:00	1.09521	1.09533	1.09519	1.09531	26	0	8
2024.03.08	14:25:00	1.09531	1.09538	1.09511	1.09525	123	0	11
2024.03.08	14:26:00	1.09525	1.09526	1.09521	1.09524	141	0	8
2024.03.08	14:27:00	1.09524	1.09539	1.09510	1.09539	45	0	10
2024.03.08	14:28:00	1.09539	1.09545	1.09531	1.09543	116	0	10
2024.03.08	14:29:00	1.09543	1.09551	1.09543	1.09546	68	0	9
2024.03.08	14:30:00	1.09546	1.09556	1.09542	1.09553	130	0	9
2024.03.08	14:31:00	1.09553	1.09569	1.09550	1.09567	180	0	10
2024.03.08	14:32:00	1.09567	1.09594	1.09561	1.09591	115	0	10
2024.03.08	14:33:00	1.09591	1.09598	1.09581	1.09594	137	0	12
2024.03.08	14:34:00	1.09594	1.09607	1.09590	1.09601	36	0	12
2024.03.08	14:35:00	1.09601	1.09602	1.09576	1.09577	134	0	8
2024.03.08	14:36:00	1.09577	1.09584	1.09562	1.09568	64	0	11
2024.03.08	14:37:00	1.09568	1.09577	1.09560	1.09561	125	0	10
2024.03.08	14:38:00	1.09561	1.09579	1.09560	1.09578	37	0	9
2024.03.08	14:39:00	1.09578	1.09602	1.09570	1.09599	69	0	12
2024.03.08	14:40:00	1.09599	1.09625	1.09593	1.09619	108	0	12
2024.03.08	14:41:00	1.09619	1.09627	1.09618	1.09624	138	0	12
2024.03.08	14:42:00	1.09624	1.09641	1.09617	1.09638	77	0	8
2024.03.08	14:43:00	1.09638	1.09644	1.09609	1.09610	132	0	9
2024.03.08	14:44:00	1.09610	1.09613	1.09610	1.09610	132	0	11
2024.03.08	14:45:00	1.09610	1.09624	1.09596	1.09607	162	0	10
2024.03.08	14:46:00	1.09607	1.09611	1.09593	1.09598	32	0	12
2024.03.08	14:47:00	1.09598	1.09617	1.09586	1.09616	154	0	10
2024.03.08	14:48:00	1.09616	1.09644	1.09603	1.09640	10	0	10
2024.03.08	14:49:00	1.09640	1.09650	1.09625	1.09629	171	0	10
2024.03.08	14:50:00	1.09629	1.09645	1.09625	1.09641	102	0	11
2024.03.08	14:51:00	1.09641	1.09647	1.09630	1.09634	145	0	10
2024.03.08	14:52:00	1.09634	1.09635	1.09632	1.09632	131	0	12
2024.03.08	14:53:00	1.09632	1.09641	1.09629	1.09637	158	0	12
2024.03.08	14:54:00	1.09637	1.09639	1.09609	1.09621	36	0	10
2024.03.08	14:55:00	1.09621	1.09630	1.09610	1.09615	92	0	9
2024.03.08	14:56:00	1.09615	1.09638	1.09603	1.09638	130	0	10
2024.03.08	14:57:00	1.09638	1.09651	1.09638	1.09642	81	0	9
2024.03.08	14:58:00	1.09642	1.09654	1.09638	1.09649	142	0	9
2024.03.08	14:59:00	1.09649	1.09651	1.09634	1.09636	75	0	11
2024.03.08	15:00:00	1.09636	1.09636	1.09620	1.09636	173	0	12
2024.03.08	15:01:00	1.09636	1.09642	1.09617	1.09627	162	0	8
2024.03.08	15:02:00	1.09627	1.09641	1.09619	1.09638	65	0	8
2024.03.08	15:03:00	1.09638	1.09641	1.09632	1.09632	8	0	10
2024.03.08	15:04:00	1.09632	1.09659	1.09626	1.09651	166	0	9
2024.03.08	15:05:00	1.09651	1.09653	1.09640	1.09653	177	0	10
2024.03.08	15:06:00	1.09653	1.09656	1.09635	1.09636	155	0	10
2024.03.08	15:07:00	1.09636	1.09655	1.09633	1.09646	26	0	11
2024.03.08	15:08:00	1.09646	1.09650	1.09637	1.09641	158	0	9
2024.03.08	15:09:00	1.09641	1.09647	1.09632	1.09647	152	0	9
2024.03.08	15:10:00	1.09647	1.09654	1.09632	1.09636	132	0	12
2024.03.08	15:11:00	1.09636	1.09637	1.09621	1.09627	78	0	8
2024.03.08	15:12:00	1.09627	1.09633	1.09623	1.09629	163	0	10
2024.03.08	15:13:00	1.09629	1.09642	1.09627	1.09642	170	0	10
2024.03.08	15:14:00	1.09642	1.09643	1.09633	1.09640	148	0	8
2024.03.08	15:15:00	1.09640	1.09643	1.09633	1.09641	45	0	11
2024.03.08	15:16:00	1.09641	1.09648	1.09638	1.09641	78	0	10
2024.03.08	15:17:00	1.09641	1.09642	1.09616	1.09629	10	0	8
2024.03.08	15:18:00	1.09629	1.09632	1.09619	1.09622	117	0	10
2024.03.08	15:19:00	1.09622	1.09629	1.09608	1.09614	23	0	11
2024.03.08	15:20:00	1.09614	1.09617	1.09589	1.09597	71	0	9
2024.03.08	15:21:00	1.09597	1.09602	1.09595	1.09595	85	0	11
2024.03.08	15:22:00	1.09595	1.09600	1.09581	1.09590	50	0	12
2024.03.08	15:23:00	1.09590	1.09591	1.09572	1.09573	11	0	12
2024.03.08	15:24:00	1.09573	1.09591	1.09572	1.09585	116	0	12
2024.03.08	15:25:00	1.09585	1.09591	1.09583	1.09589	154	0	10
2024.03.08	15:26:00	1.09589	1.09611	1.09587	1.09602	10	0	10
2024.03.08	15:27:00	1.09602	1.09614	1.09592	1.09611	21	0	9
2024.03.08	15:28:00	1.09611	1.09615	1.09607	1.09609	117	0	10
2024.03.08	15:29:00	1.09609	1.09609	1.09588	1.09595	170	0	8
2024.03.08	15:30:00	1.09595	1.09602	1.09592	1.09597	61	0	10
2024.03.08	15:31:00	1.09597	1.09603	1.09585	1.09599	83	0	10
2024.03.08	15:32:00	1.09599	1.09604	1.09568	1.09572	114	0	9
2024.03.08	15:33:00	1.09572	1.09577	1.09541	1.09558	76	0	12
2024.03.08	15:34:00	1.09558	1.09569	1.09553	1.09563	41	0	8
2024.03.08	15:35:00	1.09563	1.09570	1.09556	1.09562	100	0	8
2024.03.08	15:36:00	1.09562	1.09572	1.09553	1.09554	179	0	11
2024.03.08	15:37:00	1.09554	1.09558	1.09547	1.09549	98	0	10
2024.03.08	15:38:00	1.09549	1.09557	1.09541	1.09547	112	0	12
2024.03.08	15:39:00	1.09547	1.09566	1.09542	1.09556	46	0	10
2024.03.08	15:40:00	1.09556	1.09561	1.09533	1.09543	84	0	9
2024.03.08	15:41:00	1.09543	1.09548	1.09532	1.09535	55	0	9
2024.03.08	15:42:00	1.09535	1.09546	1.09508	1.09517	158	0	10
2024.03.08	15:43:00	1.09517	1.09548	1.09513	1.09541	102	0	9
2024.03.08	15:44:00	1.09541	1.09567	1.09532	1.09559	101	0	8
2024.03.08	15:45:00	1.09559	1.09559	1.09540	1.09546	112	0	10
2024.03.08	15:46:00	1.09546	1.09555	1.09543	1.09544	33	0	10
2024.03.08	15:47:00	1.09544	1.09552	1.09542	1.09550	180	0	8
2024.03.08	15:48:00	1.09550	1.09552	1.09546	1.09547	80	0	8
2024.03.08	15:49:00	1.09547	1.09550	1.09527	1.09534	108	0	11
2024.03.08	15:50:00	1.09534	1.09549	1.09534	1.09539	50	0	10
2024.03.08	15:51:00	1.09539	1.09542	1.09525	1.09529	48	0	10
2024.03.08	15:52:00	1.09529	1.09540	1.09528	1.09539	108	0	12
2024.03.08	15:53:00	1.09539	1.09547	1.09518	1.09524	140	0	9
2024.03.08	15:54:00	1.09524	1.09536	1.09520	1.09535	150	0	10
2024.03.08	15:55:00	1.09535	1.09535	1.09528	1.09528	29	0	9
2024.03.08	15:56:00	1.09528	1.09538	1.09520	1.09538	167	0	12
2024.03.08	15:57:00	1.09538	1.09553	1.09537	1.09546	163	0	10
2024.03.08	15:58:00	1.09546	1.09551	1.09531	1.09534	19	0	10
2024.03.08	15:59:00	1.09534	1.09539	1.09530	1.09531	33	0	9
2024.03.08	16:00:00	1.09531	1.09549	1.09527	1.09548	115	0	9
2024.03.08	16:01:00	1.09548	1.09553	1.09538	1.09544	18	0	10
2024.03.08	16:02:00	1.09544	1.09555	1.09542	1.09547	53	0	12
2024.03.08	16:03:00	1.09547	1.09558	1.09544	1.09548	105	0	10
2024.03.08	16:04:00	1.09548	1.09553	1.09546	1.09551	41	0	12
2024.03.08	16:05:00	1.09551	1.09563	1.09548	1.09561	105	0	9
2024.03.08	16:06:00	1.09561	1.09565	1.09528	1.09541	84	0	10
2024.03.08	16:07:00	1.09541	1.09542	1.09537	1.09540	12	0	12
2024.03.08	16:08:00	1.09540	1.09543	1.09527	1.09533	93	0	10
2024.03.08	16:09:00	1.09533	1.09542	1.09521	1.09526	166	0	9
2024.03.08	16:10:00	1.09526	1.09532	1.09516	1.09519	37	0	12
2024.03.08	16:11:00	1.09519	1.09523	1.09512	1.09521	94	0	12
2024.03.08	16:12:00	1.09521	1.09529	1.09512	1.09525	37	0	10
2024.03.08	16:13:00	1.09525	1.09535	1.09519	1.09529	166	0	8
2024.03.08	16:14:00	1.09529	1.09539	1.09505	1.09510	26	0	12
2024.03.08	16:15:00	1.09510	1.09513	1.09504	1.09508	20	0	12
2024.03.08	16:16:00	1.09508	1.09508	1.09486	1.09494	12	0	9
2024.03.08	16:17:00	1.09494	1.09515	1.09493	1.09507	178	0	10
2024.03.08	16:18:00	1.09507	1.09509	1.09487	1.09500	46	0	9
2024.03.08	16:19:00	1.09500	1.09511	1.09493	1.09503	103	0	10
2024.03.08	16:20:00	1.09503	1.09511	1.09482	1.09488	145	0	8
2024.03.08	16:21:00	1.09488	1.09497	1.09447	1.09463	92	0	10
2024.03.08	16:22:00	1.09463	1.09481	1.09451	1.09477	144	0	11
2024.03.08	16:23:00	1.09477	1.09504	1.09471	1.09490	58	0	9
2024.03.08	16:24:00	1.09490	1.09510	1.09484	1.09501	85	0	12
2024.03.08	16:25:00	1.09501	1.09508	1.09470	1.09481	39	0	10
2024.03.08	16:26:00	1.09481	1.09494	1.09461	1.09462	130	0	10
2024.03.08	16:27:00	1.09462	1.09467	1.09450	1.09455	177	0	8
2024.03.08	16:28:00	1.09455	1.09464	1.09448	1.09450	71	0	9
2024.03.08	16:29:00	1.09450	1.09471	1.09440	1.09468	35	0	10
2024.03.08	16:30:00	1.09468	1.09480	1.09461	1.09475	74	0	8
2024.03.08	16:31:00	1.09475	1.09478	1.09467	1.09473	147	0	11
2024.03.08	16:32:00	1.09473	1.09475	1.09441	1.09443	162	0	12
2024.03.08	16:33:00	1.09443	1.09451	1.09435	1.09450	164	0	9
2024.03.08	16:34:00	1.09450	1.09454	1.09441	1.09452	175	0	11
2024.03.08	16:35:00	1.09452	1.09454	1.09445	1.09452	17	0	8
2024.03.08	16:36:00	1.09452	1.09467	1.09452	1.09458	40	0	10
2024.03.08	16:37:00	1.09458	1.09477	1.09441	1.09465	81	0	10
2024.03.08	16:38:00	1.09465	1.09468	1.09455	1.09455	132	0	8
2024.03.08	16:39:00	1.09455	1.09459	1.09425	1.09433	55	0	10
2024.03.08	16:40:00	1.09433	1.09439	1.09427	1.09428	36	0	10
2024.03.08	16:41:00	1.09428	1.09441	1.09427	1.09436	103	0	10
2024.03.08	16:42:00	1.09436	1.09445	1.09433	1.09445	95	0	9
2024.03.08	16:43:00	1.09445	1.09455	1.09444	1.09449	70	0	10
2024.03.08	16:44:00	1.09449	1.09449	1.09445	1.09445	83	0	10
2024.03.08	16:45:00	1.09445	1.09450	1.09431	1.09432	69	0	10
2024.03.08	16:46:00	1.09432	1.09445	1.09427	1.09442	169	0	12
2024.03.08	16:47:00	1.09442	1.09459	1.09432	1.09445	30	0	11
2024.03.08	16:48:00	1.09445	1.09445	1.09438	1.09440	28	0	8
2024.03.08	16:49:00	1.09440	1.09442	1.09424	1.09430	157	0	10
2024.03.08	16:50:00	1.09430	1.09462	1.09425	1.09454	15	0	12
2024.03.08	16:51:00	1.09454	1.09468	1.09432	1.09436	92	0	10
2024.03.08	16:52:00	1.09436	1.09445	1.09420	1.09425	20	0	9
2024.03.08	16:53:00	1.09425	1.09434	1.09420	1.09431	119	0	10
2024.03.08	16:54:00	1.09431	1.09440	1.09430	1.09438	111	0	12
2024.03.08	16:55:00	1.09438	1.09443	1.09433	1.09441	172	0	12
2024.03.08	16:56:00	1.09441	1.09460	1.09435	1.09448	68	0	9
2024.03.08	16:57:00	1.09448	1.09455	1.09442	1.09448	55	0	11
2024.03.08	16:58:00	1.09448	1.09469	1.09440	1.09466	153	0	12
2024.03.08	16:59:00	1.09466	1.09479	1.09464	1.09477	71	0	11
2024.03.08	17:00:00	1.09477	1.09485	1.09476	1.09482	135	0	9
2024.03.08	17:01:00	1.09482	1.09512	1.09476	1.09509	124	0	9
2024.03.08	17:02:00	1.09509	1.09510	1.09483	1.09487	37	0	8
2024.03.08	17:03:00	1.09487	1.09491	1.09476	1.09478	130	0	9
2024.03.08	17:04:00	1.09478	1.09479	1.09472	1.09475	72	0	11
2024.03.08	17:05:00	1.09475	1.09479	1.09463	1.09467	41	0	9
2024.03.08	17:06:00	1.09467	1.09473	1.09461	1.09468	49	0	11
2024.03.08	17:07:00	1.09468	1.09483	1.09467	1.09478	102	0	8
2024.03.08	17:08:00	1.09478	1.09487	1.09452	1.09458	59	0	12
2024.03.08	17:09:00	1.09458	1.09468	1.09437	1.09440	88	0	8
2024.03.08	17:10:00	1.09440	1.09451	1.09415	1.09424	77	0	12
2024.03.08	17:11:00	1.09424	1.09430	1.09395	1.09405	170	0	12
2024.03.08	17:12:00	1.09405	1.09425	1.09404	1.09420	34	0	11
2024.03.08	17:13:00	1.09420	1.09427	1.09405	1.09408	134	0	10
2024.03.08	17:14:00	1.09408	1.09421	1.09400	1.09413	149	0	10
2024.03.08	17:15:00	1.09413	1.09419	1.09395	1.09404	126	0	12
2024.03.08	17:16:00	1.09404	1.09424	1.09403	1.09412	111	0	8
2024.03.08	17:17:00	1.09412	1.09414	1.09399	1.09403	55	0	8
2024.03.08	17:18:00	1.09403	1.09407	1.09389	1.09399	121	0	12
2024.03.08	17:19:00	1.09399	1.09405	1.09391	1.09400	162	0	11
2024.03.08	17:20:00	1.09400	1.09415	1.09389	1.09394	159	0	10
2024.03.08	17:21:00	1.09394	1.09395	1.09379	1.09387	154	0	11
2024.03.08	17:22:00	1.09387	1.09414	1.09379	1.09404	122	0	12
2024.03.08	17:23:00	1.09404	1.09410	1.09394	1.09406	139	0	11
2024.03.08	17:24:00	1.09406	1.09423	1.09397	1.09420	130	0	8
2024.03.08	17:25:00	1.09420	1.09438	1.09420	1.09430	31	0	8
2024.03.08	17:26:00	1.09430	1.09454	1.09429	1.09449	132	0	12
2024.03.08	17:27:00	1.09449	1.09469	1.09432	1.09457	42	0	11
2024.03.08	17:28:00	1.09457	1.09460	1.09438	1.09446	108	0	9
2024.03.08	17:29:00	1.09446	1.09457	1.09444	1.09456	133	0	8
2024.03.08	17:30:00	1.09456	1.09466	1.09454	1.09463	170	0	10
2024.03.08	17:31:00	1.09463	1.09469	1.09451	1.09465	166	0	10
2024.03.08	17:32:00	1.09465	1.09480	1.09458	1.09461	74	0	11
2024.03.08	17:33:00	1.09461	1.09493	1.09455	1.09487	160	0	10
2024.03.08	17:34:00	1.09487	1.09489	1.09464	1.09477	143	0	12
2024.03.08	17:35:00	1.09477	1.09486	1.09471	1.09474	112	0	9
2024.03.08	17:36:00	1.09474	1.09499	1.09468	1.09491	11	0	10
2024.03.08	17:37:00	1.09491	1.09494	1.09481	1.09485	57	0	11
2024.03.08	17:38:00	1.09485	1.09489	1.09475	1.09479	103	0	10
2024.03.08	17:39:00	1.09479	1.09486	1.09466	1.09473	135	0	8
2024.03.08	17:40:00	1.09473	1.09486	1.09469	1.09481	119	0	11
2024.03.08	17:41:00	1.09481	1.09492	1.09465	1.09485	39	0	8
2024.03.08	17:42:00	1.09485	1.09496	1.09470	1.09479	110	0	10
2024.03.08	17:43:00	1.09479	1.09500	1.09473	1.09496	54	0	9
2024.03.08	17:44:00	1.09496	1.09508	1.09496	1.09503	27	0	8
2024.03.08	17:45:00	1.09503	1.09525	1.09491	1.09520	39	0	12
2024.03.08	17:46:00	1.09520	1.09528	1.09502	1.09509	160	0	10
2024.03.08	17:47:00	1.09509	1.09520	1.09497	1.09508	145	0	8
2024.03.08	17:48:00	1.09508	1.09512	1.09494	1.09496	15	0	9
2024.03.08	17:49:00	1.09496	1.09508	1.09484	1.09497	55	0	8
2024.03.08	17:50:00	1.09497	1.09504	1.09493	1.09498	23	0	11
2024.03.08	17:51:00	1.09498	1.09505	1.09484	1.09490	171	0	10
2024.03.08	17:52:00	1.09490	1.09492	1.09482	1.09485	69	0	11
2024.03.08	17:53:00	1.09485	1.09505	1.09472	1.09503	132	0	9
2024.03.08	17:54:00	1.09503	1.09523	1.09501	1.09515	86	0	8
2024.03.08	17:55:00	1.09515	1.09530	1.09510	1.09522	42	0	10
2024.03.08	17:56:00	1.09522	1.09522	1.09493	1.09497	155	0	9
2024.03.08	17:57:00	1.09497	1.09498	1.09482	1.09493	30	0	11
2024.03.08	17:58:00	1.09493	1.09496	1.09484	1.09489	82	0	10
2024.03.08	17:59:00	1.09489	1.09495	1.09478	1.09483	102	0	11
2024.03.08	18:00:00	1.09483	1.09493	1.09481	1.09482	16	0	10
2024.03.08	18:01:00	1.09482	1.09487	1.09463	1.09468	140	0	12
2024.03.08	18:02:00	1.09468	1.09473	1.09457	1.09465	24	0	9
2024.03.08	18:03:00	1.09465	1.09473	1.09452	1.09463	40	0	10
2024.03.08	18:04:00	1.09463	1.09465	1.09453	1.09460	120	0	11
2024.03.08	18:05:00	1.09460	1.09465	1.09459	1.09464	30	0	10
2024.03.08	18:06:00	1.09464	1.09475	1.09464	1.09472	59	0	10
2024.03.08	18:07:00	1.09472	1.09474	1.09451	1.09458	48	0	10
2024.03.08	18:08:00	1.09458	1.09467	1.09440	1.09446	76	0	12
2024.03.08	18:09:00	1.09446	1.09459	1.09441	1.09450	49	0	11
2024.03.08	18:10:00	1.09450	1.09463	1.09446	1.09460	159	0	8
2024.03.08	18:11:00	1.09460	1.09480	1.09460	1.09473	18	0	10
2024.03.08	18:12:00	1.09473	1.09501	1.09468	1.09497	111	0	10
2024.03.08	18:13:00	1.09497	1.09518	1.09492	1.09516	131	0	8
2024.03.08	18:14:00	1.09516	1.09540	1.09509	1.09536	159	0	10
2024.03.08	18:15:00	1.09536	1.09537	1.09533	1.09536	25	0	10
2024.03.08	18:16:00	1.09536	1.09548	1.09535	1.09547	36	0	10
2024.03.08	18:17:00	1.09547	1.09550	1.09530	1.09534	163	0	10
2024.03.08	18:18:00	1.09534	1.09542	1.09508	1.09522	179	0	10
2024.03.08	18:19:00	1.09522	1.09526	1.09509	1.09511	113	0	12
2024.03.08	18:20:00	1.09511	1.09514	1.09506	1.09509	101	0	9
2024.03.08	18:21:00	1.09509	1.09516	1.09498	1.09502	16	0	8
2024.03.08	18:22:00	1.09502	1.09513	1.09500	1.09507	48	0	10
2024.03.08	18:23:00	1.09507	1.09523	1.09503	1.09513	89	0	10
2024.03.08	18:24:00	1.09513	1.09527	1.09512	1.09523	147	0	10
2024.03.08	18:25:00	1.09523	1.09529	1.09514	1.09517	36	0	10
2024.03.08	18:26:00	1.09517	1.09529	1.09517	1.09525	154	0	9
2024.03.08	18:27:00	1.09525	1.09532	1.09511	1.09532	167	0	12
2024.03.08	18:28:00	1.09532	1.09550	1.09523	1.09525	112	0	8
2024.03.08	18:29:00	1.09525	1.09552	1.09515	1.09535	147	0	10
2024.03.08	18:30:00	1.09535	1.09555	1.09533	1.09552	151	0	8
2024.03.08	18:31:00	1.09552	1.09552	1.09534	1.09537	162	0	12
2024.03.08	18:32:00	1.09537	1.09564	1.09527	1.09544	58	0	8
2024.03.08	18:33:00	1.09544	1.09556	1.09537	1.09544	43	0	12
2024.03.08	18:34:00	1.09544	1.09553	1.09537	1.09539	120	0	10
2024.03.08	18:35:00	1.09539	1.09541	1.09524	1.09527	91	0	12
2024.03.08	18:36:00	1.09527	1.09535	1.09519	1.09526	75	0	11
2024.03.08	18:37:00	1.09526	1.09526	1.09516	1.09520	121	0	10
2024.03.08	18:38:00	1.09520	1.09526	1.09503	1.09515	12	0	11
2024.03.08	18:39:00	1.09515	1.09528	1.09510	1.09526	53	0	10
2024.03.08	18:40:00	1.09526	1.09528	1.09516	1.09517	140	0	8
2024.03.08	18:41:00	1.09517	1.09524	1.09509	1.09509	117	0	12
2024.03.08	18:42:00	1.09509	1.09511	1.09497	1.09501	13	0	11
2024.03.08	18:43:00	1.09501	1.09503	1.09480	1.09487	111	0	8
2024.03.08	18:44:00	1.09487	1.09494	1.09454	1.09470	124	0	11
2024.03.08	18:45:00	1.09470	1.09478	1.09464	1.09476	79	0	12
2024.03.08	18:46:00	1.09476	1.09491	1.09475	1.09480	74	0	9
2024.03.08	18:47:00	1.09480	1.09491	1.09478	1.09484	66	0	10
2024.03.08	18:48:00	1.09484	1.09507	1.09474	1.09505	96	0	10
2024.03.08	18:49:00	1.09505	1.09522	1.09505	1.09520	85	0	10
2024.03.08	18:50:00	1.09520	1.09531	1.09491	1.09500	172	0	8
2024.03.08	18:51:00	1.09500	1.09511	1.09493	1.09503	30	0	12
2024.03.08	18:52:00	1.09503	1.09513	1.09500	1.09508	100	0	11
2024.03.08	18:53:00	1.09508	1.09533	1.09506	1.09531	64	0	10
2024.03.08	18:54:00	1.09531	1.09546	1.09521	1.09539	61	0	8
2024.03.08	18:55:00	1.09539	1.09546	1.09517	1.09533	158	0	10
2024.03.08	18:56:00	1.09533	1.09542	1.09530	1.09533	39	0	10
2024.03.08	18:57:00	1.09533	1.09535	1.09506	1.09507	11	0	12
2024.03.08	18:58:00	1.09507	1.09523	1.09497	1.09518	130	0	10
2024.03.08	18:59:00	1.09518	1.09519	1.09499	1.09505	176	0	10
2024.03.08	19:00:00	1.09505	1.09519	1.09494	1.09517	12	0	10
2024.03.08	19:01:00	1.09517	1.09518	1.09481	1.09490	135	0	10
2024.03.08	19:02:00	1.09490	1.09500	1.09466	1.09469	88	0	9
2024.03.08	19:03:00	1.09469	1.09488	1.09462	1.09479	61	0	11
2024.03.08	19:04:00	1.09479	1.09489	1.09474	1.09477	26	0	8
2024.03.08	19:05:00	1.09477	1.09481	1.09463	1.09466	54	0	12
2024.03.08	19:06:00	1.09466	1.09479	1.09451	1.09454	117	0	11
2024.03.08	19:07:00	1.09454	1.09469	1.09451	1.09462	178	0	9
2024.03.08	19:08:00	1.09462	1.09466	1.09455	1.09459	18	0	12
2024.03.08	19:09:00	1.09459	1.09461	1.09446	1.09448	91	0	11
2024.03.08	19:10:00	1.09448	1.09449	1.09428	1.09433	68	0	12
2024.03.08	19:11:00	1.09433	1.09478	1.09428	1.09467	113	0	9
2024.03.08	19:12:00	1.09467	1.09479	1.09463	1.09472	165	0	11
2024.03.08	19:13:00	1.09472	1.09477	1.09464	1.09470	166	0	9
2024.03.08	19:14:00	1.09470	1.09491	1.09459	1.09478	106	0	10
2024.03.08	19:15:00	1.09478	1.09490	1.09453	1.09464	13	0	10
2024.03.08	19:16:00	1.09464	1.09477	1.09459	1.09475	20	0	9
2024.03.08	19:17:00	1.09475	1.09481	1.09449	1.09468	82	0	10
2024.03.08	19:18:00	1.09468	1.09473	1.09464	1.09468	26	0	9
2024.03.08	19:19:00	1.09468	1.09480	1.09464	1.09472	111	0	8
2024.03.08	19:20:00	1.09472	1.09487	1.09468	1.09486	175	0	10
2024.03.08	19:21:00	1.09486	1.09494	1.09473	1.09475	72	0	8
2024.03.08	19:22:00	1.09475	1.09479	1.09469	1.09475	165	0	9
2024.03.08	19:23:00	1.09475	1.09481	1.09457	1.09458	177	0	12
2024.03.08	19:24:00	1.09458	1.09465	1.09453	1.09460	17	0	12
2024.03.08	19:25:00	1.09460	1.09461	1.09440	1.09447	133	0	10
2024.03.08	19:26:00	1.09447	1.09448	1.09437	1.09444	35	0	11
2024.03.08	19:27:00	1.09444	1.09453	1.09428	1.09434	161	0	12
2024.03.08	19:28:00	1.09434	1.09437	1.09428	1.09436	130	0	10
2024.03.08	19:29:00	1.09436	1.09443	1.09427	1.09431	141	0	12
2024.03.08	19:30:00	1.09431	1.09441	1.09430	1.09435	128	0	11
2024.03.08	19:31:00	1.09435	1.09441	1.09429	1.09432	56	0	8
2024.03.08	19:32:00	1.09432	1.09442	1.09431	1.09436	64	0	10
2024.03.08	19:33:00	1.09436	1.09437	1.09413	1.09420	172	0	12
2024.03.08	19:34:00	1.09420	1.09431	1.09414	1.09415	79	0	10
2024.03.08	19:35:00	1.09415	1.09425	1.09412	1.09424	67	0	12
2024.03.08	19:36:00	1.09424	1.09433	1.09402	1.09407	123	0	11
2024.03.08	19:37:00	1.09407	1.09410	1.09396	1.09407	117	0	12
2024.03.08	19:38:00	1.09407	1.09411	1.09386	1.09388	169	0	11
2024.03.08	19:39:00	1.09388	1.09390	1.09364	1.09376	76	0	11
2024.03.08	19:40:00	1.09376	1.09379	1.09361	1.09374	59	0	11
2024.03.08	19:41:00	1.09374	1.09378	1.09366	1.09371	172	0	9
2024.03.08	19:42:00	1.09371	1.09393	1.09343	1.09353	149	0	12
2024.03.08	19:43:00	1.09353	1.09373	1.09352	1.09365	71	0	8
2024.03.08	19:44:00	1.09365	1.09372	1.09364	1.09366	18	0	9
2024.03.08	19:45:00	1.09366	1.09374	1.09362	1.09363	25	0	10
2024.03.08	19:46:00	1.09363	1.09389	1.09362	1.09389	52	0	9
2024.03.08	19:47:00	1.09389	1.09394	1.09369	1.09381	113	0	11
2024.03.08	19:48:00	1.09381	1.09395	1.09381	1.09388	10	0	10
2024.03.08	19:49:00	1.09388	1.09395	1.09382	1.09394	29	0	9
2024.03.08	19:50:00	1.09394	1.09395	1.09391	1.09393	155	0	9
2024.03.08	19:51:00	1.09393	1.09411	1.09390	1.09405	59	0	11
2024.03.08	19:52:00	1.09405	1.09405	1.09393	1.09398	119	0	11
2024.03.08	19:53:00	1.09398	1.09405	1.09392	1.09397	111	0	8
2024.03.08	19:54:00	1.09397	1.09401	1.09393	1.09400	56	0	11
2024.03.08	19:55:00	1.09400	1.09424	1.09397	1.09418	164	0	9
2024.03.08	19:56:00	1.09418	1.09419	1.09404	1.09415	49	0	11
2024.03.08	19:57:00	1.09415	1.09419	1.09405	1.09407	176	0	10
2024.03.08	19:58:00	1.09407	1.09409	1.09388	1.09393	13	0	8
2024.03.08	19:59:00	1.09393	1.09404	1.09389	1.09399	27	0	11
2024.03.08	20:00:00	1.09399	1.09404	1.09390	1.09390	97	0	11
2024.03.08	20:01:00	1.09390	1.09414	1.09374	1.09413	81	0	11
2024.03.08	20:02:00	1.09413	1.09424	1.09411	1.09419	134	0	11
2024.03.08	20:03:00	1.09419	1.09426	1.09417	1.09424	178	0	12
2024.03.08	20:04:00	1.09424	1.09427	1.09397	1.09398	163	0	8
2024.03.08	20:05:00	1.09398	1.09405	1.09377	1.09386	86	0	9
2024.03.08	20:06:00	1.09386	1.09389	1.09379	1.09386	102	0	9
2024.03.08	20:07:00	1.09386	1.09404	1.09379	1.09398	133	0	8
2024.03.08	20:08:00	1.09398	1.09401	1.09398	1.09399	80	0	9
2024.03.08	20:09:00	1.09399	1.09430	1.09396	1.09427	41	0	9
2024.03.08	20:10:00	1.09427	1.09443	1.09425	1.09439	161	0	10
2024.03.08	20:11:00	1.09439	1.09442	1.09426	1.09431	165	0	10
2024.03.08	20:12:00	1.09431	1.09462	1.09430	1.09454	179	0	10
2024.03.08	20:13:00	1.09454	1.09465	1.09453	1.09458	16	0	8
2024.03.08	20:14:00	1.09458	1.09465	1.09442	1.09445	30	0	9
2024.03.08	20:15:00	1.09445	1.09448	1.09427	1.09429	50	0	8
2024.03.08	20:16:00	1.09429	1.09439	1.09420	1.09424	52	0	8
2024.03.08	20:17:00	1.09424	1.09442	1.09417	1.09439	8	0	10
2024.03.08	20:18:00	1.09439	1.09458	1.09437	1.09457	133	0	8
2024.03.08	20:19:00	1.09457	1.09479	1.09453	1.09472	110	0	8
2024.03.08	20:20:00	1.09472	1.09495	1.09468	1.09486	57	0	9
2024.03.08	20:21:00	1.09486	1.09494	1.09479	1.09484	116	0	12
2024.03.08	20:22:00	1.09484	1.09492	1.09481	1.09490	175	0	10
2024.03.08	20:23:00	1.09490	1.09500	1.09473	1.09477	36	0	12
2024.03.08	20:24:00	1.09477	1.09489	1.09476	1.09482	143	0	11
2024.03.08	20:25:00	1.09482	1.09486	1.09473	1.09479	73	0	9
2024.03.08	20:26:00	1.09479	1.09481	1.09453	1.09457	104	0	11
2024.03.08	20:27:00	1.09457	1.09460	1.09452	1.09453	95	0	8
2024.03.08	20:28:00	1.09453	1.09459	1.09440	1.09443	140	0	11
2024.03.08	20:29:00	1.09443	1.09454	1.09437	1.09439	140	0	8
2024.03.08	20:30:00	1.09439	1.09443	1.09435	1.09441	133	0	8
2024.03.08	20:31:00	1.09441	1.09444	1.09425	1.09429	113	0	11
2024.03.08	20:32:00	1.09429	1.09441	1.09419	1.09428	26	0	10
2024.03.08	20:33:00	1.09428	1.09431	1.09408	1.09417	172	0	10
2024.03.08	20:34:00	1.09417	1.09419	1.09415	1.09419	62	0	8
2024.03.08	20:35:00	1.09419	1.09429	1.09419	1.09426	131	0	8
2024.03.08	20:36:00	1.09426	1.09427	1.09423	1.09426	37	0	11
2024.03.08	20:37:00	1.09426	1.09426	1.09417	1.09423	146	0	9
2024.03.08	20:38:00	1.09423	1.09428	1.09422	1.09428	103	0	10
2024.03.08	20:39:00	1.09428	1.09439	1.09428	1.09431	107	0	10
2024.03.08	20:40:00	1.09431	1.09435	1.09425	1.09435	37	0	10
2024.03.08	20:41:00	1.09435	1.09441	1.09416	1.09417	97	0	11
2024.03.08	20:42:00	1.09417	1.09420	1.09414	1.09415	60	0	8
2024.03.08	20:43:00	1.09415	1.09415	1.09403	1.09409	113	0	10
2024.03.08	20:44:00	1.09409	1.09412	1.09406	1.09409	12	0	11
2024.03.08	20:45:00	1.09409	1.09417	1.09404	1.09408	48	0	11
2024.03.08	20:46:00	1.09408	1.09410	1.09407	1.09409	99	0	11
2024.03.08	20:47:00	1.09409	1.09409	1.09403	1.09404	57	0	12
2024.03.08	20:48:00	1.09404	1.09410	1.09381	1.09386	142	0	12
2024.03.08	20:49:00	1.09386	1.09393	1.09359	1.09368	30	0	10
2024.03.08	20:50:00	1.09368	1.09388	1.09366	1.09384	129	0	9
2024.03.08	20:51:00	1.09384	1.09389	1.09373	1.09379	90	0	8
2024.03.08	20:52:00	1.09379	1.09393	1.09362	1.09364	115	0	10
2024.03.08	20:53:00	1.09364	1.09374	1.09363	1.09367	123	0	10
2024.03.08	20:54:00	1.09367	1.09371	1.09355	1.09357	8	0	10
2024.03.08	20:55:00	1.09357	1.09376	1.09352	1.09362	119	0	12
2024.03.08	20:56:00	1.09362	1.09369	1.09353	1.09358	124	0	9
2024.03.08	20:57:00	1.09358	1.09362	1.09349	1.09360	168	0	11
2024.03.08	20:58:00	1.09360	1.09367	1.09354	1.09363	19	0	11
2024.03.08	20:59:00	1.09363	1.09364	1.09345	1.09349	34	0	11
2024.03.08	21:00:00	1.09349	1.09364	1.09345	1.09361	172	0	11
2024.03.08	21:01:00	1.09361	1.09366	1.09345	1.09354	75	0	8
2024.03.08	21:02:00	1.09354	1.09370	1.09349	1.09367	82	0	10
2024.03.08	21:03:00	1.09367	1.09372	1.09360	1.09370	103	0	11
2024.03.08	21:04:00	1.09370	1.09384	1.09368	1.09370	66	0	8
2024.03.08	21:05:00	1.09370	1.09371	1.09358	1.09361	38	0	8
2024.03.08	21:06:00	1.09361	1.09368	1.09351	1.09354	8	0	10
2024.03.08	21:07:00	1.09354	1.09362	1.09337	1.09340	27	0	12
2024.03.08	21:08:00	1.09340	1.09346	1.09325	1.09336	22	0	10
2024.03.08	21:09:00	1.09336	1.09344	1.09303	1.09313	45	0	8
2024.03.08	21:10:00	1.09313	1.09316	1.09288	1.09297	74	0	8
2024.03.08	21:11:00	1.09297	1.09305	1.09282	1.09285	159	0	10
2024.03.08	21:12:00	1.09285	1.09293	1.09280	1.09286	68	0	12
2024.03.08	21:13:00	1.09286	1.09297	1.09278	1.09285	23	0	12
2024.03.08	21:14:00	1.09285	1.09292	1.09277	1.09287	172	0	9
2024.03.08	21:15:00	1.09287	1.09291	1.09273	1.09281	169	0	9
2024.03.08	21:16:00	1.09281	1.09294	1.09280	1.09292	175	0	11
2024.03.08	21:17:00	1.09292	1.09303	1.09285	1.09300	145	0	8
2024.03.08	21:18:00	1.09300	1.09303	1.09282	1.09289	150	0	12
2024.03.08	21:19:00	1.09289	1.09318	1.09283	1.09303	115	0	10
2024.03.08	21:20:00	1.09303	1.09311	1.09297	1.09311	143	0	9
2024.03.08	21:21:00	1.09311	1.09320	1.09298	1.09317	142	0	8
2024.03.08	21:22:00	1.09317	1.09318	1.09305	1.09308	48	0	8
2024.03.08	21:23:00	1.09308	1.09321	1.09292	1.09320	16	0	11
2024.03.08	21:24:00	1.09320	1.09331	1.09320	1.09331	174	0	9
2024.03.08	21:25:00	1.09331	1.09337	1.09315	1.09317	63	0	8
2024.03.08	21:26:00	1.09317	1.09327	1.09303	1.09307	161	0	9
2024.03.08	21:27:00	1.09307	1.09318	1.09300	1.09300	81	0	8
2024.03.08	21:28:00	1.09300	1.09303	1.09299	1.09301	167	0	10
2024.03.08	21:29:00	1.09301	1.09302	1.09287	1.09290	16	0	8
2024.03.08	21:30:00	1.09290	1.09292	1.09269	1.09270	31	0	12
2024.03.08	21:31:00	1.09270	1.09286	1.09270	1.09280	88	0	10
2024.03.08	21:32:00	1.09280	1.09288	1.09267	1.09268	106	0	8
2024.03.08	21:33:00	1.09268	1.09271	1.09265	1.09267	89	0	9
2024.03.08	21:34:00	1.09267	1.09270	1.09254	1.09254	65	0	12
2024.03.08	21:35:00	1.09254	1.09256	1.09240	1.09240	16	0	10
2024.03.08	21:36:00	1.09240	1.09261	1.09238	1.09258	177	0	12
2024.03.08	21:37:00	1.09258	1.09263	1.09249	1.09251	14	0	10
2024.03.08	21:38:00	1.09251	1.09261	1.09223	1.09224	137	0	11
2024.03.08	21:39:00	1.09224	1.09253	1.09222	1.09240	148	0	11
2024.03.08	21:40:00	1.09240	1.09251	1.09235	1.09250	39	0	10
2024.03.08	21:41:00	1.09250	1.09255	1.09238	1.09242	152	0	8
2024.03.08	21:42:00	1.09242	1.09249	1.09236	1.09247	48	0	9
2024.03.08	21:43:00	1.09247	1.09262	1.09245	1.09256	70	0	8
2024.03.08	21:44:00	1.09256	1.09274	1.09255	1.09266	87	0	12
2024.03.08	21:45:00	1.09266	1.09272	1.09248	1.09248	118	0	10
2024.03.08	21:46:00	1.09248	1.09253	1.09243	1.09251	166	0	11
2024.03.08	21:47:00	1.09251	1.09259	1.09245	1.09252	149	0	8
2024.03.08	21:48:00	1.09252	1.09268	1.09231	1.09232	89	0	11
2024.03.08	21:49:00	1.09232	1.09238	1.09229	1.09234	131	0	8
2024.03.08	21:50:00	1.09234	1.09251	1.09231	1.09249	40	0	8
2024.03.08	21:51:00	1.09249	1.09268	1.09247	1.09266	17	0	8
2024.03.08	21:52:00	1.09266	1.09276	1.09264	1.09276	52	0	9
2024.03.08	21:53:00	1.09276	1.09295	1.09276	1.09287	52	0	10
2024.03.08	21:54:00	1.09287	1.09304	1.09282	1.09297	28	0	12
2024.03.08	21:55:00	1.09297	1.09301	1.09279	1.09287	66	0	9
2024.03.08	21:56:00	1.09287	1.09295	1.09284	1.09294	147	0	10
2024.03.08	21:57:00	1.09294	1.09326	1.09293	1.09312	139	0	10
2024.03.08	21:58:00	1.09312	1.09322	1.09303	1.09317	107	0	10
2024.03.08	21:59:00	1.09317	1.09320	1.09303	1.09306	94	0	11
2024.03.08	23:00:00	1.09306	1.09307	1.09285	1.09286	73	0	9
2024.03.08	23:01:00	1.09286	1.09305	1.09277	1.09297	111	0	9
2024.03.08	23:02:00	1.09297	1.09301	1.09285	1.09287	173	0	9
2024.03.08	23:03:00	1.09287	1.09316	1.09285	1.09309	178	0	9
2024.03.08	23:04:00	1.09309	1.09323	1.09288	1.09288	170	0	8
2024.03.08	23:05:00	1.09288	1.09296	1.09283	1.09290	103	0	10
2024.03.08	23:06:00	1.09290	1.09292	1.09288	1.09289	148	0	11
2024.03.08	23:07:00	1.09289	1.09306	1.09289	1.09295	107	0	8
2024.03.08	23:08:00	1.09295	1.09314	1.09293	1.09309	26	0	9
2024.03.08	23:09:00	1.09309	1.09312	1.09302	1.09309	10	0	12
2024.03.08	23:10:00	1.09309	1.09314	1.09303	1.09313	114	0	10
2024.03.08	23:11:00	1.09313	1.09318	1.09309	1.09316	122	0	10
2024.03.08	23:12:00	1.09316	1.09321	1.09306	1.09307	134	0	10
2024.03.08	23:13:00	1.09307	1.09342	1.09305	1.09340	85	0	12
2024.03.08	23:14:00	1.09340	1.09341	1.09327	1.09338	150	0	9
2024.03.08	23:15:00	1.09338	1.09348	1.09332	1.09340	42	0	8
2024.03.08	23:16:00	1.09340	1.09347	1.09324	1.09327	59	0	8
2024.03.08	23:17:00	1.09327	1.09339	1.09319	1.09334	64	0	12
2024.03.08	23:18:00	1.09334	1.09339	1.09318	1.09327	62	0	10
2024.03.08	23:19:00	1.09327	1.09333	1.09300	1.09305	180	0	10
2024.03.08	23:20:00	1.09305	1.09315	1.09300	1.09310	52	0	10
2024.03.08	23:21:00	1.09310	1.09319	1.09304	1.09304	50	0	10
2024.03.08	23:22:00	1.09304	1.09304	1.09297	1.09302	48	0	8
2024.03.08	23:23:00	1.09302	1.09318	1.09289	1.09316	34	0	8
2024.03.08	23:24:00	1.09316	1.09322	1.09296	1.09303	46	0	10
2024.03.08	23:25:00	1.09303	1.09309	1.09295	1.09308	80	0	12
2024.03.08	23:26:00	1.09308	1.09326	1.09308	1.09323	151	0	9
2024.03.08	23:27:00	1.09323	1.09327	1.09315	1.09317	45	0	10
2024.03.08	23:28:00	1.09317	1.09318	1.09300	1.09301	170	0	8
2024.03.08	23:29:00	1.09301	1.09315	1.09296	1.09307	93	0	10
2024.03.08	23:30:00	1.09307	1.09313	1.09295	1.09302	14	0	8
2024.03.08	23:31:00	1.09302	1.09303	1.09301	1.09302	150	0	8
2024.03.08	23:32:00	1.09302	1.09308	1.09297	1.09307	127	0	11
2024.03.08	23:33:00	1.09307	1.09320	1.09306	1.09315	48	0	9
2024.03.08	23:34:00	1.09315	1.09318	1.09292	1.09299	118	0	12
2024.03.08	23:35:00	1.09299	1.09337	1.09297	1.09323	107	0	9
2024.03.08	23:36:00	1.09323	1.09355	1.09321	1.09343	119	0	10
2024.03.08	23:37:00	1.09343	1.09352	1.09339	1.09344	72	0	8
2024.03.08	23:38:00	1.09344	1.09354	1.09336	1.09351	147	0	9
2024.03.08	23:39:00	1.09351	1.09356	1.09346	1.09352	151	0	10
2024.03.08	23:40:00	1.09352	1.09380	1.09344	1.09373	92	0	8
2024.03.08	23:41:00	1.09373	1.09385	1.09371	1.09379	156	0	11
2024.03.08	23:42:00	1.09379	1.09383	1.09361	1.09367	75	0	10
2024.03.08	23:43:00	1.09367	1.09389	1.09365	1.09384	131	0	9
2024.03.08	23:44:00	1.09384	1.09397	1.09375	1.09392	26	0	10
2024.03.08	23:45:00	1.09392	1.09396	1.09376	1.09383	168	0	10
2024.03.08	23:46:00	1.09383	1.09399	1.09376	1.09395	39	0	10
2024.03.08	23:47:00	1.09395	1.09416	1.09394	1.09412	138	0	11
2024.03.08	23:48:00	1.09412	1.09419	1.09390	1.09394	36	0	10
2024.03.08	23:49:00	1.09394	1.09413	1.09391	1.09408	109	0	12
2024.03.08	23:50:00	1.09408	1.09420	1.09393	1.09398	41	0	8
2024.03.08	23:51:00	1.09398	1.09407	1.09373	1.09374	130	0	10
2024.03.08	23:52:00	1.09374	1.09376	1.09359	1.09362	54	0	12
2024.03.08	23:53:00	1.09362	1.09369	1.09362	1.09362	120	0	10
2024.03.08	23:54:00	1.09362	1.09364	1.09348	1.09349	115	0	11
2024.03.08	23:55:00	1.09349	1.09353	1.09333	1.09340	116	0	11
2024.03.08	23:56:00	1.09340	1.09348	1.09330	1.09347	115	0	10
2024.03.08	23:57:00	1.09347	1.09355	1.09333	1.09337	171	0	12
2024.03.08	23:58:00	1.09337	1.09340	1.09334	1.09338	129	0	10
2024.03.08	23:59:00	1.09338	1.09340	1.09321	1.09325	140	0	8
2024.03.11	00:00:00	1.09325	1.09325	1.09309	1.09317	161	0	10
2024.03.11	00:01:00	1.09317	1.09324	1.09316	1.09320	136	0	12
2024.03.11	00:02:00	1.09320	1.09323	1.09311	1.09311	115	0	10
2024.03.11	00:03:00	1.09311	1.09315	1.09311	1.09315	17	0	9
2024.03.11	00:04:00	1.09315	1.09318	1.09302	1.09303	55	0	10
2024.03.11	00:05:00	1.09303	1.09316	1.09297	1.09310	65	0	10
2024.03.11	00:06:00	1.09310	1.09311	1.09296	1.09297	160	0	12
2024.03.11	00:07:00	1.09297	1.09310	1.09286	1.09302	84	0	12
2024.03.11	00:08:00	1.09302	1.09318	1.09298	1.09317	20	0	10
2024.03.11	00:09:00	1.09317	1.09323	1.09300	1.09308	123	0	12
2024.03.11	00:10:00	1.09308	1.09311	1.09282	1.09291	129	0	10
2024.03.11	00:11:00	1.09291	1.09309	1.09286	1.09304	145	0	11
2024.03.11	00:12:00	1.09304	1.09305	1.09289	1.09301	73	0	10
2024.03.11	00:13:00	1.09301	1.09302	1.09277	1.09281	87	0	9
2024.03.11	00:14:00	1.09281	1.09288	1.09273	1.09275	34	0	11
2024.03.11	00:15:00	1.09275	1.09282	1.09265	1.09274	149	0	9
2024.03.11	00:16:00	1.09274	1.09276	1.09257	1.09261	34	0	11
2024.03.11	00:17:00	1.09261	1.09278	1.09260	1.09275	138	0	10
2024.03.11	00:18:00	1.09275	1.09290	1.09272	1.09289	173	0	9
2024.03.11	00:19:00	1.09289	1.09306	1.09285	1.09305	128	0	11
2024.03.11	00:20:00	1.09305	1.09314	1.09288	1.09298	140	0	10
2024.03.11	00:21:00	1.09298	1.09300	1.09284	1.09288	16	0	11
2024.03.11	00:22:00	1.09288	1.09299	1.09276	1.09282	93	0	10
2024.03.11	00:23:00	1.09282	1.09293	1.09278	1.09282	161	0	8
2024.03.11	00:24:00	1.09282	1.09285	1.09254	1.09259	126	0	10
2024.03.11	00:25:00	1.09259	1.09270	1.09246	1.09268	122	0	10
2024.03.11	00:26:00	1.09268	1.09270	1.09262	1.09263	60	0	10
2024.03.11	00:27:00	1.09263	1.09272	1.09253	1.09256	10	0	11
2024.03.11	00:28:00	1.09256	1.09278	1.09240	1.09270	147	0	10
2024.03.11	00:29:00	1.09270	1.09272	1.09257	1.09259	61	0	9
2024.03.11	00:30:00	1.09259	1.09274	1.09255	1.09272	73	0	10
2024.03.11	00:31:00	1.09272	1.09275	1.09243	1.09248	141	0	10
2024.03.11	00:32:00	1.09248	1.09249	1.09236	1.09238	52	0	12
2024.03.11	00:33:00	1.09238	1.09265	1.09237	1.09262	37	0	9
2024.03.11	00:34:00	1.09262	1.09268	1.09251	1.09256	180	0	11
2024.03.11	00:35:00	1.09256	1.09261	1.09255	1.09256	149	0	10
2024.03.11	00:36:00	1.09256	1.09261	1.09248	1.09259	99	0	10
2024.03.11	00:37:00	1.09259	1.09261	1.09246	1.09253	91	0	10
2024.03.11	00:38:00	1.09253	1.09270	1.09251	1.09267	73	0	12
2024.03.11	00:39:00	1.09267	1.09286	1.09266	1.09284	21	0	10
2024.03.11	00:40:00	1.09284	1.09287	1.09268	1.09271	175	0	8
2024.03.11	00:41:00	1.09271	1.09276	1.09262	1.09275	150	0	10
2024.03.11	00:42:00	1.09275	1.09293	1.09269	1.09285	123	0	11
2024.03.11	00:43:00	1.09285	1.09290	1.09278	1.09283	128	0	11
2024.03.11	00:44:00	1.09283	1.09287	1.09281	1.09285	94	0	8
2024.03.11	00:45:00	1.09285	1.09285	1.09251	1.09258	153	0	10
2024.03.11	00:46:00	1.09258	1.09260	1.09249	1.09257	39	0	8
2024.03.11	00:47:00	1.09257	1.09260	1.09244	1.09247	25	0	9
2024.03.11	00:48:00	1.09247	1.09259	1.09233	1.09235	127	0	11
2024.03.11	00:49:00	1.09235	1.09236	1.09215	1.09223	149	0	10
2024.03.11	00:50:00	1.09223	1.09233	1.09217	1.09222	145	0	11
2024.03.11	00:51:00	1.09222	1.09222	1.09220	1.09221	147	0	8
2024.03.11	00:52:00	1.09221	1.09225	1.09208	1.09221	102	0	9
2024.03.11	00:53:00	1.09221	1.09241	1.09213	1.09232	114	0	11
2024.03.11	00:54:00	1.09232	1.09232	1.09221	1.09222	57	0	8
2024.03.11	00:55:00	1.09222	1.09227	1.09217	1.09223	51	0	12
2024.03.11	00:56:00	1.09223	1.09233	1.09221	1.09227	126	0	10
2024.03.11	00:57:00	1.09227	1.09236	1.09207	1.09217	158	0	9
2024.03.11	00:58:00	1.09217	1.09218	1.09182	1.09185	130	0	9
2024.03.11	00:59:00	1.09185	1.09202	1.09175	1.09193	54	0	8
2024.03.11	01:00:00	1.09193	1.09195	1.09190	1.09192	104	0	10
2024.03.11	01:01:00	1.09192	1.09206	1.09190	1.09201	152	0	8
2024.03.11	01:02:00	1.09201	1.09202	1.09194	1.09201	54	0	10
2024.03.11	01:03:00	1.09201	1.09202	1.09198	1.09201	161	0	10
2024.03.11	01:04:00	1.09201	1.09206	1.09189	1.09196	108	0	8
2024.03.11	01:05:00	1.09196	1.09204	1.09193	1.09194	62	0	11
2024.03.11	01:06:00	1.09194	1.09202	1.09171	1.09179	125	0	12
2024.03.11	01:07:00	1.09179	1.09186	1.09157	1.09167	156	0	12
2024.03.11	01:08:00	1.09167	1.09188	1.09162	1.09181	116	0	8
2024.03.11	01:09:00	1.09181	1.09192	1.09174	1.09184	105	0	10
2024.03.11	01:10:00	1.09184	1.09200	1.09183	1.09192	140	0	10
2024.03.11	01:11:00	1.09192	1.09201	1.09179	1.09187	17	0	12
2024.03.11	01:12:00	1.09187	1.09195	1.09178	1.09181	174	0	12
2024.03.11	01:13:00	1.09181	1.09187	1.09179	1.09183	102	0	10
2024.03.11	01:14:00	1.09183	1.09193	1.09172	1.09192	153	0	11
2024.03.11	01:15:00	1.09192	1.09221	1.09188	1.09214	17	0	11
2024.03.11	01:16:00	1.09214	1.09238	1.09211	1.09231	141	0	8
2024.03.11	01:17:00	1.09231	1.09232	1.09222	1.09226	74	0	11
2024.03.11	01:18:00	1.09226	1.09243	1.09223	1.09241	127	0	9
2024.03.11	01:19:00	1.09241	1.09250	1.09224	1.09226	61	0	10
2024.03.11	01:20:00	1.09226	1.09242	1.09217	1.09240	141	0	12
2024.03.11	01:21:00	1.09240	1.09248	1.09236	1.09242	100	0	10
2024.03.11	01:22:00	1.09242	1.09246	1.09226	1.09234	179	0	11
2024.03.11	01:23:00	1.09234	1.09239	1.09213	1.09221	103	0	8
2024.03.11	01:24:00	1.09221	1.09226	1.09213	1.09221	103	0	10
2024.03.11	01:25:00	1.09221	1.09228	1.09215	1.09227	143	0	9
2024.03.11	01:26:00	1.09227	1.09229	1.09224	1.09228	32	0	10
2024.03.11	01:27:00	1.09228	1.09241	1.09226	1.09228	10	0	9
2024.03.11	01:28:00	1.09228	1.09233	1.09226	1.09231	60	0	9
2024.03.11	01:29:00	1.09231	1.09237	1.09208	1.09216	94	0	10
2024.03.11	01:30:00	1.09216	1.09223	1.09215	1.09218	75	0	12
2024.03.11	01:31:00	1.09218	1.09231	1.09210	1.09228	56	0	9
2024.03.11	01:32:00	1.09228	1.09240	1.09219	1.09222	82	0	12
2024.03.11	01:33:00	1.09222	1.09225	1.09219	1.09220	87	0	9
2024.03.11	01:34:00	1.09220	1.09230	1.09211	1.09224	88	0	10
2024.03.11	01:35:00	1.09224	1.09228	1.09219	1.09224	37	0	9
2024.03.11	01:36:00	1.09224	1.09228	1.09215	1.09222	150	0	10
2024.03.11	01:37:00	1.09222	1.09228	1.09205	1.09208	76	0	12
2024.03.11	01:38:00	1.09208	1.09215	1.09204	1.09213	104	0	8
2024.03.11	01:39:00	1.09213	1.09221	1.09178	1.09190	169	0	11
2024.03.11	01:40:00	1.09190	1.09192	1.09187	1.09191	31	0	9
2024.03.11	01:41:00	1.09191	1.09192	1.09181	1.09184	114	0	10
2024.03.11	01:42:00	1.09184	1.09191	1.09174	1.09182	94	0	10
2024.03.11	01:43:00	1.09182	1.09202	1.09175	1.09192	79	0	8
2024.03.11	01:44:00	1.09192	1.09196	1.09174	1.09185	136	0	10
2024.03.11	01:45:00	1.09185	1.09186	1.09178	1.09178	115	0	10
2024.03.11	01:46:00	1.09178	1.09185	1.09169	1.09178	83	0	9
2024.03.11	01:47:00	1.09178	1.09202	1.09174	1.09201	173	0	9
2024.03.11	01:48:00	1.09201	1.09203	1.09184	1.09187	154	0	8
2024.03.11	01:49:00	1.09187	1.09191	1.09173	1.09179	43	0	9
2024.03.11	01:50:00	1.09179	1.09184	1.09151	1.09160	100	0	11
2024.03.11	01:51:00	1.09160	1.09165	1.09151	1.09152	71	0	10
2024.03.11	01:52:00	1.09152	1.09161	1.09111	1.09112	88	0	11
2024.03.11	01:53:00	1.09112	1.09113	1.09098	1.09107	69	0	10
2024.03.11	01:54:00	1.09107	1.09133	1.09105	1.09133	21	0	10
2024.03.11	01:55:00	1.09133	1.09142	1.09122	1.09123	114	0	10
2024.03.11	01:56:00	1.09123	1.09124	1.09112	1.09115	145	0	10
2024.03.11	01:57:00	1.09115	1.09115	1.09086	1.09092	139	0	10
2024.03.11	01:58:00	1.09092	1.09093	1.09081	1.09091	69	0	12
2024.03.11	01:59:00	1.09091	1.09094	1.09071	1.09071	12	0	12
2024.03.11	02:00:00	1.09071	1.09085	1.09068	1.09079	176	0	10
2024.03.11	02:01:00	1.09079	1.09085	1.09079	1.09079	28	0	9
2024.03.11	02:02:00	1.09079	1.09085	1.09061	1.09063	144	0	12
2024.03.11	02:03:00	1.09063	1.09071	1.09062	1.09071	159	0	8
2024.03.11	02:04:00	1.09071	1.09072	1.09035	1.09037	85	0	10
2024.03.11	02:05:00	1.09037	1.09038	1.09027	1.09027	87	0	11
2024.03.11	02:06:00	1.09027	1.09044	1.09026	1.09042	145	0	10
2024.03.11	02:07:00	1.09042	1.09053	1.09036	1.09051	100	0	10
2024.03.11	02:08:00	1.09051	1.09068	1.09048	1.09067	177	0	12
2024.03.11	02:09:00	1.09067	1.09071	1.09047	1.09052	134	0	10
2024.03.11	02:10:00	1.09052	1.09058	1.09043	1.09049	55	0	9
2024.03.11	02:11:00	1.09049	1.09057	1.09045	1.09054	150	0	11
2024.03.11	02:12:00	1.09054	1.09063	1.09051	1.09053	23	0	8
2024.03.11	02:13:00	1.09053	1.09060	1.09025	1.09034	148	0	10
2024.03.11	02:14:00	1.09034	1.09048	1.09032	1.09045	178	0	11
2024.03.11	02:15:00	1.09045	1.09046	1.09030	1.09037	45	0	9
2024.03.11	02:16:00	1.09037	1.09039	1.09021	1.09023	109	0	8
2024.03.11	02:17:00	1.09023	1.09051	1.09017	1.09044	132	0	11
2024.03.11	02:18:00	1.09044	1.09047	1.09027	1.09044	17	0	9
2024.03.11	02:19:00	1.09044	1.09055	1.09043	1.09052	54	0	10
2024.03.11	02:20:00	1.09052	1.09074	1.09044	1.09070	57	0	9
2024.03.11	02:21:00	1.09070	1.09082	1.09057	1.09061	51	0	8
2024.03.11	02:22:00	1.09061	1.09067	1.09039	1.09050	65	0	11
2024.03.11	02:23:00	1.09050	1.09071	1.09043	1.09065	156	0	9
2024.03.11	02:24:00	1.09065	1.09079	1.09062	1.09076	90	0	10
2024.03.11	02:25:00	1.09076	1.09082	1.09073	1.09082	176	0	9
2024.03.11	02:26:00	1.09082	1.09090	1.09079	1.09081	31	0	9
2024.03.11	02:27:00	1.09081	1.09085	1.09062	1.09071	32	0	9
2024.03.11	02:28:00	1.09071	1.09076	1.09054	1.09056	157	0	10
2024.03.11	02:29:00	1.09056	1.09064	1.09042	1.09048	121	0	11
2024.03.11	02:30:00	1.09048	1.09069	1.09043	1.09068	79	0	12
2024.03.11	02:31:00	1.09068	1.09070	1.09061	1.09065	82	0	9
2024.03.11	02:32:00	1.09065	1.09070	1.09056	1.09062	68	0	10
2024.03.11	02:33:00	1.09062	1.09065	1.09049	1.09057	85	0	11
2024.03.11	02:34:00	1.09057	1.09065	1.09049	1.09051	80	0	9
2024.03.11	02:35:00	1.09051	1.09052	1.09047	1.09050	180	0	12
2024.03.11	02:36:00	1.09050	1.09055	1.09042	1.09046	17	0	12
2024.03.11	02:37:00	1.09046	1.09054	1.09034	1.09049	105	0	10
2024.03.11	02:38:00	1.09049	1.09050	1.09029	1.09036	47	0	10
2024.03.11	02:39:00	1.09036	1.09042	1.09028	1.09033	15	0	10
2024.03.11	02:40:00	1.09033	1.09034	1.09020	1.09030	155	0	10
2024.03.11	02:41:00	1.09030	1.09046	1.09027	1.09042	174	0	9
2024.03.11	02:42:00	1.09042	1.09042	1.09029	1.09040	138	0	10
2024.03.11	02:43:00	1.09040	1.09047	1.09034	1.09042	70	0	12
2024.03.11	02:44:00	1.09042	1.09062	1.09038	1.09058	54	0	11
2024.03.11	02:45:00	1.09058	1.09087	1.09052	1.09083	162	0	10
2024.03.11	02:46:00	1.09083	1.09097	1.09081	1.09095	160	0	11
2024.03.11	02:47:00	1.09095	1.09103	1.09095	1.09101	175	0	10
2024.03.11	02:48:00	1.09101	1.09116	1.09101	1.09111	26	0	12
2024.03.11	02:49:00	1.09111	1.09115	1.09095	1.09103	40	0	12
2024.03.11	02:50:00	1.09103	1.09133	1.09102	1.09123	137	0	12
2024.03.11	02:51:00	1.09123	1.09127	1.09114	1.09115	43	0	12
2024.03.11	02:52:00	1.09115	1.09130	1.09111	1.09128	96	0	11
2024.03.11	02:53:00	1.09128	1.09135	1.09128	1.09133	44	0	10
2024.03.11	02:54:00	1.09133	1.09140	1.09083	1.09088	86	0	10
2024.03.11	02:55:00	1.09088	1.09093	1.09067	1.09067	17	0	9
2024.03.11	02:56:00	1.09067	1.09074	1.09059	1.09065	79	0	12
2024.03.11	02:57:00	1.09065	1.09072	1.09059	1.09070	74	0	11
2024.03.11	02:58:00	1.09070	1.09081	1.09070	1.09075	94	0	11
2024.03.11	02:59:00	1.09075	1.09085	1.09068	1.09073	117	0	11
2024.03.11	03:00:00	1.09073	1.09088	1.09067	1.09084	136	0	10
2024.03.11	03:01:00	1.09084	1.09091	1.09080	1.09085	89	0	11
2024.03.11	03:02:00	1.09085	1.09101	1.09077	1.09093	65	0	10
2024.03.11	03:03:00	1.09093	1.09107	1.09087	1.09093	60	0	10
2024.03.11	03:04:00	1.09093	1.09099	1.09086	1.09092	180	0	8
2024.03.11	03:05:00	1.09092	1.09095	1.09079	1.09081	146	0	9
2024.03.11	03:06:00	1.09081	1.09090	1.09080	1.09086	124	0	10
2024.03.11	03:07:00	1.09086	1.09095	1.09083	1.09089	63	0	11
2024.03.11	03:08:00	1.09089	1.09090	1.09071	1.09075	71	0	8
2024.03.11	03:09:00	1.09075	1.09078	1.09061	1.09064	57	0	9
2024.03.11	03:10:00	1.09064	1.09067	1.09055	1.09062	23	0	12
2024.03.11	03:11:00	1.09062	1.09074	1.09056	1.09072	37	0	12
2024.03.11	03:12:00	1.09072	1.09081	1.09067	1.09072	139	0	11
2024.03.11	03:13:00	1.09072	1.09074	1.09070	1.09074	92	0	12
2024.03.11	03:14:00	1.09074	1.09084	1.09073	1.09079	79	0	8
2024.03.11	03:15:00	1.09079	1.09087	1.09076	1.09084	123	0	11
2024.03.11	03:16:00	1.09084	1.09086	1.09075	1.09084	53	0	10
2024.03.11	03:17:00	1.09084	1.09102	1.09084	1.09096	170	0	10
2024.03.11	03:18:00	1.09096	1.09102	1.09092	1.09094	41	0	9
2024.03.11	03:19:00	1.09094	1.09101	1.09074	1.09078	140	0	12
2024.03.11	03:20:00	1.09078	1.09104	1.09075	1.09096	103	0	10
2024.03.11	03:21:00	1.09096	1.09111	1.09094	1.09105	26	0	10
2024.03.11	03:22:00	1.09105	1.09123	1.09105	1.09116	61	0	12
2024.03.11	03:23:00	1.09116	1.09132	1.09113	1.09129	60	0	10
2024.03.11	03:24:00	1.09129	1.09140	1.09119	1.09136	162	0	12
2024.03.11	03:25:00	1.09136	1.09149	1.09134	1.09148	59	0	9
2024.03.11	03:26:00	1.09148	1.09152	1.09142	1.09146	83	0	8
2024.03.11	03:27:00	1.09146	1.09146	1.09138	1.09145	65	0	10
2024.03.11	03:28:00	1.09145	1.09161	1.09143	1.09155	13	0	9
2024.03.11	03:29:00	1.09155	1.09159	1.09147	1.09150	148	0	10
2024.03.11	03:30:00	1.09150	1.09150	1.09122	1.09132	29	0	12
2024.03.11	03:31:00	1.09132	1.09138	1.09093	1.09103	119	0	9
2024.03.11	03:32:00	1.09103	1.09107	1.09101	1.09105	70	0	8
2024.03.11	03:33:00	1.09105	1.09119	1.09100	1.09118	78	0	10
2024.03.11	03:34:00	1.09118	1.09134	1.09117	1.09130	63	0	9
2024.03.11	03:35:00	1.09130	1.09149	1.09127	1.09145	157	0	8
2024.03.11	03:36:00	1.09145	1.09152	1.09117	1.09124	48	0	8
2024.03.11	03:37:00	1.09124	1.09126	1.09102	1.09121	23	0	8
2024.03.11	03:38:00	1.09121	1.09122	1.09115	1.09116	18	0	9
2024.03.11	03:39:00	1.09116	1.09135	1.09116	1.09128	28	0	9
2024.03.11	03:40:00	1.09128	1.09129	1.09117	1.09119	178	0	9
2024.03.11	03:41:00	1.09119	1.09121	1.09115	1.09120	127	0	8
2024.03.11	03:42:00	1.09120	1.09126	1.09118	1.09124	117	0	10
2024.03.11	03:43:00	1.09124	1.09126	1.09111	1.09111	30	0	12
2024.03.11	03:44:00	1.09111	1.09127	1.09109	1.09122	154	0	10
2024.03.11	03:45:00	1.09122	1.09135	1.09115	1.09129	69	0	9
2024.03.11	03:46:00	1.09129	1.09137	1.09127	1.09130	54	0	8
2024.03.11	03:47:00	1.09130	1.09137	1.09123	1.09135	120	0	8
2024.03.11	03:48:00	1.09135	1.09155	1.09131	1.09145	43	0	12
2024.03.11	03:49:00	1.09145	1.09151	1.09123	1.09130	45	0	10
2024.03.11	03:50:00	1.09130	1.09167	1.09114	1.09160	75	0	12
2024.03.11	03:51:00	1.09160	1.09161	1.09142	1.09145	62	0	10
2024.03.11	03:52:00	1.09145	1.09156	1.09142	1.09148	28	0	8
2024.03.11	03:53:00	1.09148	1.09150	1.09140	1.09146	179	0	12
2024.03.11	03:54:00	1.09146	1.09156	1.09144	1.09156	79	0	11
2024.03.11	03:55:00	1.09156	1.09157	1.09124	1.09131	129	0	9
2024.03.11	03:56:00	1.09131	1.09145	1.09122	1.09139	82	0	11
2024.03.11	03:57:00	1.09139	1.09158	1.09138	1.09148	68	0	12
2024.03.11	03:58:00	1.09148	1.09158	1.09138	1.09145	73	0	8
2024.03.11	03:59:00	1.09145	1.09148	1.09121	1.09124	47	0	12
2024.03.11	04:00:00	1.09124	1.09127	1.09117	1.09118	21	0	10
2024.03.11	04:01:00	1.09118	1.09130	1.09117	1.09118	130	0	11
2024.03.11	04:02:00	1.09118	1.09119	1.09103	1.09103	68	0	10
2024.03.11	04:03:00	1.09103	1.09108	1.09081	1.09087	179	0	8
2024.03.11	04:04:00	1.09087	1.09094	1.09070	1.09075	36	0	10
2024.03.11	04:05:00	1.09075	1.09084	1.09071	1.09076	127	0	8
2024.03.11	04:06:00	1.09076	1.09077	1.09048	1.09052	23	0	9
2024.03.11	04:07:00	1.09052	1.09066	1.09048	1.09064	137	0	11
2024.03.11	04:08:00	1.09064	1.09068	1.09045	1.09052	71	0	11
2024.03.11	04:09:00	1.09052	1.09058	1.09045	1.09049	81	0	11
2024.03.11	04:10:00	1.09049	1.09072	1.09038	1.09060	177	0	9
2024.03.11	04:11:00	1.09060	1.09067	1.09041	1.09052	57	0	11
2024.03.11	04:12:00	1.09052	1.09071	1.09050	1.09070	32	0	11
2024.03.11	04:13:00	1.09070	1.09074	1.09066	1.09072	180	0	9
2024.03.11	04:14:00	1.09072	1.09084	1.09071	1.09081	61	0	10
2024.03.11	04:15:00	1.09081	1.09082	1.09074	1.09078	162	0	8
2024.03.11	04:16:00	1.09078	1.09084	1.09068	1.09080	178	0	12
2024.03.11	04:17:00	1.09080	1.09101	1.09072	1.09100	100	0	8
2024.03.11	04:18:00	1.09100	1.09104	1.09081	1.09082	142	0	8
2024.03.11	04:19:00	1.09082	1.09098	1.09080	1.09097	117	0	9
2024.03.11	04:20:00	1.09097	1.09108	1.09088	1.09106	71	0	10
2024.03.11	04:21:00	1.09106	1.09130	1.09102	1.09124	166	0	8
2024.03.11	04:22:00	1.09124	1.09126	1.09105	1.09113	106	0	10
2024.03.11	04:23:00	1.09113	1.09135	1.09109	1.09133	144	0	10
2024.03.11	04:24:00	1.09133	1.09148	1.09121	1.09125	175	0	12
2024.03.11	04:25:00	1.09125	1.09133	1.09115	1.09120	88	0	10
2024.03.11	04:26:00	1.09120	1.09120	1.09107	1.09116	154	0	8
2024.03.11	04:27:00	1.09116	1.09147	1.09106	1.09136	33	0	12
2024.03.11	04:28:00	1.09136	1.09145	1.09128	1.09129	73	0	11
2024.03.11	04:29:00	1.09129	1.09136	1.09120	1.09127	87	0	11
2024.03.11	04:30:00	1.09127	1.09157	1.09120	1.09152	66	0	9
2024.03.11	04:31:00	1.09152	1.09159	1.09141	1.09146	157	0	11
2024.03.11	04:32:00	1.09146	1.09148	1.09129	1.09136	13	0	12
2024.03.11	04:33:00	1.09136	1.09143	1.09133	1.09141	115	0	10
2024.03.11	04:34:00	1.09141	1.09155	1.09140	1.09147	87	0	10
2024.03.11	04:35:00	1.09147	1.09153	1.09142	1.09146	156	0	11
2024.03.11	04:36:00	1.09146	1.09150	1.09123	1.09125	80	0	10
2024.03.11	04:37:00	1.09125	1.09136	1.09125	1.09129	83	0	9
2024.03.11	04:38:00	1.09129	1.09137	1.09112	1.09116	45	0	11
2024.03.11	04:39:00	1.09116	1.09117	1.09097	1.09102	70	0	12
2024.03.11	04:40:00	1.09102	1.09106	1.09082	1.09091	79	0	11
2024.03.11	04:41:00	1.09091	1.09113	1.09082	1.09110	180	0	11
2024.03.11	04:42:00	1.09110	1.09111	1.09095	1.09099	15	0	12
2024.03.11	04:43:00	1.09099	1.09106	1.09090	1.09103	61	0	10
2024.03.11	04:44:00	1.09103	1.09111	1.09096	1.09099	116	0	9
2024.03.11	04:45:00	1.09099	1.09107	1.09095	1.09097	116	0	10
2024.03.11	04:46:00	1.09097	1.09113	1.09091	1.09106	65	0	10
2024.03.11	04:47:00	1.09106	1.09110	1.09104	1.09106	131	0	11
2024.03.11	04:48:00	1.09106	1.09106	1.09084	1.09090	35	0	9
2024.03.11	04:49:00	1.09090	1.09094	1.09069	1.09074	57	0	11
2024.03.11	04:50:00	1.09074	1.09078	1.09068	1.09073	51	0	10
2024.03.11	04:51:00	1.09073	1.09074	1.09056	1.09060	110	0	11
2024.03.11	04:52:00	1.09060	1.09060	1.09038	1.09046	60	0	10
2024.03.11	04:53:00	1.09046	1.09052	1.09041	1.09044	70	0	10
2024.03.11	04:54:00	1.09044	1.09048	1.09031	1.09042	67	0	12
2024.03.11	04:55:00	1.09042	1.09045	1.09024	1.09029	15	0	12
2024.03.11	04:56:00	1.09029	1.09036	1.08996	1.08997	95	0	11
2024.03.11	04:57:00	1.08997	1.09000	1.08994	1.09000	156	0	10
2024.03.11	04:58:00	1.09000	1.09008	1.08999	1.09007	55	0	9
2024.03.11	04:59:00	1.09007	1.09015	1.08980	1.08988	95	0	11
2024.03.11	05:00:00	1.08988	1.08991	1.08966	1.08968	144	0	8
2024.03.11	05:01:00	1.08968	1.08988	1.08965	1.08976	61	0	12
2024.03.11	05:02:00	1.08976	1.08990	1.08967	1.08989	95	0	8
2024.03.11	05:03:00	1.08989	1.09000	1.08970	1.08983	145	0	11
2024.03.11	05:04:00	1.08983	1.08989	1.08973	1.08974	102	0	11
2024.03.11	05:05:00	1.08974	1.08985	1.08961	1.08980	129	0	12
2024.03.11	05:06:00	1.08980	1.08986	1.08951	1.08952	75	0	10
2024.03.11	05:07:00	1.08952	1.08957	1.08940	1.08943	172	0	12
2024.03.11	05:08:00	1.08943	1.08945	1.08913	1.08926	49	0	10
2024.03.11	05:09:00	1.08926	1.08940	1.08917	1.08940	168	0	11
2024.03.11	05:10:00	1.08940	1.08942	1.08928	1.08930	152	0	10
2024.03.11	05:11:00	1.08930	1.08930	1.08925	1.08930	156	0	11
2024.03.11	05:12:00	1.08930	1.08937	1.08923	1.08936	153	0	12
2024.03.11	05:13:00	1.08936	1.08953	1.08926	1.08934	155	0	8
2024.03.11	05:14:00	1.08934	1.08943	1.08924	1.08929	89	0	8
2024.03.11	05:15:00	1.08929	1.08933	1.08921	1.08924	103	0	8
2024.03.11	05:16:00	1.08924	1.08926	1.08920	1.08920	72	0	10
2024.03.11	05:17:00	1.08920	1.08930	1.08914	1.08928	152	0	9
2024.03.11	05:18:00	1.08928	1.08938	1.08925	1.08932	176	0	8
2024.03.11	05:19:00	1.08932	1.08939	1.08925	1.08935	52	0	11
2024.03.11	05:20:00	1.08935	1.08948	1.08926	1.08935	168	0	10
2024.03.11	05:21:00	1.08935	1.08940	1.08928	1.08929	154	0	9
2024.03.11	05:22:00	1.08929	1.08936	1.08924	1.08934	88	0	11
2024.03.11	05:23:00	1.08934	1.08946	1.08933	1.08946	20	0	12
2024.03.11	05:24:00	1.08946	1.08961	1.08932	1.08933	96	0	8
2024.03.11	05:25:00	1.08933	1.08948	1.08921	1.08948	138	0	9
2024.03.11	05:26:00	1.08948	1.08972	1.08933	1.08959	173	0	8
2024.03.11	05:27:00	1.08959	1.08973	1.08958	1.08963	41	0	12
2024.03.11	05:28:00	1.08963	1.08975	1.08956	1.08967	110	0	8
2024.03.11	05:29:00	1.08967	1.08979	1.08960	1.08976	149	0	11
2024.03.11	05:30:00	1.08976	1.08983	1.08968	1.08972	16	0	10
2024.03.11	05:31:00	1.08972	1.08973	1.08969	1.08971	104	0	9
2024.03.11	05:32:00	1.08971	1.08973	1.08960	1.08973	40	0	9
2024.03.11	05:33:00	1.08973	1.08973	1.08963	1.08973	54	0	8
2024.03.11	05:34:00	1.08973	1.08974	1.08963	1.08966	52	0	11
2024.03.11	05:35:00	1.08966	1.08977	1.08964	1.08967	80	0	9
2024.03.11	05:36:00	1.08967	1.08980	1.08963	1.08975	11	0	9
2024.03.11	05:37:00	1.08975	1.08979	1.08959	1.08959	115	0	10
2024.03.11	05:38:00	1.08959	1.08970	1.08942	1.08965	46	0	10
2024.03.11	05:39:00	1.08965	1.08970	1.08954	1.08962	88	0	9
2024.03.11	05:40:00	1.08962	1.08980	1.08954	1.08975	62	0	11
2024.03.11	05:41:00	1.08975	1.08978	1.08943	1.08948	50	0	9
2024.03.11	05:42:00	1.08948	1.08955	1.08934	1.08939	77	0	11
2024.03.11	05:43:00	1.08939	1.08956	1.08932	1.08954	20	0	12
2024.03.11	05:44:00	1.08954	1.08957	1.08942	1.08953	37	0	10
2024.03.11	05:45:00	1.08953	1.08956	1.08943	1.08955	82	0	11
2024.03.11	05:46:00	1.08955	1.08962	1.08951	1.08958	52	0	8
2024.03.11	05:47:00	1.08958	1.08963	1.08958	1.08958	98	0	10
2024.03.11	05:48:00	1.08958	1.08983	1.08952	1.08977	174	0	9
2024.03.11	05:49:00	1.08977	1.09002	1.08976	1.08991	56	0	9
2024.03.11	05:50:00	1.08991	1.09002	1.08979	1.08996	138	0	10
2024.03.11	05:51:00	1.08996	1.09000	1.08984	1.08985	105	0	10
2024.03.11	05:52:00	1.08985	1.08989	1.08972	1.08978	145	0	8
2024.03.11	05:53:00	1.08978	1.09002	1.08971	1.08990	121	0	12
2024.03.11	05:54:00	1.08990	1.08991	1.08963	1.08966	132	0	10
2024.03.11	05:55:00	1.08966	1.08983	1.08961	1.08979	41	0	11
2024.03.11	05:56:00	1.08979	1.08985	1.08976	1.08981	95	0	10
2024.03.11	05:57:00	1.08981	1.08981	1.08972	1.08972	86	0	12
2024.03.11	05:58:00	1.08972	1.08976	1.08945	1.08953	42	0	10
2024.03.11	05:59:00	1.08953	1.08964	1.08931	1.08938	106	0	10
2024.03.11	06:00:00	1.08938	1.08943	1.08909	1.08924	67	0	8
2024.03.11	06:01:00	1.08924	1.08928	1.08899	1.08911	54	0	8
2024.03.11	06:02:00	1.08911	1.08912	1.08887	1.08888	177	0	9
2024.03.11	06:03:00	1.08888	1.08893	1.08859	1.08872	32	0	8
2024.03.11	06:04:00	1.08872	1.08898	1.08868	1.08897	132	0	8
2024.03.11	06:05:00	1.08897	1.08917	1.08894	1.08913	40	0	12
2024.03.11	06:06:00	1.08913	1.08913	1.08909	1.08909	178	0	9
2024.03.11	06:07:00	1.08909	1.08916	1.08909	1.08912	74	0	8
2024.03.11	06:08:00	1.08912	1.08920	1.08904	1.08918	13	0	9
2024.03.11	06:09:00	1.08918	1.08921	1.08911	1.08913	97	0	9
2024.03.11	06:10:00	1.08913	1.08920	1.08896	1.08897	106	0	10
2024.03.11	06:11:00	1.08897	1.08904	1.08881	1.08884	13	0	9
2024.03.11	06:12:00	1.08884	1.08887	1.08869	1.08872	176	0	9
2024.03.11	06:13:00	1.08872	1.08894	1.08871	1.08891	167	0	8
2024.03.11	06:14:00	1.08891	1.08903	1.08890	1.08897	116	0	9
2024.03.11	06:15:00	1.08897	1.08902	1.08883	1.08895	65	0	10
2024.03.11	06:16:00	1.08895	1.08903	1.08891	1.08895	114	0	12
2024.03.11	06:17:00	1.08895	1.08909	1.08886	1.08908	47	0	10
2024.03.11	06:18:00	1.08908	1.08919	1.08903	1.08915	44	0	9
2024.03.11	06:19:00	1.08915	1.08919	1.08900	1.08900	44	0	9
2024.03.11	06:20:00	1.08900	1.08912	1.08887	1.08890	84	0	8
2024.03.11	06:21:00	1.08890	1.08893	1.08878	1.08881	102	0	11
2024.03.11	06:22:00	1.08881	1.08883	1.08867	1.08873	57	0	10
2024.03.11	06:23:00	1.08873	1.08877	1.08857	1.08857	51	0	10
2024.03.11	06:24:00	1.08857	1.08862	1.08834	1.08840	179	0	11
2024.03.11	06:25:00	1.08840	1.08848	1.08822	1.08822	121	0	10
2024.03.11	06:26:00	1.08822	1.08827	1.08819	1.08823	139	0	10
2024.03.11	06:27:00	1.08823	1.08833	1.08805	1.08811	80	0	10
2024.03.11	06:28:00	1.08811	1.08815	1.08803	1.08813	72	0	10
2024.03.11	06:29:00	1.08813	1.08834	1.08809	1.08832	150	0	8
2024.03.11	06:30:00	1.08832	1.08836	1.08807	1.08814	14	0	9
2024.03.11	06:31:00	1.08814	1.08838	1.08811	1.08826	58	0	8
2024.03.11	06:32:00	1.08826	1.08827	1.08797	1.08797	29	0	12
2024.03.11	06:33:00	1.08797	1.08820	1.08792	1.08818	77	0	12
2024.03.11	06:34:00	1.08818	1.08819	1.08813	1.08815	74	0	8
2024.03.11	06:35:00	1.08815	1.08816	1.08798	1.08801	150	0	8
2024.03.11	06:36:00	1.08801	1.08804	1.08788	1.08797	155	0	9
2024.03.11	06:37:00	1.08797	1.08813	1.08796	1.08807	115	0	9
2024.03.11	06:38:00	1.08807	1.08815	1.08801	1.08808	59	0	10
2024.03.11	06:39:00	1.08808	1.08822	1.08806	1.08814	8	0	8
2024.03.11	06:40:00	1.08814	1.08820	1.08805	1.08810	121	0	12
2024.03.11	06:41:00	1.08810	1.08824	1.08809	1.08819	66	0	9
2024.03.11	06:42:00	1.08819	1.08833	1.08811	1.08831	129	0	10
2024.03.11	06:43:00	1.08831	1.08832	1.08828	1.08832	156	0	11
2024.03.11	06:44:00	1.08832	1.08836	1.08824	1.08835	67	0	8
2024.03.11	06:45:00	1.08835	1.08841	1.08826	1.08838	132	0	10
2024.03.11	06:46:00	1.08838	1.08868	1.08826	1.08867	108	0	8
2024.03.11	06:47:00	1.08867	1.08884	1.08865	1.08877	127	0	10
2024.03.11	06:48:00	1.08877	1.08879	1.08867	1.08867	133	0	12
2024.03.11	06:49:00	1.08867	1.08883	1.08860	1.08875	61	0	12
2024.03.11	06:50:00	1.08875	1.08889	1.08866	1.08888	103	0	9
2024.03.11	06:51:00	1.08888	1.08892	1.08880	1.08890	106	0	11
2024.03.11	06:52:00	1.08890	1.08893	1.08875	1.08879	117	0	11
2024.03.11	06:53:00	1.08879	1.08884	1.08871	1.08873	179	0	10
2024.03.11	06:54:00	1.08873	1.08880	1.08859	1.08875	67	0	10
2024.03.11	06:55:00	1.08875	1.08882	1.08870	1.08877	142	0	9
2024.03.11	06:56:00	1.08877	1.08882	1.08857	1.08863	156	0	10
2024.03.11	06:57:00	1.08863	1.08873	1.08863	1.08867	169	0	9
2024.03.11	06:58:00	1.08867	1.08902	1.08865	1.08895	16	0	10
2024.03.11	06:59:00	1.08895	1.08911	1.08878	1.08878	103	0	11
2024.03.11	07:00:00	1.08878	1.08894	1.08872	1.08893	175	0	11
2024.03.11	07:01:00	1.08893	1.08909	1.08889	1.08901	100	0	8
2024.03.11	07:02:00	1.08901	1.08923	1.08901	1.08918	94	0	8
2024.03.11	07:03:00	1.08918	1.08920	1.08893	1.08897	67	0	8
2024.03.11	07:04:00	1.08897	1.08899	1.08890	1.08893	109	0	12
2024.03.11	07:05:00	1.08893	1.08895	1.08877	1.08885	14	0	10
2024.03.11	07:06:00	1.08885	1.08887	1.08849	1.08852	154	0	10
2024.03.11	07:07:00	1.08852	1.08853	1.08837	1.08838	61	0	10
2024.03.11	07:08:00	1.08838	1.08842	1.08807	1.08816	55	0	10
2024.03.11	07:09:00	1.08816	1.08844	1.08815	1.08840	127	0	10
2024.03.11	07:10:00	1.08840	1.08853	1.08839	1.08852	44	0	11
2024.03.11	07:11:00	1.08852	1.08864	1.08850	1.08863	87	0	11
2024.03.11	07:12:00	1.08863	1.08867	1.08858	1.08866	39	0	12
2024.03.11	07:13:00	1.08866	1.08876	1.08863	1.08864	14	0	12
2024.03.11	07:14:00	1.08864	1.08874	1.08858	1.08870	90	0	10
2024.03.11	07:15:00	1.08870	1.08905	1.08868	1.08899	112	0	10
2024.03.11	07:16:00	1.08899	1.08908	1.08874	1.08877	38	0	11
2024.03.11	07:17:00	1.08877	1.08882	1.08856	1.08868	21	0	10
2024.03.11	07:18:00	1.08868	1.08874	1.08845	1.08861	15	0	9
2024.03.11	07:19:00	1.08861	1.08866	1.08854	1.08860	152	0	8
2024.03.11	07:20:00	1.08860	1.08874	1.08842	1.08847	111	0	8
2024.03.11	07:21:00	1.08847	1.08861	1.08846	1.08849	8	0	8
2024.03.11	07:22:00	1.08849	1.08854	1.08848	1.08852	83	0	10
2024.03.11	07:23:00	1.08852	1.08862	1.08848	1.08861	156	0	10
2024.03.11	07:24:00	1.08861	1.08864	1.08855	1.08857	111	0	11
2024.03.11	07:25:00	1.08857	1.08863	1.08840	1.08846	117	0	10
2024.03.11	07:26:00	1.08846	1.08880	1.08842	1.08879	152	0	11
2024.03.11	07:27:00	1.08879	1.08911	1.08872	1.08906	163	0	9
2024.03.11	07:28:00	1.08906	1.08938	1.08904	1.08936	43	0	11
2024.03.11	07:29:00	1.08936	1.08945	1.08909	1.08915	169	0	12
2024.03.11	07:30:00	1.08915	1.08928	1.08910	1.08912	156	0	10
2024.03.11	07:31:00	1.08912	1.08929	1.08907	1.08912	39	0	10
2024.03.11	07:32:00	1.08912	1.08930	1.08910	1.08919	180	0	12
2024.03.11	07:33:00	1.08919	1.08932	1.08901	1.08911	147	0	10
2024.03.11	07:34:00	1.08911	1.08931	1.08903	1.08927	172	0	9
2024.03.11	07:35:00	1.08927	1.08931	1.08926	1.08928	51	0	10
2024.03.11	07:36:00	1.08928	1.08951	1.08925	1.08941	17	0	10
2024.03.11	07:37:00	1.08941	1.08944	1.08932	1.08940	173	0	9
2024.03.11	07:38:00	1.08940	1.08949	1.08931	1.08948	44	0	9
2024.03.11	07:39:00	1.08948	1.08949	1.08942	1.08943	31	0	12
2024.03.11	07:40:00	1.08943	1.08951	1.08937	1.08941	159	0	10
2024.03.11	07:41:00	1.08941	1.08944	1.08920	1.08932	176	0	12
2024.03.11	07:42:00	1.08932	1.08933	1.08912	1.08918	31	0	12
2024.03.11	07:43:00	1.08918	1.08921	1.08903	1.08906	121	0	9
2024.03.11	07:44:00	1.08906	1.08926	1.08898	1.08921	28	0	9
2024.03.11	07:45:00	1.08921	1.08930	1.08917	1.08925	39	0	10
2024.03.11	07:46:00	1.08925	1.08932	1.08924	1.08928	18	0	10
2024.03.11	07:47:00	1.08928	1.08940	1.08920	1.08934	20	0	8
2024.03.11	07:48:00	1.08934	1.08939	1.08924	1.08931	40	0	8
2024.03.11	07:49:00	1.08931	1.08934	1.08906	1.08916	127	0	9
2024.03.11	07:50:00	1.08916	1.08941	1.08916	1.08935	135	0	12
2024.03.11	07:51:00	1.08935	1.08949	1.08933	1.08944	63	0	9
2024.03.11	07:52:00	1.08944	1.08951	1.08938	1.08950	46	0	12
2024.03.11	07:53:00	1.08950	1.08952	1.08943	1.08944	69	0	10
2024.03.11	07:54:00	1.08944	1.08946	1.08942	1.08943	44	0	10
2024.03.11	07:55:00	1.08943	1.08967	1.08937	1.08957	144	0	9
2024.03.11	07:56:00	1.08957	1.08963	1.08928	1.08935	66	0	8
2024.03.11	07:57:00	1.08935	1.08937	1.08924	1.08924	46	0	12
2024.03.11	07:58:00	1.08924	1.08938	1.08923	1.08928	57	0	10
2024.03.11	07:59:00	1.08928	1.08945	1.08925	1.08931	35	0	8
2024.03.11	08:00:00	1.08931	1.08945	1.08927	1.08938	102	0	11
2024.03.11	08:01:00	1.08938	1.08940	1.08913	1.08917	150	0	10
2024.03.11	08:02:00	1.08917	1.08928	1.08908	1.08924	84	0	10
2024.03.11	08:03:00	1.08924	1.08924	1.08906	1.08909	127	0	8
2024.03.11	08:04:00	1.08909	1.08924	1.08904	1.08920	110	0	12
2024.03.11	08:05:00	1.08920	1.08926	1.08914	1.08918	124	0	9
2024.03.11	08:06:00	1.08918	1.08925	1.08912	1.08915	39	0	11
2024.03.11	08:07:00	1.08915	1.08918	1.08908	1.08913	65	0	10
2024.03.11	08:08:00	1.08913	1.08917	1.08905	1.08906	178	0	12
2024.03.11	08:09:00	1.08906	1.08915	1.08902	1.08909	152	0	12
2024.03.11	08:10:00	1.08909	1.08916	1.08904	1.08905	22	0	12
2024.03.11	08:11:00	1.08905	1.08925	1.08903	1.08912	65	0	8
2024.03.11	08:12:00	1.08912	1.08926	1.08911	1.08914	50	0	12
2024.03.11	08:13:00	1.08914	1.08924	1.08894	1.08895	171	0	10
2024.03.11	08:14:00	1.08895	1.08924	1.08889	1.08919	119	0	12
2024.03.11	08:15:00	1.08919	1.08937	1.08907	1.08936	49	0	9
2024.03.11	08:16:00	1.08936	1.08941	1.08933	1.08938	170	0	9
2024.03.11	08:17:00	1.08938	1.08959	1.08931	1.08931	120	0	10
2024.03.11	08:18:00	1.08931	1.08946	1.08929	1.08944	54	0	11
2024.03.11	08:19:00	1.08944	1.08944	1.08924	1.08936	52	0	11
2024.03.11	08:20:00	1.08936	1.08936	1.08909	1.08921	89	0	8
2024.03.11	08:21:00	1.08921	1.08924	1.08914	1.08917	155	0	8
2024.03.11	08:22:00	1.08917	1.08922	1.08894	1.08905	155	0	8
2024.03.11	08:23:00	1.08905	1.08916	1.08905	1.08907	143	0	12
2024.03.11	08:24:00	1.08907	1.08920	1.08905	1.08913	156	0	12
2024.03.11	08:25:00	1.08913	1.08935	1.08903	1.08928	155	0	10
2024.03.11	08:26:00	1.08928	1.08929	1.08919	1.08927	85	0	9
2024.03.11	08:27:00	1.08927	1.08933	1.08923	1.08931	108	0	8
2024.03.11	08:28:00	1.08931	1.08937	1.08915	1.08920	110	0	12
2024.03.11	08:29:00	1.08920	1.08925	1.08914	1.08923	113	0	8
2024.03.11	08:30:00	1.08923	1.08945	1.08911	1.08941	113	0	10
2024.03.11	08:31:00	1.08941	1.08955	1.08935	1.08947	60	0	10
2024.03.11	08:32:00	1.08947	1.08956	1.08943	1.08947	44	0	8
2024.03.11	08:33:00	1.08947	1.08951	1.08936	1.08950	18	0	10
2024.03.11	08:34:00	1.08950	1.08975	1.08945	1.08968	176	0	8
2024.03.11	08:35:00	1.08968	1.08973	1.08951	1.08957	134	0	10
2024.03.11	08:36:00	1.08957	1.08960	1.08947	1.08955	127	0	11
2024.03.11	08:37:00	1.08955	1.08958	1.08940	1.08943	139	0	8
2024.03.11	08:38:00	1.08943	1.08944	1.08939	1.08941	90	0	10
2024.03.11	08:39:00	1.08941	1.08956	1.08934	1.08956	36	0	12
2024.03.11	08:40:00	1.08956	1.08962	1.08951	1.08952	75	0	10
2024.03.11	08:41:00	1.08952	1.08956	1.08950	1.08955	57	0	11
2024.03.11	08:42:00	1.08955	1.08962	1.08944	1.08944	112	0	11
2024.03.11	08:43:00	1.08944	1.08964	1.08938	1.08957	73	0	10
2024.03.11	08:44:00	1.08957	1.08965	1.08947	1.08964	76	0	8
2024.03.11	08:45:00	1.08964	1.08965	1.08960	1.08961	57	0	10
2024.03.11	08:46:00	1.08961	1.08966	1.08958	1.08961	130	0	9
2024.03.11	08:47:00	1.08961	1.08972	1.08954	1.08962	113	0	10
2024.03.11	08:48:00	1.08962	1.08966	1.08933	1.08940	163	0	10
2024.03.11	08:49:00	1.08940	1.08963	1.08936	1.08959	152	0	10
2024.03.11	08:50:00	1.08959	1.08968	1.08951	1.08965	16	0	12
2024.03.11	08:51:00	1.08965	1.08968	1.08942	1.08949	125	0	12
2024.03.11	08:52:00	1.08949	1.08961	1.08948	1.08960	159	0	11
2024.03.11	08:53:00	1.08960	1.08971	1.08941	1.08942	48	0	11
2024.03.11	08:54:00	1.08942	1.08951	1.08938	1.08947	75	0	12
2024.03.11	08:55:00	1.08947	1.08958	1.08944	1.08956	108	0	11
2024.03.11	08:56:00	1.08956	1.08965	1.08956	1.08961	162	0	8
2024.03.11	08:57:00	1.08961	1.08974	1.08961	1.08972	73	0	12
2024.03.11	08:58:00	1.08972	1.08978	1.08960	1.08964	84	0	8
2024.03.11	08:59:00	1.08964	1.08965	1.08947	1.08956	11	0	11
2024.03.11	09:00:00	1.08956	1.08965	1.08950	1.08958	119	0	8
2024.03.11	09:01:00	1.08958	1.08977	1.08954	1.08975	172	0	10
2024.03.11	09:02:00	1.08975	1.08978	1.08963	1.08970	22	0	10
2024.03.11	09:03:00	1.08970	1.08980	1.08967	1.08974	22	0	11
2024.03.11	09:04:00	1.08974	1.08982	1.08967	1.08978	164	0	11
2024.03.11	09:05:00	1.08978	1.08982	1.08970	1.08975	22	0	10
2024.03.11	09:06:00	1.08975	1.08983	1.08962	1.08967	64	0	11
2024.03.11	09:07:00	1.08967	1.08976	1.08960	1.08962	74	0	11
2024.03.11	09:08:00	1.08962	1.08965	1.08955	1.08957	22	0	9
2024.03.11	09:09:00	1.08957	1.08971	1.08947	1.08955	50	0	10
2024.03.11	09:10:00	1.08955	1.08968	1.08952	1.08967	92	0	8
2024.03.11	09:11:00	1.08967	1.08967	1.08953	1.08962	106	0	8
2024.03.11	09:12:00	1.08962	1.08974	1.08952	1.08954	160	0	8
2024.03.11	09:13:00	1.08954	1.08955	1.08954	1.08954	30	0	9
2024.03.11	09:14:00	1.08954	1.08963	1.08921	1.08932	14	0	10
2024.03.11	09:15:00	1.08932	1.08945	1.08930	1.08939	108	0	10
2024.03.11	09:16:00	1.08939	1.08943	1.08930	1.08935	48	0	10
2024.03.11	09:17:00	1.08935	1.08942	1.08915	1.08915	162	0	10
2024.03.11	09:18:00	1.08915	1.08940	1.08910	1.08928	75	0	11
2024.03.11	09:19:00	1.08928	1.08939	1.08918	1.08928	67	0	10
2024.03.11	09:20:00	1.08928	1.08960	1.08925	1.08955	54	0	10
2024.03.11	09:21:00	1.08955	1.08959	1.08932	1.08936	28	0	10
2024.03.11	09:22:00	1.08936	1.08951	1.08931	1.08939	166	0	12
2024.03.11	09:23:00	1.08939	1.08955	1.08933	1.08945	30	0	8
2024.03.11	09:24:00	1.08945	1.08956	1.08945	1.08953	76	0	11
2024.03.11	09:25:00	1.08953	1.08955	1.08945	1.08947	158	0	10
2024.03.11	09:26:00	1.08947	1.08982	1.08946	1.08981	94	0	10
2024.03.11	09:27:00	1.08981	1.08998	1.08976	1.08992	100	0	11
2024.03.11	09:28:00	1.08992	1.08995	1.08986	1.08988	179	0	12
2024.03.11	09:29:00	1.08988	1.08997	1.08986	1.08991	146	0	10
2024.03.11	09:30:00	1.08991	1.09001	1.08976	1.08980	76	0	11
2024.03.11	09:31:00	1.08980	1.08981	1.08962	1.08964	25	0	10
2024.03.11	09:32:00	1.08964	1.08967	1.08960	1.08963	8	0	10
2024.03.11	09:33:00	1.08963	1.08977	1.08956	1.08972	170	0	10
2024.03.11	09:34:00	1.08972	1.08986	1.08972	1.08979	71	0	9
2024.03.11	09:35:00	1.08979	1.08986	1.08976	1.08983	27	0	10
2024.03.11	09:36:00	1.08983	1.08987	1.08976	1.08983	28	0	9
2024.03.11	09:37:00	1.08983	1.08983	1.08971	1.08976	26	0	8
2024.03.11	09:38:00	1.08976	1.08996	1.08975	1.08988	105	0	8
2024.03.11	09:39:00	1.08988	1.08996	1.08988	1.08992	96	0	9
2024.03.11	09:40:00	1.08992	1.09008	1.08990	1.09002	86	0	9
2024.03.11	09:41:00	1.09002	1.09030	1.08997	1.09019	172	0	12
2024.03.11	09:42:00	1.09019	1.09028	1.09019	1.09020	110	0	9
2024.03.11	09:43:00	1.09020	1.09025	1.09009	1.09011	131	0	10
2024.03.11	09:44:00	1.09011	1.09016	1.09008	1.09010	98	0	10
2024.03.11	09:45:00	1.09010	1.09011	1.09004	1.09004	13	0	9
2024.03.11	09:46:00	1.09004	1.09006	1.09000	1.09003	37	0	11
2024.03.11	09:47:00	1.09003	1.09005	1.08962	1.08981	8	0	10
2024.03.11	09:48:00	1.08981	1.08982	1.08965	1.08968	110	0	9
2024.03.11	09:49:00	1.08968	1.08993	1.08957	1.08982	160	0	12
2024.03.11	09:50:00	1.08982	1.09003	1.08978	1.09001	38	0	9
2024.03.11	09:51:00	1.09001	1.09003	1.08993	1.08997	32	0	10
2024.03.11	09:52:00	1.08997	1.09000	1.08984	1.08994	86	0	12
2024.03.11	09:53:00	1.08994	1.09009	1.08993	1.09003	46	0	10
2024.03.11	09:54:00	1.09003	1.09008	1.08979	1.08993	101	0	9
2024.03.11	09:55:00	1.08993	1.08998	1.08977	1.08987	154	0	9
2024.03.11	09:56:00	1.08987	1.08993	1.08961	1.08978	128	0	11
2024.03.11	09:57:00	1.08978	1.08978	1.08968	1.08968	145	0	10
2024.03.11	09:58:00	1.08968	1.08970	1.08942	1.08946	138	0	9
2024.03.11	09:59:00	1.08946	1.08953	1.08938	1.08940	175	0	10
2024.03.11	10:00:00	1.08940	1.08941	1.08930	1.08933	109	0	9
2024.03.11	10:01:00	1.08933	1.08949	1.08932	1.08941	120	0	10
2024.03.11	10:02:00	1.08941	1.08947	1.08920	1.08928	101	0	8
2024.03.11	10:03:00	1.08928	1.08944	1.08924	1.08941	95	0	10
2024.03.11	10:04:00	1.08941	1.08952	1.08936	1.08944	27	0	12
2024.03.11	10:05:00	1.08944	1.08948	1.08929	1.08935	20	0	8
2024.03.11	10:06:00	1.08935	1.08940	1.08932	1.08937	19	0	11
2024.03.11	10:07:00	1.08937	1.08939	1.08923	1.08934	148	0	10
2024.03.11	10:08:00	1.08934	1.08948	1.08931	1.08947	11	0	11
2024.03.11	10:09:00	1.08947	1.08948	1.08940	1.08945	15	0	10
2024.03.11	10:10:00	1.08945	1.08963	1.08944	1.08957	89	0	10
2024.03.11	10:11:00	1.08957	1.08961	1.08955	1.08960	70	0	10
2024.03.11	10:12:00	1.08960	1.08966	1.08953	1.08960	137	0	11
2024.03.11	10:13:00	1.08960	1.08967	1.08952	1.08964	54	0	11
2024.03.11	10:14:00	1.08964	1.08965	1.08950	1.08958	131	0	10
2024.03.11	10:15:00	1.08958	1.08982	1.08955	1.08973	84	0	8
2024.03.11	10:16:00	1.08973	1.08986	1.08972	1.08986	178	0	9
2024.03.11	10:17:00	1.08986	1.08988	1.08979	1.08982	16	0	11
2024.03.11	10:18:00	1.08982	1.08985	1.08971	1.08975	122	0	11
2024.03.11	10:19:00	1.08975	1.08987	1.08963	1.08977	70	0	10
2024.03.11	10:20:00	1.08977	1.08987	1.08975	1.08980	171	0	10
2024.03.11	10:21:00	1.08980	1.08993	1.08974	1.08991	104	0	8
2024.03.11	10:22:00	1.08991	1.09017	1.08984	1.09007	129	0	11
2024.03.11	10:23:00	1.09007	1.09011	1.08994	1.08995	118	0	12
2024.03.11	10:24:00	1.08995	1.09004	1.08979	1.08985	16	0	11
2024.03.11	10:25:00	1.08985	1.09007	1.08984	1.09003	83	0	9
2024.03.11	10:26:00	1.09003	1.09009	1.08988	1.08993	176	0	10
2024.03.11	10:27:00	1.08993	1.08998	1.08977	1.08985	131	0	10
2024.03.11	10:28:00	1.08985	1.09000	1.08984	1.08994	31	0	10
2024.03.11	10:29:00	1.08994	1.09017	1.08981	1.09011	45	0	10
2024.03.11	10:30:00	1.09011	1.09027	1.09006	1.09022	113	0	9
2024.03.11	10:31:00	1.09022	1.09026	1.09003	1.09007	45	0	11
2024.03.11	10:32:00	1.09007	1.09038	1.09004	1.09033	111	0	12
2024.03.11	10:33:00	1.09033	1.09036	1.09027	1.09033	21	0	9
2024.03.11	10:34:00	1.09033	1.09033	1.09018	1.09020	53	0	11
2024.03.11	10:35:00	1.09020	1.09041	1.09019	1.09037	123	0	10
2024.03.11	10:36:00	1.09037	1.09037	1.09034	1.09037	18	0	8
2024.03.11	10:37:00	1.09037	1.09043	1.09031	1.09035	111	0	10
2024.03.11	10:38:00	1.09035	1.09042	1.09025	1.09025	176	0	8
2024.03.11	10:39:00	1.09025	1.09054	1.09020	1.09054	59	0	10
2024.03.11	10:40:00	1.09054	1.09060	1.09052	1.09054	108	0	9
2024.03.11	10:41:00	1.09054	1.09070	1.09049	1.09067	127	0	12
2024.03.11	10:42:00	1.09067	1.09074	1.09058	1.09070	109	0	10
2024.03.11	10:43:00	1.09070	1.09072	1.09061	1.09066	108	0	11
2024.03.11	10:44:00	1.09066	1.09072	1.09047	1.09057	45	0	11
2024.03.11	10:45:00	1.09057	1.09078	1.09057	1.09064	67	0	10
2024.03.11	10:46:00	1.09064	1.09065	1.09059	1.09061	96	0	8
2024.03.11	10:47:00	1.09061	1.09065	1.09035	1.09036	89	0	10
2024.03.11	10:48:00	1.09036	1.09062	1.09036	1.09059	180	0	9
2024.03.11	10:49:00	1.09059	1.09065	1.09053	1.09065	80	0	11
2024.03.11	10:50:00	1.09065	1.09071	1.09051	1.09056	50	0	11
2024.03.11	10:51:00	1.09056	1.09071	1.09048	1.09068	83	0	11
2024.03.11	10:52:00	1.09068	1.09072	1.09066	1.09069	161	0	11
2024.03.11	10:53:00	1.09069	1.09071	1.09043	1.09057	100	0	11
2024.03.11	10:54:00	1.09057	1.09060	1.09046	1.09049	154	0	12
2024.03.11	10:55:00	1.09049	1.09050	1.09038	1.09047	128	0	10
2024.03.11	10:56:00	1.09047	1.09048	1.09034	1.09047	12	0	12
2024.03.11	10:57:00	1.09047	1.09052	1.09041	1.09046	78	0	11
2024.03.11	10:58:00	1.09046	1.09057	1.09039	1.09053	126	0	10
2024.03.11	10:59:00	1.09053	1.09059	1.09039	1.09043	115	0	8
2024.03.11	11:00:00	1.09043	1.09056	1.09036	1.09052	133	0	8
2024.03.11	11:01:00	1.09052	1.09067	1.09049	1.09061	87	0	10
2024.03.11	11:02:00	1.09061	1.09065	1.09055	1.09055	113	0	10
2024.03.11	11:03:00	1.09055	1.09057	1.09048	1.09049	93	0	10
2024.03.11	11:04:00	1.09049	1.09054	1.09045	1.09046	23	0	11
2024.03.11	11:05:00	1.09046	1.09065	1.09037	1.09061	167	0	11
2024.03.11	11:06:00	1.09061	1.09071	1.09044	1.09049	17	0	12
2024.03.11	11:07:00	1.09049	1.09055	1.09026	1.09029	96	0	10
2024.03.11	11:08:00	1.09029	1.09043	1.09028	1.09040	109	0	10
2024.03.11	11:09:00	1.09040	1.09049	1.09039	1.09043	168	0	9
2024.03.11	11:10:00	1.09043	1.09069	1.09036	1.09061	59	0	9
2024.03.11	11:11:00	1.09061	1.09066	1.09050	1.09055	22	0	8
2024.03.11	11:12:00	1.09055	1.09090	1.09051	1.09072	33	0	8
2024.03.11	11:13:00	1.09072	1.09089	1.09069	1.09088	149	0	9
2024.03.11	11:14:00	1.09088	1.09098	1.09083	1.09084	98	0	10
2024.03.11	11:15:00	1.09084	1.09091	1.09055	1.09062	51	0	8
2024.03.11	11:16:00	1.09062	1.09066	1.09053	1.09054	152	0	11
2024.03.11	11:17:00	1.09054	1.09058	1.09046	1.09057	152	0	10
2024.03.11	11:18:00	1.09057	1.09069	1.09051	1.09064	145	0	11
2024.03.11	11:19:00	1.09064	1.09084	1.09058	1.09082	139	0	11
2024.03.11	11:20:00	1.09082	1.09088	1.09073	1.09076	149	0	10
2024.03.11	11:21:00	1.09076	1.09082	1.09063	1.09066	41	0	11
2024.03.11	11:22:00	1.09066	1.09068	1.09057	1.09063	69	0	11
2024.03.11	11:23:00	1.09063	1.09067	1.09057	1.09059	20	0	10
2024.03.11	11:24:00	1.09059	1.09066	1.09055	1.09064	58	0	8
2024.03.11	11:25:00	1.09064	1.09076	1.09055	1.09070	148	0	9
2024.03.11	11:26:00	1.09070	1.09077	1.09061	1.09067	40	0	9
2024.03.11	11:27:00	1.09067	1.09075	1.09065	1.09072	10	0	10
2024.03.11	11:28:00	1.09072	1.09074	1.09044	1.09048	111	0	11
2024.03.11	11:29:00	1.09048	1.09060	1.09044	1.09053	125	0	10
2024.03.11	11:30:00	1.09053	1.09058	1.09026	1.09032	61	0	9
2024.03.11	11:31:00	1.09032	1.09045	1.09031	1.09044	163	0	11
2024.03.11	11:32:00	1.09044	1.09045	1.09041	1.09041	98	0	9
2024.03.11	11:33:00	1.09041	1.09050	1.09026	1.09027	151	0	8
2024.03.11	11:34:00	1.09027	1.09038	1.09024	1.09024	68	0	10
2024.03.11	11:35:00	1.09024	1.09039	1.09023	1.09038	27	0	9
2024.03.11	11:36:00	1.09038	1.09055	1.09036	1.09053	100	0	10
2024.03.11	11:37:00	1.09053	1.09061	1.09049	1.09057	128	0	12
2024.03.11	11:38:00	1.09057	1.09060	1.09055	1.09056	158	0	12
2024.03.11	11:39:00	1.09056	1.09061	1.09054	1.09056	73	0	10
2024.03.11	11:40:00	1.09056	1.09059	1.09038	1.09044	135	0	10
2024.03.11	11:41:00	1.09044	1.09051	1.09042	1.09043	168	0	10
2024.03.11	11:42:00	1.09043	1.09058	1.09039	1.09056	93	0	11
2024.03.11	11:43:00	1.09056	1.09060	1.09044	1.09048	169	0	9
2024.03.11	11:44:00	1.09048	1.09049	1.09025	1.09026	75	0	8
2024.03.11	11:45:00	1.09026	1.09048	1.08991	1.08995	103	0	8
2024.03.11	11:46:00	1.08995	1.09006	1.08967	1.08977	88	0	10
2024.03.11	11:47:00	1.08977	1.08988	1.08975	1.08980	53	0	11
2024.03.11	11:48:00	1.08980	1.08981	1.08976	1.08976	40	0	11
2024.03.11	11:49:00	1.08976	1.08979	1.08973	1.08979	155	0	10
2024.03.11	11:50:00	1.08979	1.08989	1.08976	1.08986	144	0	10
2024.03.11	11:51:00	1.08986	1.08992	1.08974	1.08982	23	0	12
2024.03.11	11:52:00	1.08982	1.08986	1.08973	1.08975	96	0	10
2024.03.11	11:53:00	1.08975	1.08983	1.08968	1.08973	106	0	12
2024.03.11	11:54:00	1.08973	1.08976	1.08959	1.08961	153	0	12
2024.03.11	11:55:00	1.08961	1.08973	1.08960	1.08971	157	0	9
2024.03.11	11:56:00	1.08971	1.08990	1.08971	1.08980	152	0	9
2024.03.11	11:57:00	1.08980	1.08995	1.08978	1.08991	51	0	10
2024.03.11	11:58:00	1.08991	1.09001	1.08990	1.09000	176	0	10
2024.03.11	11:59:00	1.09000	1.09015	1.08995	1.09013	48	0	10
2024.03.11	12:00:00	1.09013	1.09026	1.09010	1.09022	161	0	12
2024.03.11	12:01:00	1.09022	1.09047	1.09013	1.09038	116	0	11
2024.03.11	12:02:00	1.09038	1.09041	1.09011	1.09021	115	0	10
2024.03.11	12:03:00	1.09021	1.09029	1.09019	1.09022	139	0	11
2024.03.11	12:04:00	1.09022	1.09033	1.09017	1.09025	75	0	10
2024.03.11	12:05:00	1.09025	1.09057	1.09025	1.09050	122	0	10
2024.03.11	12:06:00	1.09050	1.09057	1.09040	1.09042	161	0	9
2024.03.11	12:07:00	1.09042	1.09049	1.09036	1.09048	43	0	11
2024.03.11	12:08:00	1.09048	1.09063	1.09044	1.09055	142	0	10
2024.03.11	12:09:00	1.09055	1.09057	1.09028	1.09039	80	0	11
2024.03.11	12:10:00	1.09039	1.09050	1.09039	1.09049	64	0	10
2024.03.11	12:11:00	1.09049	1.09054	1.09021	1.09025	170	0	11
2024.03.11	12:12:00	1.09025	1.09033	1.08999	1.09003	91	0	10
2024.03.11	12:13:00	1.09003	1.09016	1.09000	1.09013	10	0	11
2024.03.11	12:14:00	1.09013	1.09026	1.09013	1.09022	102	0	8
2024.03.11	12:15:00	1.09022	1.09052	1.09015	1.09049	71	0	10
2024.03.11	12:16:00	1.09049	1.09052	1.09046	1.09047	27	0	10
2024.03.11	12:17:00	1.09047	1.09079	1.09046	1.09063	139	0	9
2024.03.11	12:18:00	1.09063	1.09079	1.09055	1.09077	19	0	10
2024.03.11	12:19:00	1.09077	1.09080	1.09075	1.09075	83	0	11
2024.03.11	12:20:00	1.09075	1.09079	1.09056	1.09064	134	0	10
2024.03.11	12:21:00	1.09064	1.09082	1.09062	1.09068	109	0	10
2024.03.11	12:22:00	1.09068	1.09075	1.09064	1.09074	19	0	10
2024.03.11	12:23:00	1.09074	1.09082	1.09066	1.09074	131	0	10
2024.03.11	12:24:00	1.09074	1.09076	1.09071	1.09071	113	0	11
2024.03.11	12:25:00	1.09071	1.09092	1.09067	1.09084	19	0	11
2024.03.11	12:26:00	1.09084	1.09094	1.09084	1.09091	143	0	12
2024.03.11	12:27:00	1.09091	1.09100	1.09084	1.09086	114	0	11
2024.03.11	12:28:00	1.09086	1.09089	1.09076	1.09077	81	0	12
2024.03.11	12:29:00	1.09077	1.09087	1.09051	1.09061	176	0	10
2024.03.11	12:30:00	1.09061	1.09071	1.09057	1.09069	139	0	10
2024.03.11	12:31:00	1.09069	1.09085	1.09067	1.09075	55	0	10
2024.03.11	12:32:00	1.09075	1.09096	1.09070	1.09095	65	0	10
2024.03.11	12:33:00	1.09095	1.09115	1.09084	1.09107	70	0	8
2024.03.11	12:34:00	1.09107	1.09131	1.09103	1.09122	130	0	9
2024.03.11	12:35:00	1.09122	1.09138	1.09120	1.09138	155	0	10
2024.03.11	12:36:00	1.09138	1.09140	1.09135	1.09140	31	0	8
2024.03.11	12:37:00	1.09140	1.09150	1.09130	1.09134	46	0	8
2024.03.11	12:38:00	1.09134	1.09164	1.09132	1.09154	45	0	9
2024.03.11	12:39:00	1.09154	1.09168	1.09152	1.09160	76	0	10
2024.03.11	12:40:00	1.09160	1.09167	1.09150	1.09153	54	0	8
2024.03.11	12:41:00	1.09153	1.09158	1.09133	1.09133	12	0	10
2024.03.11	12:42:00	1.09133	1.09138	1.09122	1.09123	89	0	10
2024.03.11	12:43:00	1.09123	1.09133	1.09119	1.09120	155	0	11
2024.03.11	12:44:00	1.09120	1.09145	1.09116	1.09141	80	0	10
2024.03.11	12:45:00	1.09141	1.09147	1.09115	1.09121	97	0	9
2024.03.11	12:46:00	1.09121	1.09127	1.09109	1.09124	164	0	10
2024.03.11	12:47:00	1.09124	1.09129	1.09104	1.09113	118	0	10
2024.03.11	12:48:00	1.09113	1.09122	1.09106	1.09111	137	0	12
2024.03.11	12:49:00	1.09111	1.09131	1.09110	1.09121	12	0	10
2024.03.11	12:50:00	1.09121	1.09124	1.09105	1.09112	83	0	12
2024.03.11	12:51:00	1.09112	1.09117	1.09096	1.09105	180	0	8
2024.03.11	12:52:00	1.09105	1.09107	1.09100	1.09104	134	0	9
2024.03.11	12:53:00	1.09104	1.09132	1.09103	1.09125	93	0	11
2024.03.11	12:54:00	1.09125	1.09134	1.09114	1.09117	92	0	8
2024.03.11	12:55:00	1.09117	1.09124	1.09110	1.09121	86	0	9
2024.03.11	12:56:00	1.09121	1.09127	1.09110	1.09116	168	0	10
2024.03.11	12:57:00	1.09116	1.09135	1.09109	1.09128	124	0	10
2024.03.11	12:58:00	1.09128	1.09134	1.09109	1.09116	125	0	10
2024.03.11	12:59:00	1.09116	1.09128	1.09116	1.09123	166	0	10
2024.03.11	13:00:00	1.09123	1.09148	1.09116	1.09147	122	0	11
2024.03.11	13:01:00	1.09147	1.09147	1.09129	1.09147	172	0	12
2024.03.11	13:02:00	1.09147	1.09163	1.09144	1.09155	76	0	10
2024.03.11	13:03:00	1.09155	1.09160	1.09148	1.09153	90	0	10
2024.03.11	13:04:00	1.09153	1.09159	1.09143	1.09147	53	0	11
2024.03.11	13:05:00	1.09147	1.09152	1.09118	1.09132	155	0	10
2024.03.11	13:06:00	1.09132	1.09134	1.09126	1.09131	135	0	8
2024.03.11	13:07:00	1.09131	1.09144	1.09130	1.09138	89	0	10
2024.03.11	13:08:00	1.09138	1.09144	1.09122	1.09143	49	0	10
2024.03.11	13:09:00	1.09143	1.09144	1.09118	1.09132	171	0	11
2024.03.11	13:10:00	1.09132	1.09132	1.09121	1.09128	172	0	11
2024.03.11	13:11:00	1.09128	1.09153	1.09127	1.09152	79	0	10
2024.03.11	13:12:00	1.09152	1.09156	1.09132	1.09139	155	0	9
2024.03.11	13:13:00	1.09139	1.09140	1.09121	1.09122	82	0	10
2024.03.11	13:14:00	1.09122	1.09128	1.09102	1.09109	21	0	9
2024.03.11	13:15:00	1.09109	1.09110	1.09087	1.09087	91	0	8
2024.03.11	13:16:00	1.09087	1.09090	1.09084	1.09088	172	0	11
2024.03.11	13:17:00	1.09088	1.09099	1.09080	1.09095	110	0	10
2024.03.11	13:18:00	1.09095	1.09102	1.09095	1.09099	29	0	12
2024.03.11	13:19:00	1.09099	1.09114	1.09094	1.09112	158	0	10
2024.03.11	13:20:00	1.09112	1.09117	1.09103	1.09109	166	0	9
2024.03.11	13:21:00	1.09109	1.09111	1.09109	1.09111	11	0	10
2024.03.11	13:22:00	1.09111	1.09123	1.09103	1.09108	123	0	8
2024.03.11	13:23:00	1.09108	1.09111	1.09105	1.09109	123	0	12
2024.03.11	13:24:00	1.09109	1.09113	1.09099	1.09100	82	0	8
2024.03.11	13:25:00	1.09100	1.09104	1.09069	1.09072	35	0	8
2024.03.11	13:26:00	1.09072	1.09097	1.09067	1.09094	38	0	9
2024.03.11	13:27:00	1.09094	1.09100	1.09091	1.09100	45	0	11
2024.03.11	13:28:00	1.09100	1.09126	1.09088	1.09120	152	0	9
2024.03.11	13:29:00	1.09120	1.09133	1.09116	1.09126	43	0	10
2024.03.11	13:30:00	1.09126	1.09131	1.09122	1.09129	168	0	12
2024.03.11	13:31:00	1.09129	1.09132	1.09106	1.09120	16	0	9
2024.03.11	13:32:00	1.09120	1.09161	1.09112	1.09155	159	0	11
2024.03.11	13:33:00	1.09155	1.09156	1.09137	1.09145	125	0	8
2024.03.11	13:34:00	1.09145	1.09153	1.09128	1.09132	9	0	9
2024.03.11	13:35:00	1.09132	1.09135	1.09110	1.09114	13	0	12
2024.03.11	13:36:00	1.09114	1.09116	1.09098	1.09108	47	0	10
2024.03.11	13:37:00	1.09108	1.09114	1.09098	1.09101	171	0	10
2024.03.11	13:38:00	1.09101	1.09116	1.09100	1.09108	29	0	12
2024.03.11	13:39:00	1.09108	1.09117	1.09102	1.09105	173	0	12
2024.03.11	13:40:00	1.09105	1.09129	1.09104	1.09126	153	0	11
2024.03.11	13:41:00	1.09126	1.09142	1.09125	1.09128	179	0	11
2024.03.11	13:42:00	1.09128	1.09128	1.09092	1.09101	102	0	10
2024.03.11	13:43:00	1.09101	1.09116	1.09095	1.09109	124	0	11
2024.03.11	13:44:00	1.09109	1.09110	1.09108	1.09108	118	0	10
2024.03.11	13:45:00	1.09108	1.09116	1.09106	1.09109	104	0	10
2024.03.11	13:46:00	1.09109	1.09113	1.09099	1.09100	75	0	8
2024.03.11	13:47:00	1.09100	1.09102	1.09084	1.09093	36	0	10
2024.03.11	13:48:00	1.09093	1.09116	1.09085	1.09112	15	0	8
2024.03.11	13:49:00	1.09112	1.09122	1.09106	1.09116	116	0	12
2024.03.11	13:50:00	1.09116	1.09130	1.09112	1.09125	69	0	11
2024.03.11	13:51:00	1.09125	1.09126	1.09111	1.09117	36	0	8
2024.03.11	13:52:00	1.09117	1.09121	1.09111	1.09119	29	0	12
2024.03.11	13:53:00	1.09119	1.09136	1.09113	1.09120	65	0	10
2024.03.11	13:54:00	1.09120	1.09135	1.09107	1.09113	162	0	10
2024.03.11	13:55:00	1.09113	1.09122	1.09110	1.09114	10	0	8
2024.03.11	13:56:00	1.09114	1.09120	1.09090	1.09105	119	0	9
2024.03.11	13:57:00	1.09105	1.09134	1.09105	1.09132	129	0	11
2024.03.11	13:58:00	1.09132	1.09156	1.09118	1.09154	24	0	8
2024.03.11	13:59:00	1.09154	1.09160	1.09134	1.09137	139	0	10
2024.03.11	14:00:00	1.09137	1.09147	1.09133	1.09142	89	0	8
2024.03.11	14:01:00	1.09142	1.09171	1.09130	1.09158	56	0	11
2024.03.11	14:02:00	1.09158	1.09160	1.09141	1.09142	89	0	10
2024.03.11	14:03:00	1.09142	1.09151	1.09131	1.09148	106	0	8
2024.03.11	14:04:00	1.09148	1.09167	1.09142	1.09162	138	0	12
2024.03.11	14:05:00	1.09162	1.09173	1.09160	1.09171	104	0	12
2024.03.11	14:06:00	1.09171	1.09171	1.09165	1.09166	103	0	8
2024.03.11	14:07:00	1.09166	1.09170	1.09165	1.09169	51	0	9
2024.03.11	14:08:00	1.09169	1.09170	1.09147	1.09159	118	0	9
2024.03.11	14:09:00	1.09159	1.09180	1.09154	1.09177	93	0	8
2024.03.11	14:10:00	1.09177	1.09185	1.09161	1.09172	9	0	8
2024.03.11	14:11:00	1.09172	1.09174	1.09152	1.09153	26	0	9
2024.03.11	14:12:00	1.09153	1.09174	1.09151	1.09161	176	0	10
2024.03.11	14:13:00	1.09161	1.09163	1.09157	1.09162	107	0	10
2024.03.11	14:14:00	1.09162	1.09164	1.09151	1.09155	66	0	9
2024.03.11	14:15:00	1.09155	1.09167	1.09152	1.09159	162	0	11
2024.03.11	14:16:00	1.09159	1.09162	1.09128	1.09140	171	0	10
2024.03.11	14:17:00	1.09140	1.09141	1.09117	1.09122	137	0	10
2024.03.11	14:18:00	1.09122	1.09127	1.09105	1.09108	87	0	9
2024.03.11	14:19:00	1.09108	1.09109	1.09105	1.09107	15	0	9
2024.03.11	14:20:00	1.09107	1.09126	1.09106	1.09120	68	0	10
2024.03.11	14:21:00	1.09120	1.09124	1.09117	1.09118	139	0	10
2024.03.11	14:22:00	1.09118	1.09129	1.09109	1.09121	64	0	10
2024.03.11	14:23:00	1.09121	1.09125	1.09100	1.09107	150	0	10
2024.03.11	14:24:00	1.09107	1.09112	1.09082	1.09086	91	0	10
2024.03.11	14:25:00	1.09086	1.09089	1.09085	1.09086	176	0	9
2024.03.11	14:26:00	1.09086	1.09094	1.09069	1.09077	125	0	12
2024.03.11	14:27:00	1.09077	1.09096	1.09074	1.09084	166	0	9
2024.03.11	14:28:00	1.09084	1.09089	1.09071	1.09074	96	0	12
2024.03.11	14:29:00	1.09074	1.09078	1.09053	1.09059	65	0	12
2024.03.11	14:30:00	1.09059	1.09060	1.09049	1.09054	171	0	10
2024.03.11	14:31:00	1.09054	1.09071	1.09045	1.09069	81	0	10
2024.03.11	14:32:00	1.09069	1.09070	1.09057	1.09061	137	0	10
2024.03.11	14:33:00	1.09061	1.09066	1.09028	1.09037	119	0	8
2024.03.11	14:34:00	1.09037	1.09054	1.09032	1.09048	79	0	10
2024.03.11	14:35:00	1.09048	1.09057	1.09043	1.09052	72	0	8
2024.03.11	14:36:00	1.09052	1.09065	1.09050	1.09062	25	0	10
2024.03.11	14:37:00	1.09062	1.09071	1.09053	1.09067	144	0	8
2024.03.11	14:38:00	1.09067	1.09074	1.09061	1.09063	120	0	12
2024.03.11	14:39:00	1.09063	1.09078	1.09052	1.09069	67	0	9
2024.03.11	14:40:00	1.09069	1.09092	1.09067	1.09083	46	0	10
2024.03.11	14:41:00	1.09083	1.09093	1.09068	1.09074	27	0	10
2024.03.11	14:42:00	1.09074	1.09096	1.09072	1.09092	85	0	9
2024.03.11	14:43:00	1.09092	1.09104	1.09079	1.09084	118	0	10
2024.03.11	14:44:00	1.09084	1.09092	1.09084	1.09085	178	0	10
2024.03.11	14:45:00	1.09085	1.09093	1.09075	1.09091	56	0	9
2024.03.11	14:46:00	1.09091	1.09101	1.09088	1.09096	62	0	9
2024.03.11	14:47:00	1.09096	1.09097	1.09093	1.09094	44	0	12
2024.03.11	14:48:00	1.09094	1.09103	1.09090	1.09092	145	0	11
2024.03.11	14:49:00	1.09092	1.09105	1.09083	1.09096	139	0	9
2024.03.11	14:50:00	1.09096	1.09106	1.09081	1.09101	72	0	11
2024.03.11	14:51:00	1.09101	1.09108	1.09093	1.09102	29	0	8
2024.03.11	14:52:00	1.09102	1.09114	1.09101	1.09106	29	0	12
2024.03.11	14:53:00	1.09106	1.09111	1.09101	1.09104	107	0	9
2024.03.11	14:54:00	1.09104	1.09108	1.09097	1.09098	131	0	11
2024.03.11	14:55:00	1.09098	1.09115	1.09098	1.09113	54	0	11
2024.03.11	14:56:00	1.09113	1.09115	1.09104	1.09109	132	0	9
2024.03.11	14:57:00	1.09109	1.09111	1.09096	1.09098	158	0	8
2024.03.11	14:58:00	1.09098	1.09104	1.09095	1.09101	10	0	10
2024.03.11	14:59:00	1.09101	1.09122	1.09100	1.09121	74	0	12
2024.03.11	15:00:00	1.09121	1.09130	1.09092	1.09104	123	0	8
2024.03.11	15:01:00	1.09104	1.09117	1.09098	1.09115	93	0	12
2024.03.11	15:02:00	1.09115	1.09117	1.09106	1.09107	41	0	10
2024.03.11	15:03:00	1.09107	1.09113	1.09083	1.09084	174	0	8
2024.03.11	15:04:00	1.09084	1.09087	1.09071	1.09074	170	0	10
2024.03.11	15:05:00	1.09074	1.09086	1.09070	1.09075	49	0	10
2024.03.11	15:06:00	1.09075	1.09093	1.09074	1.09085	34	0	10
2024.03.11	15:07:00	1.09085	1.09097	1.09078	1.09088	71	0	9
2024.03.11	15:08:00	1.09088	1.09109	1.09085	1.09108	161	0	8
2024.03.11	15:09:00	1.09108	1.09120	1.09101	1.09118	107	0	9
2024.03.11	15:10:00	1.09118	1.09141	1.09117	1.09127	161	0	12
2024.03.11	15:11:00	1.09127	1.09139	1.09117	1.09138	108	0	12
2024.03.11	15:12:00	1.09138	1.09149	1.09129	1.09146	105	0	10
2024.03.11	15:13:00	1.09146	1.09149	1.09144	1.09149	115	0	10
2024.03.11	15:14:00	1.09149	1.09150	1.09143	1.09146	104	0	10
2024.03.11	15:15:00	1.09146	1.09149	1.09129	1.09134	20	0	9
2024.03.11	15:16:00	1.09134	1.09137	1.09112	1.09115	106	0	11
2024.03.11	15:17:00	1.09115	1.09120	1.09102	1.09104	19	0	10
2024.03.11	15:18:00	1.09104	1.09107	1.09101	1.09104	57	0	8
2024.03.11	15:19:00	1.09104	1.09108	1.09085	1.09086	11	0	9
2024.03.11	15:20:00	1.09086	1.09092	1.09082	1.09089	159	0	10
2024.03.11	15:21:00	1.09089	1.09097	1.09072	1.09092	125	0	12
2024.03.11	15:22:00	1.09092	1.09096	1.09085	1.09090	151	0	11
2024.03.11	15:23:00	1.09090	1.09094	1.09084	1.09088	116	0	9
2024.03.11	15:24:00	1.09088	1.09096	1.09087	1.09095	57	0	10
2024.03.11	15:25:00	1.09095	1.09102	1.09091	1.09093	141	0	8
2024.03.11	15:26:00	1.09093	1.09104	1.09087	1.09102	149	0	10
2024.03.11	15:27:00	1.09102	1.09108	1.09092	1.09095	176	0	12
2024.03.11	15:28:00	1.09095	1.09101	1.09092	1.09099	26	0	10
2024.03.11	15:29:00	1.09099	1.09120	1.09085	1.09116	175	0	9
2024.03.11	15:30:00	1.09116	1.09121	1.09105	1.09105	163	0	9
2024.03.11	15:31:00	1.09105	1.09120	1.09095	1.09116	96	0	9
2024.03.11	15:32:00	1.09116	1.09118	1.09095	1.09097	162	0	12
2024.03.11	15:33:00	1.09097	1.09120	1.09091	1.09120	115	0	11
2024.03.11	15:34:00	1.09120	1.09132	1.09120	1.09129	32	0	10
2024.03.11	15:35:00	1.09129	1.09147	1.09119	1.09144	166	0	8
2024.03.11	15:36:00	1.09144	1.09155	1.09139	1.09148	20	0	8
2024.03.11	15:37:00	1.09148	1.09148	1.09130	1.09141	110	0	10
2024.03.11	15:38:00	1.09141	1.09145	1.09130	1.09130	119	0	10
2024.03.11	15:39:00	1.09130	1.09130	1.09107	1.09115	101	0	9
2024.03.11	15:40:00	1.09115	1.09125	1.09111	1.09118	31	0	10
2024.03.11	15:41:00	1.09118	1.09119	1.09097	1.09106	166	0	9
2024.03.11	15:42:00	1.09106	1.09107	1.09084	1.09088	70	0	10
2024.03.11	15:43:00	1.09088	1.09092	1.09072	1.09077	133	0	8
2024.03.11	15:44:00	1.09077	1.09081	1.09071	1.09072	92	0	12
2024.03.11	15:45:00	1.09072	1.09074	1.09064	1.09065	20	0	12
2024.03.11	15:46:00	1.09065	1.09066	1.09061	1.09066	107	0	10
2024.03.11	15:47:00	1.09066	1.09080	1.09056	1.09075	175	0	12
2024.03.11	15:48:00	1.09075	1.09078	1.09061	1.09066	63	0	12
2024.03.11	15:49:00	1.09066	1.09068	1.09045	1.09055	26	0	12
2024.03.11	15:50:00	1.09055	1.09072	1.09051	1.09067	99	0	8
2024.03.11	15:51:00	1.09067	1.09073	1.09056	1.09061	139	0	10
2024.03.11	15:52:00	1.09061	1.09072	1.09057	1.09066	157	0	12
2024.03.11	15:53:00	1.09066	1.09104	1.09063	1.09103	133	0	10
2024.03.11	15:54:00	1.09103	1.09115	1.09098	1.09099	82	0	10
2024.03.11	15:55:00	1.09099	1.09100	1.09095	1.09099	91	0	9
2024.03.11	15:56:00	1.09099	1.09110	1.09094	1.09103	129	0	8
2024.03.11	15:57:00	1.09103	1.09106	1.09101	1.09104	142	0	9
2024.03.11	15:58:00	1.09104	1.09106	1.09092	1.09099	63	0	10
2024.03.11	15:59:00	1.09099	1.09107	1.09095	1.09103	179	0	10
2024.03.11	16:00:00	1.09103	1.09124	1.09097	1.09122	70	0	9
2024.03.11	16:01:00	1.09122	1.09126	1.09121	1.09126	40	0	10
2024.03.11	16:02:00	1.09126	1.09128	1.09118	1.09119	85	0	8
2024.03.11	16:03:00	1.09119	1.09123	1.09105	1.09112	172	0	12
2024.03.11	16:04:00	1.09112	1.09114	1.09079	1.09080	49	0	11
2024.03.11	16:05:00	1.09080	1.09082	1.09066	1.09070	139	0	11
2024.03.11	16:06:00	1.09070	1.09071	1.09067	1.09068	31	0	9
2024.03.11	16:07:00	1.09068	1.09071	1.09042	1.09044	113	0	11
2024.03.11	16:08:00	1.09044	1.09049	1.09029	1.09033	13	0	9
2024.03.11	16:09:00	1.09033	1.09089	1.09026	1.09073	75	0	12
2024.03.11	16:10:00	1.09073	1.09073	1.09050	1.09051	59	0	10
2024.03.11	16:11:00	1.09051	1.09062	1.09038	1.09040	168	0	10
2024.03.11	16:12:00	1.09040	1.09053	1.09040	1.09049	38	0	8
2024.03.11	16:13:00	1.09049	1.09068	1.09043	1.09057	141	0	9
2024.03.11	16:14:00	1.09057	1.09060	1.09051	1.09059	24	0	12
2024.03.11	16:15:00	1.09059	1.09080	1.09049	1.09078	119	0	8
2024.03.11	16:16:00	1.09078	1.09085	1.09076	1.09077	165	0	10
2024.03.11	16:17:00	1.09077	1.09095	1.09075	1.09089	132	0	9
2024.03.11	16:18:00	1.09089	1.09097	1.09053	1.09071	180	0	10
2024.03.11	16:19:00	1.09071	1.09073	1.09044	1.09047	159	0	12
2024.03.11	16:20:00	1.09047	1.09054	1.09042	1.09051	89	0	10
2024.03.11	16:21:00	1.09051	1.09059	1.09047	1.09049	113	0	9
2024.03.11	16:22:00	1.09049	1.09062	1.09041	1.09057	58	0	9
2024.03.11	16:23:00	1.09057	1.09060	1.09031	1.09036	84	0	12
2024.03.11	16:24:00	1.09036	1.09043	1.09027	1.09042	160	0	10
2024.03.11	16:25:00	1.09042	1.09043	1.09024	1.09038	151	0	9
2024.03.11	16:26:00	1.09038	1.09051	1.09038	1.09048	108	0	10
2024.03.11	16:27:00	1.09048	1.09064	1.09003	1.09016	166	0	11
2024.03.11	16:28:00	1.09016	1.09020	1.09004	1.09013	144	0	10
2024.03.11	16:29:00	1.09013	1.09041	1.09013	1.09029	144	0	8
2024.03.11	16:30:00	1.09029	1.09031	1.09019	1.09025	70	0	12
2024.03.11	16:31:00	1.09025	1.09051	1.09020	1.09049	91	0	10
2024.03.11	16:32:00	1.09049	1.09050	1.09030	1.09042	9	0	10
2024.03.11	16:33:00	1.09042	1.09049	1.09020	1.09021	153	0	11
2024.03.11	16:34:00	1.09021	1.09052	1.09020	1.09050	60	0	10
2024.03.11	16:35:00	1.09050	1.09059	1.09028	1.09038	155	0	9
2024.03.11	16:36:00	1.09038	1.09043	1.09036	1.09037	67	0	12
2024.03.11	16:37:00	1.09037	1.09046	1.09033	1.09044	124	0	11
2024.03.11	16:38:00	1.09044	1.09048	1.09012	1.09017	162	0	11
2024.03.11	16:39:00	1.09017	1.09024	1.09017	1.09020	9	0	10
2024.03.11	16:40:00	1.09020	1.09029	1.09005	1.09006	130	0	10
2024.03.11	16:41:00	1.09006	1.09013	1.08994	1.09005	12	0	11
2024.03.11	16:42:00	1.09005	1.09008	1.09001	1.09005	157	0	8
2024.03.11	16:43:00	1.09005	1.09007	1.08991	1.09002	162	0	9
2024.03.11	16:44:00	1.09002	1.09005	1.08993	1.09000	149	0	9
2024.03.11	16:45:00	1.09000	1.09005	1.08985	1.08994	67	0	10
2024.03.11	16:46:00	1.08994	1.09002	1.08993	1.09000	96	0	10
2024.03.11	16:47:00	1.09000	1.09003	1.08995	1.08998	105	0	8
2024.03.11	16:48:00	1.08998	1.09006	1.08989	1.09006	129	0	12
2024.03.11	16:49:00	1.09006	1.09012	1.08984	1.08991	125	0	8
2024.03.11	16:50:00	1.08991	1.08992	1.08982	1.08983	46	0	10
2024.03.11	16:51:00	1.08983	1.08990	1.08973	1.08977	91	0	8
2024.03.11	16:52:00	1.08977	1.08989	1.08972	1.08973	80	0	8
2024.03.11	16:53:00	1.08973	1.08974	1.08954	1.08964	8	0	8
2024.03.11	16:54:00	1.08964	1.08971	1.08961	1.08970	50	0	11
2024.03.11	16:55:00	1.08970	1.08971	1.08964	1.08970	146	0	11
2024.03.11	16:56:00	1.08970	1.08987	1.08970	1.08985	43	0	8
2024.03.11	16:57:00	1.08985	1.08991	1.08974	1.08982	100	0	10
2024.03.11	16:58:00	1.08982	1.08996	1.08981	1.08995	99	0	10
2024.03.11	16:59:00	1.08995	1.09000	1.08978	1.08985	143	0	9
2024.03.11	17:00:00	1.08985	1.08990	1.08975	1.08978	40	0	10
2024.03.11	17:01:00	1.08978	1.09017	1.08974	1.09004	26	0	11
2024.03.11	17:02:00	1.09004	1.09027	1.09003	1.09011	74	0	10
2024.03.11	17:03:00	1.09011	1.09016	1.09009	1.09011	125	0	9
2024.03.11	17:04:00	1.09011	1.09021	1.09001	1.09017	29	0	12
2024.03.11	17:05:00	1.09017	1.09019	1.08999	1.09004	40	0	8
2024.03.11	17:06:00	1.09004	1.09020	1.08989	1.08997	122	0	10
2024.03.11	17:07:00	1.08997	1.09003	1.08993	1.08993	178	0	12
2024.03.11	17:08:00	1.08993	1.08999	1.08973	1.08975	33	0	9
2024.03.11	17:09:00	1.08975	1.08987	1.08955	1.08965	96	0	12
2024.03.11	17:10:00	1.08965	1.08977	1.08961	1.08963	179	0	9
2024.03.11	17:11:00	1.08963	1.08971	1.08938	1.08938	90	0	11
2024.03.11	17:12:00	1.08938	1.08943	1.08929	1.08929	48	0	12
2024.03.11	17:13:00	1.08929	1.08931	1.08922	1.08923	170	0	9
2024.03.11	17:14:00	1.08923	1.08925	1.08901	1.08904	151	0	10
2024.03.11	17:15:00	1.08904	1.08920	1.08901	1.08913	106	0	11
2024.03.11	17:16:00	1.08913	1.08918	1.08912	1.08917	175	0	10
2024.03.11	17:17:00	1.08917	1.08920	1.08906	1.08909	88	0	8
2024.03.11	17:18:00	1.08909	1.08923	1.08898	1.08914	112	0	9
2024.03.11	17:19:00	1.08914	1.08919	1.08900	1.08907	96	0	12
2024.03.11	17:20:00	1.08907	1.08914	1.08904	1.08909	12	0	9
2024.03.11	17:21:00	1.08909	1.08919	1.08906	1.08915	139	0	8
2024.03.11	17:22:00	1.08915	1.08919	1.08891	1.08902	165	0	9
2024.03.11	17:23:00	1.08902	1.08903	1.08884	1.08892	86	0	8
2024.03.11	17:24:00	1.08892	1.08894	1.08882	1.08883	125	0	9
2024.03.11	17:25:00	1.08883	1.08886	1.08863	1.08868	82	0	9
2024.03.11	17:26:00	1.08868	1.08880	1.08856	1.08868	53	0	9
2024.03.11	17:27:00	1.08868	1.08873	1.08858	1.08872	61	0	11
2024.03.11	17:28:00	1.08872	1.08873	1.08859	1.08866	134	0	12
2024.03.11	17:29:00	1.08866	1.08880	1.08865	1.08873	60	0	11
2024.03.11	17:30:00	1.08873	1.08882	1.08851	1.08854	32	0	10
2024.03.11	17:31:00	1.08854	1.08866	1.08847	1.08858	165	0	8
2024.03.11	17:32:00	1.08858	1.08868	1.08849	1.08853	151	0	9
2024.03.11	17:33:00	1.08853	1.08862	1.08840	1.08860	32	0	8
2024.03.11	17:34:00	1.08860	1.08871	1.08853	1.08863	153	0	9
2024.03.11	17:35:00	1.08863	1.08880	1.08853	1.08874	49	0	11
2024.03.11	17:36:00	1.08874	1.08881	1.08871	1.08877	36	0	10
2024.03.11	17:37:00	1.08877	1.08884	1.08866	1.08868	129	0	11
2024.03.11	17:38:00	1.08868	1.08875	1.08857	1.08874	115	0	11
2024.03.11	17:39:00	1.08874	1.08891	1.08871	1.08887	61	0	11
2024.03.11	17:40:00	1.08887	1.08888	1.08883	1.08888	71	0	9
2024.03.11	17:41:00	1.08888	1.08904	1.08884	1.08902	27	0	11
2024.03.11	17:42:00	1.08902	1.08905	1.08895	1.08898	55	0	9
2024.03.11	17:43:00	1.08898	1.08901	1.08883	1.08888	61	0	8
2024.03.11	17:44:00	1.08888	1.08890	1.08879	1.08884	17	0	9
2024.03.11	17:45:00	1.08884	1.08891	1.08868	1.08881	92	0	9
2024.03.11	17:46:00	1.08881	1.08891	1.08869	1.08875	144	0	8
2024.03.11	17:47:00	1.08875	1.08892	1.08864	1.08888	165	0	10
2024.03.11	17:48:00	1.08888	1.08889	1.08867	1.08876	48	0	12
2024.03.11	17:49:00	1.08876	1.08883	1.08875	1.08879	91	0	9
2024.03.11	17:50:00	1.08879	1.08898	1.08879	1.08891	75	0	10
2024.03.11	17:51:00	1.08891	1.08897	1.08882	1.08886	78	0	12
2024.03.11	17:52:00	1.08886	1.08887	1.08883	1.08885	159	0	8
2024.03.11	17:53:00	1.08885	1.08900	1.08876	1.08899	108	0	9
2024.03.11	17:54:00	1.08899	1.08903	1.08893	1.08897	77	0	9
2024.03.11	17:55:00	1.08897	1.08912	1.08894	1.08912	55	0	11
2024.03.11	17:56:00	1.08912	1.08926	1.08905	1.08920	68	0	10
2024.03.11	17:57:00	1.08920	1.08924	1.08906	1.08918	80	0	8
2024.03.11	17:58:00	1.08918	1.08920	1.08907	1.08909	62	0	11
2024.03.11	17:59:00	1.08909	1.08930	1.08908	1.08929	62	0	12
2024.03.11	18:00:00	1.08929	1.08932	1.08914	1.08920	60	0	8
2024.03.11	18:01:00	1.08920	1.08920	1.08912	1.08913	54	0	11
2024.03.11	18:02:00	1.08913	1.08923	1.08913	1.08916	83	0	11
2024.03.11	18:03:00	1.08916	1.08922	1.08895	1.08900	13	0	8
2024.03.11	18:04:00	1.08900	1.08902	1.08892	1.08896	75	0	12
2024.03.11	18:05:00	1.08896	1.08914	1.08888	1.08905	20	0	12
2024.03.11	18:06:00	1.08905	1.08916	1.08903	1.08908	116	0	8
2024.03.11	18:07:00	1.08908	1.08912	1.08892	1.08894	38	0	9
2024.03.11	18:08:00	1.08894	1.08906	1.08892	1.08892	90	0	10
2024.03.11	18:09:00	1.08892	1.08915	1.08884	1.08897	162	0	8
2024.03.11	18:10:00	1.08897	1.08928	1.08896	1.08924	52	0	10
2024.03.11	18:11:00	1.08924	1.08927	1.08914	1.08915	134	0	11
2024.03.11	18:12:00	1.08915	1.08929	1.08907	1.08927	132	0	9
2024.03.11	18:13:00	1.08927	1.08929	1.08925	1.08926	20	0	8
2024.03.11	18:14:00	1.08926	1.08930	1.08917	1.08919	159	0	11
2024.03.11	18:15:00	1.08919	1.08922	1.08919	1.08921	115	0	12
2024.03.11	18:16:00	1.08921	1.08930	1.08912	1.08915	152	0	9
2024.03.11	18:17:00	1.08915	1.08936	1.08906	1.08932	146	0	9
2024.03.11	18:18:00	1.08932	1.08932	1.08914	1.08917	40	0	11
2024.03.11	18:19:00	1.08917	1.08918	1.08896	1.08903	93	0	10
2024.03.11	18:20:00	1.08903	1.08912	1.08899	1.08903	117	0	8
2024.03.11	18:21:00	1.08903	1.08904	1.08887	1.08896	27	0	8
2024.03.11	18:22:00	1.08896	1.08898	1.08873	1.08883	176	0	11
2024.03.11	18:23:00	1.08883	1.08898	1.08881	1.08895	112	0	8
2024.03.11	18:24:00	1.08895	1.08903	1.08886	1.08887	43	0	11
2024.03.11	18:25:00	1.08887	1.08895	1.08885	1.08891	175	0	8
2024.03.11	18:26:00	1.08891	1.08892	1.08885	1.08887	125	0	11
2024.03.11	18:27:00	1.08887	1.08888	1.08881	1.08886	156	0	9
2024.03.11	18:28:00	1.08886	1.08900	1.08884	1.08895	120	0	9
2024.03.11	18:29:00	1.08895	1.08905	1.08866	1.08869	179	0	8
2024.03.11	18:30:00	1.08869	1.08893	1.08865	1.08882	71	0	11
2024.03.11	18:31:00	1.08882	1.08887	1.08864	1.08873	35	0	11
2024.03.11	18:32:00	1.08873	1.08880	1.08862	1.08866	89	0	11
2024.03.11	18:33:00	1.08866	1.08870	1.08858	1.08860	28	0	10
2024.03.11	18:34:00	1.08860	1.08866	1.08835	1.08839	20	0	10
2024.03.11	18:35:00	1.08839	1.08845	1.08825	1.08827	147	0	10
2024.03.11	18:36:00	1.08827	1.08844	1.08819	1.08842	125	0	10
2024.03.11	18:37:00	1.08842	1.08846	1.08838	1.08842	175	0	8
2024.03.11	18:38:00	1.08842	1.08851	1.08824	1.08829	67	0	10
2024.03.11	18:39:00	1.08829	1.08831	1.08804	1.08808	88	0	10
2024.03.11	18:40:00	1.08808	1.08811	1.08802	1.08811	159	0	8
2024.03.11	18:41:00	1.08811	1.08836	1.08804	1.08822	70	0	8
2024.03.11	18:42:00	1.08822	1.08834	1.08822	1.08826	140	0	9
2024.03.11	18:43:00	1.08826	1.08835	1.08786	1.08796	28	0	12
2024.03.11	18:44:00	1.08796	1.08816	1.08792	1.08809	105	0	11
2024.03.11	18:45:00	1.08809	1.08827	1.08808	1.08814	131	0	9
2024.03.11	18:46:00	1.08814	1.08837	1.08811	1.08829	99	0	11
2024.03.11	18:47:00	1.08829	1.08834	1.08829	1.08832	70	0	10
2024.03.11	18:48:00	1.08832	1.08836	1.08824	1.08825	167	0	8
2024.03.11	18:49:00	1.08825	1.08826	1.08806	1.08811	24	0	9
2024.03.11	18:50:00	1.08811	1.08821	1.08804	1.08815	168	0	11
2024.03.11	18:51:00	1.08815	1.08816	1.08801	1.08804	118	0	8
2024.03.11	18:52:00	1.08804	1.08816	1.08800	1.08816	177	0	10
2024.03.11	18:53:00	1.08816	1.08825	1.08804	1.08820	151	0	9
2024.03.11	18:54:00	1.08820	1.08825	1.08806	1.08814	26	0	9
2024.03.11	18:55:00	1.08814	1.08815	1.08802	1.08805	174	0	9
2024.03.11	18:56:00	1.08805	1.08810	1.08803	1.08806	152	0	10
2024.03.11	18:57:00	1.08806	1.08811	1.08801	1.08808	132	0	11
2024.03.11	18:58:00	1.08808	1.08811	1.08784	1.08791	159	0	9
2024.03.11	18:59:00	1.08791	1.08799	1.08786	1.08788	25	0	8
2024.03.11	19:00:00	1.08788	1.08792	1.08769	1.08776	100	0	9
2024.03.11	19:01:00	1.08776	1.08779	1.08766	1.08768	39	0	10
2024.03.11	19:02:00	1.08768	1.08783	1.08764	1.08781	107	0	10
2024.03.11	19:03:00	1.08781	1.08790	1.08770	1.08774	109	0	11
2024.03.11	19:04:00	1.08774	1.08786	1.08761	1.08766	85	0	12
2024.03.11	19:05:00	1.08766	1.08770	1.08744	1.08748	53	0	12
2024.03.11	19:06:00	1.08748	1.08761	1.08736	1.08757	129	0	12
2024.03.11	19:07:00	1.08757	1.08762	1.08749	1.08755	15	0	10
2024.03.11	19:08:00	1.08755	1.08766	1.08754	1.08765	144	0	11
2024.03.11	19:09:00	1.08765	1.08773	1.08731	1.08734	97	0	8
2024.03.11	19:10:00	1.08734	1.08747	1.08729	1.08741	93	0	10
2024.03.11	19:11:00	1.08741	1.08747	1.08740	1.08747	159	0	12
2024.03.11	19:12:00	1.08747	1.08757	1.08726	1.08733	152	0	11
2024.03.11	19:13:00	1.08733	1.08741	1.08708	1.08717	51	0	12
2024.03.11	19:14:00	1.08717	1.08731	1.08714	1.08721	165	0	12
2024.03.11	19:15:00	1.08721	1.08727	1.08708	1.08718	107	0	11
2024.03.11	19:16:00	1.08718	1.08725	1.08713	1.08724	22	0	10
2024.03.11	19:17:00	1.08724	1.08739	1.08723	1.08737	135	0	12
2024.03.11	19:18:00	1.08737	1.08742	1.08726	1.08732	174	0	11
2024.03.11	19:19:00	1.08732	1.08745	1.08724	1.08739	78	0	10
2024.03.11	19:20:00	1.08739	1.08753	1.08727	1.08746	168	0	10
2024.03.11	19:21:00	1.08746	1.08754	1.08728	1.08732	72	0	10
2024.03.11	19:22:00	1.08732	1.08744	1.08716	1.08717	34	0	12
2024.03.11	19:23:00	1.08717	1.08723	1.08712	1.08717	10	0	9
2024.03.11	19:24:00	1.08717	1.08727	1.08714	1.08726	31	0	11
2024.03.11	19:25:00	1.08726	1.08736	1.08715	1.08731	99	0	12
2024.03.11	19:26:00	1.08731	1.08742	1.08723	1.08736	124	0	10
2024.03.11	19:27:00	1.08736	1.08747	1.08726	1.08742	167	0	12
2024.03.11	19:28:00	1.08742	1.08751	1.08711	1.08719	142	0	9
2024.03.11	19:29:00	1.08719	1.08722	1.08715	1.08720	101	0	9
2024.03.11	19:30:00	1.08720	1.08728	1.08701	1.08715	160	0	12
2024.03.11	19:31:00	1.08715	1.08725	1.08692	1.08692	130	0	12
2024.03.11	19:32:00	1.08692	1.08694	1.08688	1.08690	133	0	10
2024.03.11	19:33:00	1.08690	1.08697	1.08689	1.08696	56	0	8
2024.03.11	19:34:00	1.08696	1.08717	1.08689	1.08714	158	0	8
2024.03.11	19:35:00	1.08714	1.08718	1.08707	1.08707	64	0	12
2024.03.11	19:36:00	1.08707	1.08709	1.08688	1.08698	127	0	10
2024.03.11	19:37:00	1.08698	1.08709	1.08678	1.08682	45	0	9
2024.03.11	19:38:00	1.08682	1.08685	1.08667	1.08677	106	0	12
2024.03.11	19:39:00	1.08677	1.08698	1.08672	1.08698	149	0	9
2024.03.11	19:40:00	1.08698	1.08719	1.08697	1.08704	63	0	10
2024.03.11	19:41:00	1.08704	1.08708	1.08677	1.08687	136	0	10
2024.03.11	19:42:00	1.08687	1.08691	1.08676	1.08682	30	0	10
2024.03.11	19:43:00	1.08682	1.08694	1.08681	1.08692	64	0	8
2024.03.11	19:44:00	1.08692	1.08693	1.08685	1.08690	33	0	8
2024.03.11	19:45:00	1.08690	1.08690	1.08653	1.08655	66	0	10
2024.03.11	19:46:00	1.08655	1.08662	1.08643	1.08644	117	0	8
2024.03.11	19:47:00	1.08644	1.08650	1.08627	1.08631	156	0	11
2024.03.11	19:48:00	1.08631	1.08642	1.08627	1.08633	164	0	12
2024.03.11	19:49:00	1.08633	1.08649	1.08626	1.08632	139	0	9
2024.03.11	19:50:00	1.08632	1.08634	1.08607	1.08613	108	0	10
2024.03.11	19:51:00	1.08613	1.08630	1.08609	1.08624	165	0	10
2024.03.11	19:52:00	1.08624	1.08625	1.08611	1.08625	48	0	10
2024.03.11	19:53:00	1.08625	1.08627	1.08614	1.08615	9	0	10
2024.03.11	19:54:00	1.08615	1.08638	1.08615	1.08632	159	0	10
2024.03.11	19:55:00	1.08632	1.08638	1.08626	1.08635	115	0	11
2024.03.11	19:56:00	1.08635	1.08651	1.08620	1.08628	101	0	11
2024.03.11	19:57:00	1.08628	1.08632	1.08618	1.08627	162	0	9
2024.03.11	19:58:00	1.08627	1.08636	1.08608	1.08634	34	0	10
2024.03.11	19:59:00	1.08634	1.08640	1.08616	1.08617	41	0	10
2024.03.11	20:00:00	1.08617	1.08622	1.08587	1.08590	8	0	10
2024.03.11	20:01:00	1.08590	1.08611	1.08589	1.08601	63	0	9
2024.03.11	20:02:00	1.08601	1.08606	1.08592	1.08599	169	0	12
2024.03.11	20:03:00	1.08599	1.08614	1.08595	1.08601	57	0	8
2024.03.11	20:04:00	1.08601	1.08605	1.08590	1.08591	140	0	11
2024.03.11	20:05:00	1.08591	1.08592	1.08588	1.08590	102	0	11
2024.03.11	20:06:00	1.08590	1.08596	1.08586	1.08591	30	0	11
2024.03.11	20:07:00	1.08591	1.08606	1.08591	1.08597	37	0	9
2024.03.11	20:08:00	1.08597	1.08605	1.08567	1.08573	160	0	12
2024.03.11	20:09:00	1.08573	1.08583	1.08571	1.08576	33	0	10
2024.03.11	20:10:00	1.08576	1.08607	1.08574	1.08593	139	0	10
2024.03.11	20:11:00	1.08593	1.08598	1.08568	1.08580	147	0	10
2024.03.11	20:12:00	1.08580	1.08589	1.08556	1.08563	58	0	9
2024.03.11	20:13:00	1.08563	1.08564	1.08547	1.08548	21	0	10
2024.03.11	20:14:00	1.08548	1.08556	1.08514	1.08517	108	0	11
2024.03.11	20:15:00	1.08517	1.08533	1.08510	1.08531	121	0	10
2024.03.11	20:16:00	1.08531	1.08558	1.08526	1.08552	142	0	10
2024.03.11	20:17:00	1.08552	1.08559	1.08540	1.08543	163	0	10
2024.03.11	20:18:00	1.08543	1.08578	1.08532	1.08571	128	0	10
2024.03.11	20:19:00	1.08571	1.08575	1.08568	1.08568	178	0	8
2024.03.11	20:20:00	1.08568	1.08590	1.08559	1.08584	49	0	12
2024.03.11	20:21:00	1.08584	1.08592	1.08580	1.08589	143	0	9
2024.03.11	20:22:00	1.08589	1.08599	1.08575	1.08576	99	0	8
2024.03.11	20:23:00	1.08576	1.08591	1.08565	1.08588	19	0	8
2024.03.11	20:24:00	1.08588	1.08600	1.08585	1.08588	148	0	8
2024.03.11	20:25:00	1.08588	1.08601	1.08587	1.08598	126	0	8
2024.03.11	20:26:00	1.08598	1.08611	1.08595	1.08605	132	0	12
2024.03.11	20:27:00	1.08605	1.08607	1.08602	1.08604	158	0	8
2024.03.11	20:28:00	1.08604	1.08606	1.08591	1.08596	101	0	12
2024.03.11	20:29:00	1.08596	1.08602	1.08588	1.08588	125	0	9
2024.03.11	20:30:00	1.08588	1.08630	1.08581	1.08626	132	0	11
2024.03.11	20:31:00	1.08626	1.08633	1.08623	1.08632	153	0	10
2024.03.11	20:32:00	1.08632	1.08652	1.08628	1.08650	61	0	9
2024.03.11	20:33:00	1.08650	1.08661	1.08638	1.08644	160	0	9
2024.03.11	20:34:00	1.08644	1.08649	1.08634	1.08638	45	0	11
2024.03.11	20:35:00	1.08638	1.08648	1.08616	1.08627	30	0	8
2024.03.11	20:36:00	1.08627	1.08632	1.08615	1.08616	100	0	8
2024.03.11	20:37:00	1.08616	1.08622	1.08607	1.08612	69	0	11
2024.03.11	20:38:00	1.08612	1.08617	1.08606	1.08610	98	0	8
2024.03.11	20:39:00	1.08610	1.08617	1.08575	1.08585	102	0	9
2024.03.11	20:40:00	1.08585	1.08594	1.08564	1.08572	114	0	9
2024.03.11	20:41:00	1.08572	1.08596	1.08566	1.08594	153	0	12
2024.03.11	20:42:00	1.08594	1.08603	1.08591	1.08592	132	0	10
2024.03.11	20:43:00	1.08592	1.08604	1.08591	1.08600	62	0	11
2024.03.11	20:44:00	1.08600	1.08601	1.08593	1.08595	76	0	10
2024.03.11	20:45:00	1.08595	1.08604	1.08576	1.08577	176	0	8
2024.03.11	20:46:00	1.08577	1.08584	1.08560	1.08569	124	0	12
2024.03.11	20:47:00	1.08569	1.08576	1.08552	1.08557	76	0	8
2024.03.11	20:48:00	1.08557	1.08569	1.08553	1.08569	99	0	10
2024.03.11	20:49:00	1.08569	1.08574	1.08561	1.08563	135	0	12
2024.03.11	20:50:00	1.08563	1.08567	1.08556	1.08560	111	0	8
2024.03.11	20:51:00	1.08560	1.08588	1.08554	1.08581	82	0	8
2024.03.11	20:52:00	1.08581	1.08585	1.08574	1.08578	90	0	10
2024.03.11	20:53:00	1.08578	1.08581	1.08570	1.08576	132	0	10
2024.03.11	20:54:00	1.08576	1.08582	1.08551	1.08564	92	0	10
2024.03.11	20:55:00	1.08564	1.08569	1.08554	1.08562	35	0	11
2024.03.11	20:56:00	1.08562	1.08564	1.08536	1.08545	89	0	9
2024.03.11	20:57:00	1.08545	1.08546	1.08530	1.08530	102	0	10
2024.03.11	20:58:00	1.08530	1.08549	1.08527	1.08542	112	0	9
2024.03.11	20:59:00	1.08542	1.08550	1.08541	1.08544	122	0	12
2024.03.11	21:00:00	1.08544	1.08565	1.08540	1.08563	169	0	10
2024.03.11	21:01:00	1.08563	1.08579	1.08559	1.08567	23	0	9
2024.03.11	21:02:00	1.08567	1.08574	1.08550	1.08556	75	0	12
2024.03.11	21:03:00	1.08556	1.08560	1.08542	1.08553	14	0	10
2024.03.11	21:04:00	1.08553	1.08556	1.08533	1.08546	17	0	8
2024.03.11	21:05:00	1.08546	1.08548	1.08544	1.08547	89	0	12
2024.03.11	21:06:00	1.08547	1.08576	1.08545	1.08566	165	0	9
2024.03.11	21:07:00	1.08566	1.08588	1.08559	1.08577	143	0	9
2024.03.11	21:08:00	1.08577	1.08587	1.08565	1.08580	162	0	8
2024.03.11	21:09:00	1.08580	1.08587	1.08573	1.08578	27	0	9
2024.03.11	21:10:00	1.08578	1.08597	1.08572	1.08577	75	0	11
2024.03.11	21:11:00	1.08577	1.08588	1.08575	1.08584	118	0	8
2024.03.11	21:12:00	1.08584	1.08600	1.08579	1.08592	133	0	10
2024.03.11	21:13:00	1.08592	1.08594	1.08577	1.08578	132	0	8
2024.03.11	21:14:00	1.08578	1.08601	1.08574	1.08599	140	0	9
2024.03.11	21:15:00	1.08599	1.08603	1.08581	1.08581	83	0	8
2024.03.11	21:16:00	1.08581	1.08592	1.08560	1.08567	65	0	9
2024.03.11	21:17:00	1.08567	1.08578	1.08555	1.08559	47	0	10
2024.03.11	21:18:00	1.08559	1.08560	1.08544	1.08545	152	0	10
2024.03.11	21:19:00	1.08545	1.08562	1.08522	1.08526	23	0	8
2024.03.11	21:20:00	1.08526	1.08531	1.08514	1.08518	126	0	9
2024.03.11	21:21:00	1.08518	1.08520	1.08504	1.08510	15	0	9
2024.03.11	21:22:00	1.08510	1.08519	1.08509	1.08514	99	0	11
2024.03.11	21:23:00	1.08514	1.08526	1.08500	1.08525	127	0	8
2024.03.11	21:24:00	1.08525	1.08536	1.08524	1.08531	29	0	12
2024.03.11	21:25:00	1.08531	1.08533	1.08522	1.08523	56	0	12
2024.03.11	21:26:00	1.08523	1.08526	1.08497	1.08499	93	0	8
2024.03.11	21:27:00	1.08499	1.08514	1.08495	1.08510	63	0	10
2024.03.11	21:28:00	1.08510	1.08515	1.08509	1.08511	104	0	8
2024.03.11	21:29:00	1.08511	1.08518	1.08501	1.08509	114	0	10
2024.03.11	21:30:00	1.08509	1.08511	1.08504	1.08504	139	0	10
2024.03.11	21:31:00	1.08504	1.08509	1.08502	1.08507	179	0	9
2024.03.11	21:32:00	1.08507	1.08522	1.08486	1.08489	177	0	12
2024.03.11	21:33:00	1.08489	1.08508	1.08486	1.08504	97	0	12
2024.03.11	21:34:00	1.08504	1.08513	1.08482	1.08483	149	0	10
2024.03.11	21:35:00	1.08483	1.08498	1.08482	1.08494	49	0	8
2024.03.11	21:36:00	1.08494	1.08496	1.08485	1.08490	74	0	10
2024.03.11	21:37:00	1.08490	1.08495	1.08482	1.08487	162	0	9
2024.03.11	21:38:00	1.08487	1.08496	1.08474	1.08479	170	0	8
2024.03.11	21:39:00	1.08479	1.08481	1.08471	1.08480	166	0	11
2024.03.11	21:40:00	1.08480	1.08489	1.08476	1.08481	108	0	12
2024.03.11	21:41:00	1.08481	1.08504	1.08470	1.08501	172	0	10
2024.03.11	21:42:00	1.08501	1.08525	1.08500	1.08520	12	0	10
2024.03.11	21:43:00	1.08520	1.08532	1.08516	1.08528	49	0	10
2024.03.11	21:44:00	1.08528	1.08545	1.08522	1.08540	173	0	10
2024.03.11	21:45:00	1.08540	1.08543	1.08532	1.08533	92	0	11
2024.03.11	21:46:00	1.08533	1.08538	1.08526	1.08535	121	0	11
2024.03.11	21:47:00	1.08535	1.08548	1.08531	1.08544	39	0	8
2024.03.11	21:48:00	1.08544	1.08557	1.08542	1.08552	50	0	11
2024.03.11	21:49:00	1.08552	1.08554	1.08536	1.08539	145	0	8
2024.03.11	21:50:00	1.08539	1.08543	1.08524	1.08525	151	0	11
2024.03.11	21:51:00	1.08525	1.08533	1.08522	1.08524	137	0	8
2024.03.11	21:52:00	1.08524	1.08527	1.08515	1.08521	126	0	10
2024.03.11	21:53:00	1.08521	1.08540	1.08515	1.08540	175	0	11
2024.03.11	21:54:00	1.08540	1.08556	1.08526	1.08548	64	0	8
2024.03.11	21:55:00	1.08548	1.08554	1.08544	1.08552	105	0	11
2024.03.11	21:56:00	1.08552	1.08562	1.08547	1.08557	60	0	11
2024.03.11	21:57:00	1.08557	1.08568	1.08555	1.08566	30	0	8
2024.03.11	21:58:00	1.08566	1.08581	1.08566	1.08578	69	0	12
2024.03.11	21:59:00	1.08578	1.08581	1.08573	1.08575	156	0	10
2024.03.11	23:00:00	1.08575	1.08578	1.08561	1.08561	67	0	9
2024.03.11	23:01:00	1.08561	1.08569	1.08555	1.08564	33	0	8
2024.03.11	23:02:00	1.08564	1.08568	1.08551	1.08562	125	0	10
2024.03.11	23:03:00	1.08562	1.08591	1.08559	1.08580	63	0	8
2024.03.11	23:04:00	1.08580	1.08583	1.08576	1.08581	61	0	10
2024.03.11	23:05:00	1.08581	1.08584	1.08557	1.08560	48	0	10
2024.03.11	23:06:00	1.08560	1.08560	1.08550	1.08551	61	0	10
2024.03.11	23:07:00	1.08551	1.08571	1.08546	1.08565	81	0	10
2024.03.11	23:08:00	1.08565	1.08572	1.08562	1.08569	90	0	9
2024.03.11	23:09:00	1.08569	1.08598	1.08560	1.08591	59	0	8
2024.03.11	23:10:00	1.08591	1.08601	1.08587	1.08598	9	0	10
2024.03.11	23:11:00	1.08598	1.08604	1.08582	1.08587	19	0	11
2024.03.11	23:12:00	1.08587	1.08599	1.08579	1.08583	95	0	12
2024.03.11	23:13:00	1.08583	1.08592	1.08579	1.08587	35	0	9
2024.03.11	23:14:00	1.08587	1.08594	1.08572	1.08594	85	0	9
2024.03.11	23:15:00	1.08594	1.08610	1.08593	1.08610	104	0	10
2024.03.11	23:16:00	1.08610	1.08616	1.08604	1.08605	59	0	12
2024.03.11	23:17:00	1.08605	1.08620	1.08599	1.08616	147	0	10
2024.03.11	23:18:00	1.08616	1.08641	1.08609	1.08634	55	0	8
2024.03.11	23:19:00	1.08634	1.08643	1.08631	1.08635	164	0	9
2024.03.11	23:20:00	1.08635	1.08642	1.08634	1.08640	159	0	9
2024.03.11	23:21:00	1.08640	1.08649	1.08620	1.08621	128	0	9
2024.03.11	23:22:00	1.08621	1.08628	1.08617	1.08623	96	0	8
2024.03.11	23:23:00	1.08623	1.08628	1.08613	1.08624	85	0	11
2024.03.11	23:24:00	1.08624	1.08628	1.08619	1.08620	39	0	9
2024.03.11	23:25:00	1.08620	1.08628	1.08599	1.08611	121	0	10
2024.03.11	23:26:00	1.08611	1.08611	1.08592	1.08597	19	0	12
2024.03.11	23:27:00	1.08597	1.08602	1.08577	1.08585	49	0	12
2024.03.11	23:28:00	1.08585	1.08596	1.08578	1.08592	143	0	8
2024.03.11	23:29:00	1.08592	1.08597	1.08576	1.08583	34	0	10
2024.03.11	23:30:00	1.08583	1.08589	1.08568	1.08575	130	0	10
2024.03.11	23:31:00	1.08575	1.08580	1.08572	1.08576	150	0	10
2024.03.11	23:32:00	1.08576	1.08589	1.08573	1.08589	13	0	12
2024.03.11	23:33:00	1.08589	1.08614	1.08588	1.08605	176	0	11
2024.03.11	23:34:00	1.08605	1.08610	1.08589	1.08594	121	0	10
2024.03.11	23:35:00	1.08594	1.08599	1.08564	1.08580	57	0	9
2024.03.11	23:36:00	1.08580	1.08585	1.08578	1.08584	111	0	10
2024.03.11	23:37:00	1.08584	1.08606	1.08580	1.08605	14	0	12
2024.03.11	23:38:00	1.08605	1.08619	1.08603	1.08619	86	0	10
2024.03.11	23:39:00	1.08619	1.08629	1.08594	1.08597	112	0	11
2024.03.11	23:40:00	1.08597	1.08597	1.08564	1.08571	77	0	11
2024.03.11	23:41:00	1.08571	1.08585	1.08561	1.08583	120	0	12
2024.03.11	23:42:00	1.08583	1.08586	1.08571	1.08575	102	0	10
2024.03.11	23:43:00	1.08575	1.08581	1.08571	1.08572	13	0	8
2024.03.11	23:44:00	1.08572	1.08591	1.08571	1.08587	18	0	11
2024.03.11	23:45:00	1.08587	1.08594	1.08586	1.08592	10	0	10
2024.03.11	23:46:00	1.08592	1.08600	1.08589	1.08594	133	0	12
2024.03.11	23:47:00	1.08594	1.08595	1.08584	1.08592	65	0	9
2024.03.11	23:48:00	1.08592	1.08594	1.08586	1.08586	51	0	9
2024.03.11	23:49:00	1.08586	1.08593	1.08581	1.08585	175	0	10
2024.03.11	23:50:00	1.08585	1.08597	1.08585	1.08596	163	0	10
2024.03.11	23:51:00	1.08596	1.08598	1.08585	1.08586	157	0	12
2024.03.11	23:52:00	1.08586	1.08591	1.08569	1.08574	168	0	9
2024.03.11	23:53:00	1.08574	1.08584	1.08573	1.08579	171	0	12
2024.03.11	23:54:00	1.08579	1.08585	1.08565	1.08583	103	0	8
2024.03.11	23:55:00	1.08583	1.08600	1.08581	1.08595	102	0	12
2024.03.11	23:56:00	1.08595	1.08595	1.08584	1.08594	72	0	9
2024.03.11	23:57:00	1.08594	1.08594	1.08578	1.08583	131	0	8
2024.03.11	23:58:00	1.08583	1.08588	1.08580	1.08583	157	0	12
2024.03.11	23:59:00	1.08583	1.08609	1.08572	1.08606	140	0	10
2024.03.12	00:00:00	1.08606	1.08607	1.08574	1.08577	108	0	9
2024.03.12	00:01:00	1.08577	1.08577	1.08569	1.08572	19	0	12
2024.03.12	00:02:00	1.08572	1.08586	1.08571	1.08584	69	0	8
2024.03.12	00:03:00	1.08584	1.08591	1.08570	1.08570	40	0	12
2024.03.12	00:04:00	1.08570	1.08582	1.08562	1.08571	162	0	8
2024.03.12	00:05:00	1.08571	1.08591	1.08568	1.08582	165	0	10
2024.03.12	00:06:00	1.08582	1.08592	1.08577	1.08583	153	0	12
2024.03.12	00:07:00	1.08583	1.08588	1.08582	1.08583	137	0	9
2024.03.12	00:08:00	1.08583	1.08595	1.08581	1.08586	93	0	9
2024.03.12	00:09:00	1.08586	1.08587	1.08569	1.08573	99	0	9
2024.03.12	00:10:00	1.08573	1.08578	1.08567	1.08570	174	0	8
2024.03.12	00:11:00	1.08570	1.08578	1.08551	1.08558	18	0	10
2024.03.12	00:12:00	1.08558	1.08591	1.08558	1.08578	144	0	10
2024.03.12	00:13:00	1.08578	1.08598	1.08578	1.08588	44	0	10
2024.03.12	00:14:00	1.08588	1.08592	1.08562	1.08568	15	0	8
2024.03.12	00:15:00	1.08568	1.08578	1.08565	1.08572	111	0	10
2024.03.12	00:16:00	1.08572	1.08572	1.08565	1.08566	102	0	11
2024.03.12	00:17:00	1.08566	1.08577	1.08547	1.08552	44	0	10
2024.03.12	00:18:00	1.08552	1.08571	1.08551	1.08569	109	0	9
2024.03.12	00:19:00	1.08569	1.08575	1.08569	1.08575	51	0	10
2024.03.12	00:20:00	1.08575	1.08580	1.08570	1.08570	30	0	10
2024.03.12	00:21:00	1.08570	1.08571	1.08544	1.08556	98	0	10
2024.03.12	00:22:00	1.08556	1.08563	1.08542	1.08553	93	0	8
2024.03.12	00:23:00	1.08553	1.08553	1.08536	1.08546	25	0	10
2024.03.12	00:24:00	1.08546	1.08553	1.08545	1.08552	45	0	10
2024.03.12	00:25:00	1.08552	1.08559	1.08527	1.08535	15	0	8
2024.03.12	00:26:00	1.08535	1.08539	1.08533	1.08537	84	0	10
2024.03.12	00:27:00	1.08537	1.08540	1.08528	1.08530	65	0	10
2024.03.12	00:28:00	1.08530	1.08533	1.08519	1.08521	140	0	10
2024.03.12	00:29:00	1.08521	1.08539	1.08521	1.08538	162	0	8
2024.03.12	00:30:00	1.08538	1.08557	1.08532	1.08556	163	0	11
2024.03.12	00:31:00	1.08556	1.08557	1.08543	1.08544	54	0	9
2024.03.12	00:32:00	1.08544	1.08548	1.08538	1.08539	150	0	10
2024.03.12	00:33:00	1.08539	1.08558	1.08530	1.08533	135	0	10
2024.03.12	00:34:00	1.08533	1.08536	1.08508	1.08517	147	0	10
2024.03.12	00:35:00	1.08517	1.08525	1.08512	1.08518	15	0	8
2024.03.12	00:36:00	1.08518	1.08520	1.08510	1.08513	35	0	10
2024.03.12	00:37:00	1.08513	1.08537	1.08512	1.08530	104	0	8
2024.03.12	00:38:00	1.08530	1.08532	1.08528	1.08529	137	0	9
2024.03.12	00:39:00	1.08529	1.08539	1.08527	1.08537	18	0	10
2024.03.12	00:40:00	1.08537	1.08547	1.08524	1.08529	156	0	11
2024.03.12	00:41:00	1.08529	1.08555	1.08527	1.08551	145	0	10
2024.03.12	00:42:00	1.08551	1.08555	1.08546	1.08549	60	0	11
2024.03.12	00:43:00	1.08549	1.08571	1.08544	1.08562	34	0	12
2024.03.12	00:44:00	1.08562	1.08564	1.08548	1.08550	11	0	10
2024.03.12	00:45:00	1.08550	1.08555	1.08550	1.08551	138	0	10
2024.03.12	00:46:00	1.08551	1.08563	1.08535	1.08542	148	0	9
2024.03.12	00:47:00	1.08542	1.08557	1.08539	1.08553	135	0	12
2024.03.12	00:48:00	1.08553	1.08568	1.08552	1.08560	106	0	12
2024.03.12	00:49:00	1.08560	1.08581	1.08558	1.08578	59	0	11
2024.03.12	00:50:00	1.08578	1.08579	1.08557	1.08565	60	0	10
2024.03.12	00:51:00	1.08565	1.08571	1.08541	1.08542	84	0	11
2024.03.12	00:52:00	1.08542	1.08552	1.08517	1.08526	98	0	9
2024.03.12	00:53:00	1.08526	1.08547	1.08526	1.08538	101	0	12
2024.03.12	00:54:00	1.08538	1.08546	1.08535	1.08543	10	0	10
2024.03.12	00:55:00	1.08543	1.08560	1.08537	1.08556	127	0	12
2024.03.12	00:56:00	1.08556	1.08557	1.08542	1.08546	104	0	12
2024.03.12	00:57:00	1.08546	1.08559	1.08534	1.08544	167	0	8
2024.03.12	00:58:00	1.08544	1.08558	1.08539	1.08556	123	0	10
2024.03.12	00:59:00	1.08556	1.08559	1.08534	1.08544	64	0	11
2024.03.12	01:00:00	1.08544	1.08549	1.08537	1.08547	21	0	11
2024.03.12	01:01:00	1.08547	1.08551	1.08529	1.08531	123	0	12
2024.03.12	01:02:00	1.08531	1.08537	1.08529	1.08530	91	0	10
2024.03.12	01:03:00	1.08530	1.08544	1.08515	1.08522	85	0	10
2024.03.12	01:04:00	1.08522	1.08528	1.08518	1.08519	151	0	10
2024.03.12	01:05:00	1.08519	1.08521	1.08493	1.08497	25	0	11
2024.03.12	01:06:00	1.08497	1.08498	1.08493	1.08497	38	0	12
2024.03.12	01:07:00	1.08497	1.08508	1.08494	1.08507	177	0	10
2024.03.12	01:08:00	1.08507	1.08511	1.08496	1.08500	46	0	10
2024.03.12	01:09:00	1.08500	1.08503	1.08499	1.08501	30	0	8
2024.03.12	01:10:00	1.08501	1.08514	1.08499	1.08507	158	0	12
2024.03.12	01:11:00	1.08507	1.08513	1.08490	1.08502	133	0	9
2024.03.12	01:12:00	1.08502	1.08521	1.08496	1.08518	73	0	12
2024.03.12	01:13:00	1.08518	1.08528	1.08511	1.08513	63	0	10
2024.03.12	01:14:00	1.08513	1.08532	1.08503	1.08528	142	0	10
2024.03.12	01:15:00	1.08528	1.08531	1.08526	1.08530	137	0	9
2024.03.12	01:16:00	1.08530	1.08537	1.08509	1.08514	118	0	10
2024.03.12	01:17:00	1.08514	1.08527	1.08513	1.08520	173	0	8
2024.03.12	01:18:00	1.08520	1.08533	1.08515	1.08532	59	0	10
2024.03.12	01:19:00	1.08532	1.08545	1.08527	1.08539	72	0	10
2024.03.12	01:20:00	1.08539	1.08549	1.08539	1.08545	151	0	10
2024.03.12	01:21:00	1.08545	1.08547	1.08543	1.08544	19	0	11
2024.03.12	01:22:00	1.08544	1.08572	1.08544	1.08556	148	0	11
2024.03.12	01:23:00	1.08556	1.08579	1.08547	1.08567	79	0	10
2024.03.12	01:24:00	1.08567	1.08568	1.08558	1.08565	134	0	9
2024.03.12	01:25:00	1.08565	1.08572	1.08557	1.08558	130	0	8
2024.03.12	01:26:00	1.08558	1.08560	1.08547	1.08551	96	0	10
2024.03.12	01:27:00	1.08551	1.08553	1.08545	1.08551	180	0	9
2024.03.12	01:28:00	1.08551	1.08575	1.08540	1.08563	89	0	9
2024.03.12	01:29:00	1.08563	1.08579	1.08562	1.08574	50	0	11
2024.03.12	01:30:00	1.08574	1.08578	1.08548	1.08556	179	0	9
2024.03.12	01:31:00	1.08556	1.08563	1.08556	1.08560	179	0	9
2024.03.12	01:32:00	1.08560	1.08564	1.08556	1.08560	39	0	8
2024.03.12	01:33:00	1.08560	1.08584	1.08550	1.08576	91	0	10
2024.03.12	01:34:00	1.08576	1.08592	1.08566	1.08591	11	0	10
2024.03.12	01:35:00	1.08591	1.08608	1.08576	1.08600	174	0	11
2024.03.12	01:36:00	1.08600	1.08601	1.08592	1.08601	49	0	12
2024.03.12	01:37:00	1.08601	1.08605	1.08594	1.08601	153	0	12
2024.03.12	01:38:00	1.08601	1.08628	1.08598	1.08622	129	0	9
2024.03.12	01:39:00	1.08622	1.08648	1.08621	1.08633	70	0	10
2024.03.12	01:40:00	1.08633	1.08657	1.08632	1.08650	169	0	8
2024.03.12	01:41:00	1.08650	1.08651	1.08621	1.08628	24	0	8
2024.03.12	01:42:00	1.08628	1.08635	1.08627	1.08629	28	0	8
2024.03.12	01:43:00	1.08629	1.08629	1.08611	1.08617	53	0	10
2024.03.12	01:44:00	1.08617	1.08628	1.08612	1.08623	8	0	8
2024.03.12	01:45:00	1.08623	1.08628	1.08615	1.08624	154	0	8
2024.03.12	01:46:00	1.08624	1.08654	1.08623	1.08647	124	0	11
2024.03.12	01:47:00	1.08647	1.08658	1.08642	1.08648	80	0	9
2024.03.12	01:48:00	1.08648	1.08665	1.08645	1.08659	56	0	10
2024.03.12	01:49:00	1.08659	1.08671	1.08658	1.08665	147	0	8
2024.03.12	01:50:00	1.08665	1.08671	1.08654	1.08656	124	0	9
2024.03.12	01:51:00	1.08656	1.08665	1.08648	1.08649	90	0	9
2024.03.12	01:52:00	1.08649	1.08650	1.08648	1.08648	31	0	10
2024.03.12	01:53:00	1.08648	1.08666	1.08634	1.08659	109	0	9
2024.03.12	01:54:00	1.08659	1.08666	1.08641	1.08647	38	0	10
2024.03.12	01:55:00	1.08647	1.08665	1.08644	1.08654	116	0	8
2024.03.12	01:56:00	1.08654	1.08664	1.08652	1.08660	127	0	8
2024.03.12	01:57:00	1.08660	1.08673	1.08651	1.08672	91	0	11
2024.03.12	01:58:00	1.08672	1.08679	1.08670	1.08676	90	0	8
2024.03.12	01:59:00	1.08676	1.08691	1.08675	1.08691	138	0	10
2024.03.12	02:00:00	1.08691	1.08700	1.08684	1.08696	91	0	10
2024.03.12	02:01:00	1.08696	1.08717	1.08688	1.08711	77	0	9
2024.03.12	02:02:00	1.08711	1.08720	1.08706	1.08713	72	0	12
2024.03.12	02:03:00	1.08713	1.08717	1.08698	1.08700	174	0	11
2024.03.12	02:04:00	1.08700	1.08717	1.08690	1.08711	46	0	8
2024.03.12	02:05:00	1.08711	1.08715	1.08706	1.08714	133	0	10
2024.03.12	02:06:00	1.08714	1.08718	1.08712	1.08715	62	0	8
2024.03.12	02:07:00	1.08715	1.08715	1.08699	1.08703	121	0	8
2024.03.12	02:08:00	1.08703	1.08703	1.08688	1.08693	158	0	11
2024.03.12	02:09:00	1.08693	1.08723	1.08692	1.08711	115	0	11
2024.03.12	02:10:00	1.08711	1.08717	1.08709	1.08715	86	0	10
2024.03.12	02:11:00	1.08715	1.08716	1.08707	1.08708	32	0	11
2024.03.12	02:12:00	1.08708	1.08712	1.08706	1.08710	84	0	11
2024.03.12	02:13:00	1.08710	1.08716	1.08695	1.08703	145	0	9
2024.03.12	02:14:00	1.08703	1.08719	1.08688	1.08707	143	0	9
2024.03.12	02:15:00	1.08707	1.08728	1.08704	1.08726	79	0	11
2024.03.12	02:16:00	1.08726	1.08758	1.08721	1.08751	119	0	10
2024.03.12	02:17:00	1.08751	1.08755	1.08710	1.08718	125	0	8
2024.03.12	02:18:00	1.08718	1.08719	1.08716	1.08719	174	0	10
2024.03.12	02:19:00	1.08719	1.08724	1.08706	1.08707	62	0	10
2024.03.12	02:20:00	1.08707	1.08708	1.08696	1.08703	178	0	8
2024.03.12	02:21:00	1.08703	1.08720	1.08702	1.08720	37	0	10
2024.03.12	02:22:00	1.08720	1.08732	1.08716	1.08726	146	0	10
2024.03.12	02:23:00	1.08726	1.08742	1.08720	1.08724	67	0	10
2024.03.12	02:24:00	1.08724	1.08767	1.08713	1.08761	179	0	11
2024.03.12	02:25:00	1.08761	1.08776	1.08758	1.08773	22	0	11
2024.03.12	02:26:00	1.08773	1.08778	1.08772	1.08773	128	0	12
2024.03.12	02:27:00	1.08773	1.08776	1.08771	1.08776	29	0	10
2024.03.12	02:28:00	1.08776	1.08784	1.08772	1.08778	118	0	12
2024.03.12	02:29:00	1.08778	1.08790	1.08773	1.08782	173	0	10
2024.03.12	02:30:00	1.08782	1.08786	1.08782	1.08783	178	0	9
2024.03.12	02:31:00	1.08783	1.08787	1.08771	1.08777	135	0	10
2024.03.12	02:32:00	1.08777	1.08797	1.08776	1.08792	174	0	9
2024.03.12	02:33:00	1.08792	1.08800	1.08788	1.08795	81	0	12
2024.03.12	02:34:00	1.08795	1.08796	1.08788	1.08791	153	0	10
2024.03.12	02:35:00	1.08791	1.08795	1.08765	1.08774	68	0	10
2024.03.12	02:36:00	1.08774	1.08776	1.08767	1.08773	45	0	8
2024.03.12	02:37:00	1.08773	1.08795	1.08773	1.08794	56	0	8
2024.03.12	02:38:00	1.08794	1.08796	1.08780	1.08788	41	0	11
2024.03.12	02:39:00	1.08788	1.08792	1.08771	1.08779	176	0	10
2024.03.12	02:40:00	1.08779	1.08784	1.08767	1.08781	26	0	12
2024.03.12	02:41:00	1.08781	1.08791	1.08779	1.08782	39	0	12
2024.03.12	02:42:00	1.08782	1.08784	1.08770	1.08772	153	0	11
2024.03.12	02:43:00	1.08772	1.08778	1.08765	1.08766	57	0	11
2024.03.12	02:44:00	1.08766	1.08773	1.08754	1.08767	101	0	10
2024.03.12	02:45:00	1.08767	1.08777	1.08765	1.08771	92	0	8
2024.03.12	02:46:00	1.08771	1.08772	1.08762	1.08765	25	0	10
2024.03.12	02:47:00	1.08765	1.08769	1.08761	1.08762	28	0	10
2024.03.12	02:48:00	1.08762	1.08766	1.08739	1.08751	130	0	10
2024.03.12	02:49:00	1.08751	1.08753	1.08742	1.08752	96	0	12
2024.03.12	02:50:00	1.08752	1.08772	1.08744	1.08765	97	0	12
2024.03.12	02:51:00	1.08765	1.08766	1.08749	1.08763	94	0	12
2024.03.12	02:52:00	1.08763	1.08763	1.08746	1.08754	97	0	10
2024.03.12	02:53:00	1.08754	1.08772	1.08753	1.08759	24	0	9
2024.03.12	02:54:00	1.08759	1.08773	1.08758	1.08770	27	0	10
2024.03.12	02:55:00	1.08770	1.08783	1.08757	1.08779	11	0	11
2024.03.12	02:56:00	1.08779	1.08779	1.08777	1.08779	19	0	9
2024.03.12	02:57:00	1.08779	1.08781	1.08753	1.08761	41	0	10
2024.03.12	02:58:00	1.08761	1.08774	1.08761	1.08765	146	0	10
2024.03.12	02:59:00	1.08765	1.08790	1.08764	1.08782	24	0	8
2024.03.12	03:00:00	1.08782	1.08796	1.08781	1.08791	50	0	10
2024.03.12	03:01:00	1.08791	1.08792	1.08785	1.08790	57	0	10
2024.03.12	03:02:00	1.08790	1.08794	1.08782	1.08783	8	0	10
2024.03.12	03:03:00	1.08783	1.08798	1.08779	1.08793	110	0	10
2024.03.12	03:04:00	1.08793	1.08796	1.08761	1.08765	132	0	10
2024.03.12	03:05:00	1.08765	1.08769	1.08755	1.08760	59	0	11
2024.03.12	03:06:00	1.08760	1.08767	1.08735	1.08739	158	0	12
2024.03.12	03:07:00	1.08739	1.08745	1.08719	1.08723	78	0	9
2024.03.12	03:08:00	1.08723	1.08732	1.08717	1.08730	61	0	8
2024.03.12	03:09:00	1.08730	1.08735	1.08729	1.08734	171	0	10
2024.03.12	03:10:00	1.08734	1.08741	1.08733	1.08738	90	0	10
2024.03.12	03:11:00	1.08738	1.08738	1.08731	1.08733	27	0	12
2024.03.12	03:12:00	1.08733	1.08742	1.08727	1.08735	136	0	9
2024.03.12	03:13:00	1.08735	1.08742	1.08722	1.08731	102	0	10
2024.03.12	03:14:00	1.08731	1.08752	1.08724	1.08751	39	0	11
2024.03.12	03:15:00	1.08751	1.08757	1.08722	1.08722	172	0	11
2024.03.12	03:16:00	1.08722	1.08738	1.08712	1.08738	52	0	12
2024.03.12	03:17:00	1.08738	1.08741	1.08710	1.08716	10	0	10
2024.03.12	03:18:00	1.08716	1.08736	1.08715	1.08731	43	0	11
2024.03.12	03:19:00	1.08731	1.08743	1.08729	1.08738	57	0	8
2024.03.12	03:20:00	1.08738	1.08748	1.08731	1.08741	53	0	9
2024.03.12	03:21:00	1.08741	1.08758	1.08732	1.08756	102	0	9
2024.03.12	03:22:00	1.08756	1.08764	1.08732	1.08737	96	0	8
2024.03.12	03:23:00	1.08737	1.08749	1.08732	1.08741	76	0	9
2024.03.12	03:24:00	1.08741	1.08744	1.08724	1.08737	107	0	9
2024.03.12	03:25:00	1.08737	1.08757	1.08728	1.08743	23	0	10
2024.03.12	03:26:00	1.08743	1.08746	1.08738	1.08746	166	0	10
2024.03.12	03:27:00	1.08746	1.08748	1.08742	1.08743	137	0	9
2024.03.12	03:28:00	1.08743	1.08763	1.08735	1.08760	57	0	11
2024.03.12	03:29:00	1.08760	1.08763	1.08740	1.08750	153	0	8
2024.03.12	03:30:00	1.08750	1.08760	1.08748	1.08759	147	0	9
2024.03.12	03:31:00	1.08759	1.08770	1.08747	1.08770	131	0	11
2024.03.12	03:32:00	1.08770	1.08774	1.08768	1.08773	122	0	10
2024.03.12	03:33:00	1.08773	1.08775	1.08761	1.08763	83	0	9
2024.03.12	03:34:00	1.08763	1.08764	1.08744	1.08748	145	0	9
2024.03.12	03:35:00	1.08748	1.08751	1.08737	1.08742	87	0	9
2024.03.12	03:36:00	1.08742	1.08758	1.08742	1.08756	164	0	10
2024.03.12	03:37:00	1.08756	1.08758	1.08741	1.08743	108	0	9
2024.03.12	03:38:00	1.08743	1.08746	1.08741	1.08744	33	0	10
2024.03.12	03:39:00	1.08744	1.08752	1.08719	1.08721	51	0	9
2024.03.12	03:40:00	1.08721	1.08723	1.08715	1.08716	136	0	10
2024.03.12	03:41:00	1.08716	1.08720	1.08709	1.08711	80	0	11
2024.03.12	03:42:00	1.08711	1.08750	1.08711	1.08736	163	0	11
2024.03.12	03:43:00	1.08736	1.08743	1.08727	1.08727	69	0	9
2024.03.12	03:44:00	1.08727	1.08733	1.08718	1.08728	116	0	10
2024.03.12	03:45:00	1.08728	1.08739	1.08723	1.08725	137	0	10
2024.03.12	03:46:00	1.08725	1.08729	1.08720	1.08729	58	0	9
2024.03.12	03:47:00	1.08729	1.08737	1.08723	1.08730	103	0	8
2024.03.12	03:48:00	1.08730	1.08748	1.08726	1.08742	98	0	11
2024.03.12	03:49:00	1.08742	1.08744	1.08725	1.08740	56	0	9
2024.03.12	03:50:00	1.08740	1.08750	1.08740	1.08749	76	0	10
2024.03.12	03:51:00	1.08749	1.08760	1.08743	1.08757	109	0	10
2024.03.12	03:52:00	1.08757	1.08777	1.08742	1.08764	141	0	11
2024.03.12	03:53:00	1.08764	1.08786	1.08760	1.08780	66	0	10
2024.03.12	03:54:00	1.08780	1.08790	1.08772	1.08790	16	0	8
2024.03.12	03:55:00	1.08790	1.08794	1.08789	1.08793	73	0	10
2024.03.12	03:56:00	1.08793	1.08804	1.08788	1.08800	27	0	9
2024.03.12	03:57:00	1.08800	1.08805	1.08793	1.08795	172	0	12
2024.03.12	03:58:00	1.08795	1.08805	1.08791	1.08802	180	0	9
2024.03.12	03:59:00	1.08802	1.08815	1.08792	1.08812	42	0	10
2024.03.12	04:00:00	1.08812	1.08819	1.08793	1.08799	142	0	12
2024.03.12	04:01:00	1.08799	1.08808	1.08797	1.08797	115	0	9
2024.03.12	04:02:00	1.08797	1.08806	1.08773	1.08777	45	0	8
2024.03.12	04:03:00	1.08777	1.08781	1.08772	1.08777	57	0	11
2024.03.12	04:04:00	1.08777	1.08800	1.08777	1.08784	162	0	10
2024.03.12	04:05:00	1.08784	1.08786	1.08762	1.08766	133	0	8
2024.03.12	04:06:00	1.08766	1.08766	1.08738	1.08747	144	0	8
2024.03.12	04:07:00	1.08747	1.08751	1.08742	1.08749	69	0	8
2024.03.12	04:08:00	1.08749	1.08775	1.08747	1.08760	165	0	8
2024.03.12	04:09:00	1.08760	1.08768	1.08756	1.08767	54	0	10
2024.03.12	04:10:00	1.08767	1.08782	1.08758	1.08762	85	0	12
2024.03.12	04:11:00	1.08762	1.08768	1.08756	1.08759	91	0	12
2024.03.12	04:12:00	1.08759	1.08783	1.08757	1.08771	48	0	10
2024.03.12	04:13:00	1.08771	1.08772	1.08759	1.08761	14	0	10
2024.03.12	04:14:00	1.08761	1.08774	1.08755	1.08772	175	0	9
2024.03.12	04:15:00	1.08772	1.08781	1.08771	1.08778	93	0	8
2024.03.12	04:16:00	1.08778	1.08784	1.08772	1.08774	35	0	8
2024.03.12	04:17:00	1.08774	1.08784	1.08768	1.08777	100	0	9
2024.03.12	04:18:00	1.08777	1.08780	1.08773	1.08775	56	0	10
2024.03.12	04:19:00	1.08775	1.08776	1.08762	1.08766	86	0	10
2024.03.12	04:20:00	1.08766	1.08778	1.08766	1.08772	150	0	11
2024.03.12	04:21:00	1.08772	1.08795	1.08765	1.08778	137	0	10
2024.03.12	04:22:00	1.08778	1.08783	1.08772	1.08776	60	0	11
2024.03.12	04:23:00	1.08776	1.08779	1.08770	1.08772	15	0	12
2024.03.12	04:24:00	1.08772	1.08775	1.08750	1.08751	89	0	10
2024.03.12	04:25:00	1.08751	1.08772	1.08748	1.08764	113	0	10
2024.03.12	04:26:00	1.08764	1.08783	1.08758	1.08780	108	0	10
2024.03.12	04:27:00	1.08780	1.08785	1.08775	1.08775	23	0	12
2024.03.12	04:28:00	1.08775	1.08776	1.08763	1.08763	177	0	12
2024.03.12	04:29:00	1.08763	1.08773	1.08753	1.08761	44	0	11
2024.03.12	04:30:00	1.08761	1.08775	1.08754	1.08772	151	0	12
2024.03.12	04:31:00	1.08772	1.08773	1.08766	1.08768	172	0	10
2024.03.12	04:32:00	1.08768	1.08787	1.08765	1.08769	143	0	8
2024.03.12	04:33:00	1.08769	1.08775	1.08741	1.08750	180	0	10
2024.03.12	04:34:00	1.08750	1.08765	1.08749	1.08756	162	0	10
2024.03.12	04:35:00	1.08756	1.08760	1.08743	1.08752	66	0	12
2024.03.12	04:36:00	1.08752	1.08765	1.08729	1.08733	23	0	9
2024.03.12	04:37:00	1.08733	1.08745	1.08725	1.08740	23	0	10
2024.03.12	04:38:00	1.08740	1.08746	1.08735	1.08735	150	0	10
2024.03.12	04:39:00	1.08735	1.08736	1.08712	1.08718	168	0	11
2024.03.12	04:40:00	1.08718	1.08719	1.08697	1.08700	149	0	10
2024.03.12	04:41:00	1.08700	1.08705	1.08696	1.08696	121	0	11
2024.03.12	04:42:00	1.08696	1.08704	1.08690	1.08703	165	0	9
2024.03.12	04:43:00	1.08703	1.08721	1.08695	1.08711	112	0	11
2024.03.12	04:44:00	1.08711	1.08718	1.08696	1.08717	160	0	11
2024.03.12	04:45:00	1.08717	1.08718	1.08685	1.08694	115	0	10
2024.03.12	04:46:00	1.08694	1.08709	1.08693	1.08701	175	0	10
2024.03.12	04:47:00	1.08701	1.08732	1.08698	1.08719	11	0	9
2024.03.12	04:48:00	1.08719	1.08739	1.08711	1.08736	49	0	11
2024.03.12	04:49:00	1.08736	1.08737	1.08717	1.08726	103	0	11
2024.03.12	04:50:00	1.08726	1.08739	1.08726	1.08734	94	0	12
2024.03.12	04:51:00	1.08734	1.08742	1.08728	1.08731	90	0	10
2024.03.12	04:52:00	1.08731	1.08760	1.08727	1.08755	143	0	10
2024.03.12	04:53:00	1.08755	1.08759	1.08755	1.08757	169	0	12
2024.03.12	04:54:00	1.08757	1.08762	1.08752	1.08753	57	0	10
2024.03.12	04:55:00	1.08753	1.08754	1.08741	1.08744	93	0	9
2024.03.12	04:56:00	1.08744	1.08765	1.08740	1.08757	71	0	8
2024.03.12	04:57:00	1.08757	1.08763	1.08750	1.08753	86	0	8
2024.03.12	04:58:00	1.08753	1.08770	1.08753	1.08767	63	0	10
2024.03.12	04:59:00	1.08767	1.08775	1.08760	1.08763	10	0	8
2024.03.12	05:00:00	1.08763	1.08767	1.08758	1.08760	98	0	8
2024.03.12	05:01:00	1.08760	1.08779	1.08753	1.08774	138	0	8
2024.03.12	05:02:00	1.08774	1.08781	1.08754	1.08765	97	0	12
2024.03.12	05:03:00	1.08765	1.08780	1.08758	1.08779	137	0	9
2024.03.12	05:04:00	1.08779	1.08789	1.08774	1.08784	81	0	11
2024.03.12	05:05:00	1.08784	1.08790	1.08758	1.08763	90	0	10
2024.03.12	05:06:00	1.08763	1.08773	1.08751	1.08769	89	0	9
2024.03.12	05:07:00	1.08769	1.08783	1.08769	1.08778	175	0	10
2024.03.12	05:08:00	1.08778	1.08822	1.08773	1.08813	142	0	12
2024.03.12	05:09:00	1.08813	1.08819	1.08806	1.08811	35	0	9
2024.03.12	05:10:00	1.08811	1.08817	1.08805	1.08813	59	0	10
2024.03.12	05:11:00	1.08813	1.08815	1.08812	1.08815	113	0	12
2024.03.12	05:12:00	1.08815	1.08823	1.08810	1.08820	81	0	11
2024.03.12	05:13:00	1.08820	1.08822	1.08809	1.08813	85	0	11
2024.03.12	05:14:00	1.08813	1.08831	1.08810	1.08811	56	0	11
2024.03.12	05:15:00	1.08811	1.08812	1.08801	1.08806	118	0	11
2024.03.12	05:16:00	1.08806	1.08824	1.08803	1.08816	90	0	9
2024.03.12	05:17:00	1.08816	1.08828	1.08806	1.08819	28	0	12
2024.03.12	05:18:00	1.08819	1.08820	1.08806	1.08810	90	0	11
2024.03.12	05:19:00	1.08810	1.08813	1.08787	1.08797	163	0	10
2024.03.12	05:20:00	1.08797	1.08815	1.08794	1.08809	90	0	12
2024.03.12	05:21:00	1.08809	1.08823	1.08804	1.08821	36	0	10
2024.03.12	05:22:00	1.08821	1.08829	1.08818	1.08828	105	0	12
2024.03.12	05:23:00	1.08828	1.08832	1.08825	1.08826	104	0	9
2024.03.12	05:24:00	1.08826	1.08827	1.08810	1.08813	180	0	11
2024.03.12	05:25:00	1.08813	1.08829	1.08807	1.08812	157	0	12
2024.03.12	05:26:00	1.08812	1.08813	1.08804	1.08804	99	0	9
2024.03.12	05:27:00	1.08804	1.08825	1.08799	1.08818	58	0	12
2024.03.12	05:28:00	1.08818	1.08821	1.08796	1.08804	163	0	9
2024.03.12	05:29:00	1.08804	1.08806	1.08797	1.08805	116	0	11
2024.03.12	05:30:00	1.08805	1.08806	1.08794	1.08804	56	0	10
2024.03.12	05:31:00	1.08804	1.08810	1.08804	1.08808	142	0	8
2024.03.12	05:32:00	1.08808	1.08819	1.08804	1.08816	44	0	8
2024.03.12	05:33:00	1.08816	1.08827	1.08812	1.08825	58	0	9
2024.03.12	05:34:00	1.08825	1.08828	1.08809	1.08822	58	0	10
2024.03.12	05:35:00	1.08822	1.08825	1.08804	1.08815	96	0	11
2024.03.12	05:36:00	1.08815	1.08822	1.08807	1.08819	96	0	9
2024.03.12	05:37:00	1.08819	1.08832	1.08818	1.08832	128	0	8
2024.03.12	05:38:00	1.08832	1.08839	1.08812	1.08816	90	0	10
2024.03.12	05:39:00	1.08816	1.08831	1.08812	1.08824	159	0	11
2024.03.12	05:40:00	1.08824	1.08856	1.08819	1.08838	129	0	10
2024.03.12	05:41:00	1.08838	1.08842	1.08833	1.08840	63	0	11
2024.03.12	05:42:00	1.08840	1.08845	1.08838	1.08839	179	0	9
2024.03.12	05:43:00	1.08839	1.08846	1.08830	1.08833	16	0	9
2024.03.12	05:44:00	1.08833	1.08835	1.08800	1.08806	44	0	10
2024.03.12	05:45:00	1.08806	1.08812	1.08804	1.08812	57	0	10
2024.03.12	05:46:00	1.08812	1.08833	1.08806	1.08833	105	0	10
2024.03.12	05:47:00	1.08833	1.08837	1.08833	1.08836	63	0	11
2024.03.12	05:48:00	1.08836	1.08853	1.08834	1.08852	167	0	11
2024.03.12	05:49:00	1.08852	1.08853	1.08845	1.08850	25	0	9
2024.03.12	05:50:00	1.08850	1.08852	1.08842	1.08845	151	0	10
2024.03.12	05:51:00	1.08845	1.08868	1.08836	1.08867	60	0	9
2024.03.12	05:52:00	1.08867	1.08868	1.08860	1.08866	22	0	11
2024.03.12	05:53:00	1.08866	1.08886	1.08862	1.08876	90	0	11
2024.03.12	05:54:00	1.08876	1.08883	1.08866	1.08881	177	0	12
2024.03.12	05:55:00	1.08881	1.08884	1.08870	1.08876	104	0	10
2024.03.12	05:56:00	1.08876	1.08885	1.08854	1.08859	125	0	11
2024.03.12	05:57:00	1.08859	1.08875	1.08855	1.08871	158	0	11
2024.03.12	05:58:00	1.08871	1.08887	1.08869	1.08885	124	0	12
2024.03.12	05:59:00	1.08885	1.08894	1.08862	1.08871	53	0	12
2024.03.12	06:00:00	1.08871	1.08886	1.08866	1.08881	65	0	11
2024.03.12	06:01:00	1.08881	1.08885	1.08871	1.08875	98	0	12
2024.03.12	06:02:00	1.08875	1.08876	1.08866	1.08872	33	0	12
2024.03.12	06:03:00	1.08872	1.08875	1.08859	1.08865	119	0	12
2024.03.12	06:04:00	1.08865	1.08878	1.08864	1.08870	50	0	10
2024.03.12	06:05:00	1.08870	1.08882	1.08859	1.08876	170	0	11
2024.03.12	06:06:00	1.08876	1.08877	1.08854	1.08861	17	0	8
2024.03.12	06:07:00	1.08861	1.08863	1.08854	1.08858	128	0	9
2024.03.12	06:08:00	1.08858	1.08862	1.08855	1.08861	48	0	10
2024.03.12	06:09:00	1.08861	1.08867	1.08860	1.08864	125	0	9
2024.03.12	06:10:00	1.08864	1.08884	1.08862	1.08875	142	0	8
2024.03.12	06:11:00	1.08875	1.08876	1.08872	1.08876	118	0	8
2024.03.12	06:12:00	1.08876	1.08881	1.08859	1.08870	85	0	12
2024.03.12	06:13:00	1.08870	1.08886	1.08861	1.08885	44	0	10
2024.03.12	06:14:00	1.08885	1.08889	1.08875	1.08877	126	0	11
2024.03.12	06:15:00	1.08877	1.08903	1.08869	1.08901	46	0	10
2024.03.12	06:16:00	1.08901	1.08910	1.08885	1.08890	105	0	12
2024.03.12	06:17:00	1.08890	1.08915	1.08878	1.08909	140	0	8
2024.03.12	06:18:00	1.08909	1.08913	1.08907	1.08908	77	0	11
2024.03.12	06:19:00	1.08908	1.08915	1.08900	1.08910	141	0	9
2024.03.12	06:20:00	1.08910	1.08931	1.08907	1.08921	113	0	8
2024.03.12	06:21:00	1.08921	1.08931	1.08913	1.08913	156	0	12
2024.03.12	06:22:00	1.08913	1.08919	1.08899	1.08904	76	0	8
2024.03.12	06:23:00	1.08904	1.08904	1.08892	1.08902	152	0	11
2024.03.12	06:24:00	1.08902	1.08912	1.08891	1.08906	53	0	10
2024.03.12	06:25:00	1.08906	1.08910	1.08898	1.08900	118	0	11
2024.03.12	06:26:00	1.08900	1.08908	1.08898	1.08907	42	0	12
2024.03.12	06:27:00	1.08907	1.08908	1.08893	1.08907	157	0	12
2024.03.12	06:28:00	1.08907	1.08913	1.08896	1.08897	56	0	12
2024.03.12	06:29:00	1.08897	1.08898	1.08891	1.08895	167	0	12
2024.03.12	06:30:00	1.08895	1.08907	1.08873	1.08878	162	0	10
2024.03.12	06:31:00	1.08878	1.08882	1.08878	1.08878	94	0	10
2024.03.12	06:32:00	1.08878	1.08880	1.08854	1.08860	156	0	9
2024.03.12	06:33:00	1.08860	1.08861	1.08853	1.08859	75	0	12
2024.03.12	06:34:00	1.08859	1.08859	1.08853	1.08853	18	0	10
2024.03.12	06:35:00	1.08853	1.08866	1.08828	1.08838	8	0	12
2024.03.12	06:36:00	1.08838	1.08842	1.08826	1.08832	147	0	11
2024.03.12	06:37:00	1.08832	1.08839	1.08830	1.08831	125	0	11
2024.03.12	06:38:00	1.08831	1.08850	1.08829	1.08848	80	0	11
2024.03.12	06:39:00	1.08848	1.08851	1.08834	1.08840	173	0	12
2024.03.12	06:40:00	1.08840	1.08860	1.08837	1.08853	88	0	10
2024.03.12	06:41:00	1.08853	1.08869	1.08846	1.08860	58	0	12
2024.03.12	06:42:00	1.08860	1.08861	1.08850	1.08850	135	0	10
2024.03.12	06:43:00	1.08850	1.08875	1.08849	1.08868	136	0	10
2024.03.12	06:44:00	1.08868	1.08874	1.08830	1.08834	89	0	9
2024.03.12	06:45:00	1.08834	1.08848	1.08820	1.08826	115	0	12
2024.03.12	06:46:00	1.08826	1.08835	1.08822	1.08822	35	0	12
2024.03.12	06:47:00	1.08822	1.08837	1.08816	1.08827	154	0	9
2024.03.12	06:48:00	1.08827	1.08835	1.08805	1.08814	46	0	12
2024.03.12	06:49:00	1.08814	1.08823	1.08806	1.08816	156	0	12
2024.03.12	06:50:00	1.08816	1.08825	1.08814	1.08820	36	0	12
2024.03.12	06:51:00	1.08820	1.08825	1.08805	1.08806	32	0	12
2024.03.12	06:52:00	1.08806	1.08821	1.08804	1.08817	136	0	11
2024.03.12	06:53:00	1.08817	1.08818	1.08802	1.08807	151	0	10
2024.03.12	06:54:00	1.08807	1.08807	1.08796	1.08799	77	0	9
2024.03.12	06:55:00	1.08799	1.08801	1.08786	1.08791	99	0	8
2024.03.12	06:56:00	1.08791	1.08824	1.08778	1.08810	123	0	11
2024.03.12	06:57:00	1.08810	1.08817	1.08799	1.08802	51	0	10
2024.03.12	06:58:00	1.08802	1.08809	1.08799	1.08806	156	0	12
2024.03.12	06:59:00	1.08806	1.08807	1.08788	1.08803	54	0	10
2024.03.12	07:00:00	1.08803	1.08824	1.08799	1.08823	167	0	9
2024.03.12	07:01:00	1.08823	1.08837	1.08821	1.08829	180	0	9
2024.03.12	07:02:00	1.08829	1.08832	1.08803	1.08822	91	0	8
2024.03.12	07:03:00	1.08822	1.08824	1.08808	1.08819	74	0	8
2024.03.12	07:04:00	1.08819	1.08831	1.08812	1.08820	59	0	10
2024.03.12	07:05:00	1.08820	1.08826	1.08813	1.08815	97	0	11
2024.03.12	07:06:00	1.08815	1.08820	1.08796	1.08809	102	0	9
2024.03.12	07:07:00	1.08809	1.08821	1.08789	1.08793	136	0	9
2024.03.12	07:08:00	1.08793	1.08800	1.08783	1.08798	57	0	9
2024.03.12	07:09:00	1.08798	1.08813	1.08786	1.08808	110	0	8
2024.03.12	07:10:00	1.08808	1.08815	1.08798	1.08800	87	0	9
2024.03.12	07:11:00	1.08800	1.08819	1.08799	1.08803	167	0	11
2024.03.12	07:12:00	1.08803	1.08811	1.08800	1.08802	94	0	8
2024.03.12	07:13:00	1.08802	1.08808	1.08791	1.08791	24	0	11
2024.03.12	07:14:00	1.08791	1.08797	1.08784	1.08786	16	0	8
2024.03.12	07:15:00	1.08786	1.08789	1.08777	1.08783	64	0	12
2024.03.12	07:16:00	1.08783	1.08791	1.08761	1.08765	16	0	11
2024.03.12	07:17:00	1.08765	1.08784	1.08749	1.08770	126	0	12
2024.03.12	07:18:00	1.08770	1.08771	1.08768	1.08770	94	0	12
2024.03.12	07:19:00	1.08770	1.08779	1.08768	1.08772	122	0	10
2024.03.12	07:20:00	1.08772	1.08784	1.08771	1.08781	139	0	11
2024.03.12	07:21:00	1.08781	1.08787	1.08771	1.08773	169	0	10
2024.03.12	07:22:00	1.08773	1.08782	1.08769	1.08778	81	0	8
2024.03.12	07:23:00	1.08778	1.08792	1.08774	1.08792	98	0	10
2024.03.12	07:24:00	1.08792	1.08824	1.08787	1.08821	126	0	11
2024.03.12	07:25:00	1.08821	1.08822	1.08810	1.08814	116	0	10
2024.03.12	07:26:00	1.08814	1.08840	1.08810	1.08830	24	0	12
2024.03.12	07:27:00	1.08830	1.08837	1.08816	1.08816	165	0	9
2024.03.12	07:28:00	1.08816	1.08824	1.08814	1.08821	8	0	11
2024.03.12	07:29:00	1.08821	1.08827	1.08810	1.08816	20	0	10
2024.03.12	07:30:00	1.08816	1.08820	1.08805	1.08814	154	0	12
2024.03.12	07:31:00	1.08814	1.08834	1.08803	1.08824	62	0	8
2024.03.12	07:32:00	1.08824	1.08835	1.08818	1.08832	62	0	12
2024.03.12	07:33:00	1.08832	1.08838	1.08825	1.08832	15	0	12
2024.03.12	07:34:00	1.08832	1.08834	1.08827	1.08829	104	0	12
2024.03.12	07:35:00	1.08829	1.08840	1.08823	1.08830	155	0	8
2024.03.12	07:36:00	1.08830	1.08851	1.08827	1.08846	39	0	8
2024.03.12	07:37:00	1.08846	1.08868	1.08846	1.08860	159	0	10
2024.03.12	07:38:00	1.08860	1.08870	1.08842	1.08843	135	0	10
2024.03.12	07:39:00	1.08843	1.08847	1.08827	1.08847	118	0	11
2024.03.12	07:40:00	1.08847	1.08850	1.08841	1.08848	13	0	8
2024.03.12	07:41:00	1.08848	1.08855	1.08844	1.08852	166	0	12
2024.03.12	07:42:00	1.08852	1.08865	1.08838	1.08859	22	0	10
2024.03.12	07:43:00	1.08859	1.08876	1.08852	1.08863	124	0	12
2024.03.12	07:44:00	1.08863	1.08864	1.08849	1.08850	149	0	9
2024.03.12	07:45:00	1.08850	1.08850	1.08848	1.08849	13	0	11
2024.03.12	07:46:00	1.08849	1.08849	1.08840	1.08848	30	0	10
2024.03.12	07:47:00	1.08848	1.08852	1.08834	1.08837	144	0	10
2024.03.12	07:48:00	1.08837	1.08842	1.08817	1.08822	92	0	10
2024.03.12	07:49:00	1.08822	1.08827	1.08810	1.08817	110	0	10
2024.03.12	07:50:00	1.08817	1.08830	1.08795	1.08809	130	0	10
2024.03.12	07:51:00	1.08809	1.08815	1.08797	1.08800	139	0	11
2024.03.12	07:52:00	1.08800	1.08815	1.08799	1.08812	34	0	8
2024.03.12	07:53:00	1.08812	1.08813	1.08786	1.08790	36	0	10
2024.03.12	07:54:00	1.08790	1.08794	1.08774	1.08778	14	0	12
2024.03.12	07:55:00	1.08778	1.08783	1.08774	1.08780	168	0	9
2024.03.12	07:56:00	1.08780	1.08805	1.08776	1.08803	153	0	8
2024.03.12	07:57:00	1.08803	1.08832	1.08801	1.08821	81	0	12
2024.03.12	07:58:00	1.08821	1.08825	1.08796	1.08798	176	0	10
2024.03.12	07:59:00	1.08798	1.08800	1.08779	1.08785	84	0	9
2024.03.12	08:00:00	1.08785	1.08803	1.08784	1.08801	121	0	9
2024.03.12	08:01:00	1.08801	1.08830	1.08793	1.08824	23	0	11
2024.03.12	08:02:00	1.08824	1.08852	1.08818	1.08851	169	0	8
2024.03.12	08:03:00	1.08851	1.08853	1.08833	1.08843	103	0	12
2024.03.12	08:04:00	1.08843	1.08857	1.08841	1.08854	166	0	11
2024.03.12	08:05:00	1.08854	1.08856	1.08845	1.08849	53	0	11
2024.03.12	08:06:00	1.08849	1.08856	1.08846	1.08849	154	0	11
2024.03.12	08:07:00	1.08849	1.08860	1.08848	1.08849	36	0	9
2024.03.12	08:08:00	1.08849	1.08868	1.08843	1.08864	94	0	9
2024.03.12	08:09:00	1.08864	1.08868	1.08844	1.08851	163	0	10
2024.03.12	08:10:00	1.08851	1.08870	1.08845	1.08860	150	0	10
2024.03.12	08:11:00	1.08860	1.08867	1.08842	1.08843	98	0	8
2024.03.12	08:12:00	1.08843	1.08846	1.08806	1.08821	50	0	12
2024.03.12	08:13:00	1.08821	1.08834	1.08811	1.08830	103	0	8
2024.03.12	08:14:00	1.08830	1.08843	1.08829	1.08840	82	0	11
2024.03.12	08:15:00	1.08840	1.08861	1.08836	1.08857	129	0	8
2024.03.12	08:16:00	1.08857	1.08862	1.08848	1.08854	137	0	10
2024.03.12	08:17:00	1.08854	1.08860	1.08829	1.08830	49	0	8
2024.03.12	08:18:00	1.08830	1.08840	1.08808	1.08824	33	0	8
2024.03.12	08:19:00	1.08824	1.08836	1.08816	1.08836	91	0	12
2024.03.12	08:20:00	1.08836	1.08845	1.08835	1.08843	176	0	10
2024.03.12	08:21:00	1.08843	1.08865	1.08839	1.08864	163	0	8
2024.03.12	08:22:00	1.08864	1.08870	1.08854	1.08866	8	0	9
2024.03.12	08:23:00	1.08866	1.08867	1.08860	1.08861	71	0	12
2024.03.12	08:24:00	1.08861	1.08865	1.08861	1.08865	83	0	10
2024.03.12	08:25:00	1.08865	1.08888	1.08854	1.08885	127	0	12
2024.03.12	08:26:00	1.08885	1.08893	1.08880	1.08884	20	0	12
2024.03.12	08:27:00	1.08884	1.08900	1.08876	1.08894	42	0	12
2024.03.12	08:28:00	1.08894	1.08896	1.08877	1.08884	88	0	10
2024.03.12	08:29:00	1.08884	1.08894	1.08875	1.08876	149	0	9
2024.03.12	08:30:00	1.08876	1.08902	1.08875	1.08898	82	0	10
2024.03.12	08:31:00	1.08898	1.08900	1.08895	1.08896	104	0	12
2024.03.12	08:32:00	1.08896	1.08916	1.08894	1.08902	34	0	8
2024.03.12	08:33:00	1.08902	1.08906	1.08899	1.08905	162	0	8
2024.03.12	08:34:00	1.08905	1.08917	1.08902	1.08916	134	0	11
2024.03.12	08:35:00	1.08916	1.08918	1.08897	1.08900	84	0	12
2024.03.12	08:36:00	1.08900	1.08901	1.08882	1.08899	157	0	12
2024.03.12	08:37:00	1.08899	1.08918	1.08891	1.08917	102	0	8
2024.03.12	08:38:00	1.08917	1.08929	1.08912	1.08926	174	0	8
2024.03.12	08:39:00	1.08926	1.08933	1.08925	1.08927	134	0	10
2024.03.12	08:40:00	1.08927	1.08950	1.08921	1.08950	33	0	9
2024.03.12	08:41:00	1.08950	1.08956	1.08943	1.08951	139	0	11
2024.03.12	08:42:00	1.08951	1.08972	1.08946	1.08957	154	0	10
2024.03.12	08:43:00	1.08957	1.08959	1.08950	1.08953	26	0	10
2024.03.12	08:44:00	1.08953	1.08963	1.08943	1.08948	108	0	12
2024.03.12	08:45:00	1.08948	1.08950	1.08940	1.08944	160	0	10
2024.03.12	08:46:00	1.08944	1.08949	1.08941	1.08948	146	0	9
2024.03.12	08:47:00	1.08948	1.08952	1.08937	1.08952	54	0	10
2024.03.12	08:48:00	1.08952	1.08957	1.08928	1.08937	136	0	12
2024.03.12	08:49:00	1.08937	1.08953	1.08903	1.08917	17	0	9
2024.03.12	08:50:00	1.08917	1.08934	1.08909	1.08932	22	0	8
2024.03.12	08:51:00	1.08932	1.08937	1.08930	1.08935	67	0	12
2024.03.12	08:52:00	1.08935	1.08948	1.08931	1.08942	146	0	8
2024.03.12	08:53:00	1.08942	1.08953	1.08937	1.08946	14	0	9
2024.03.12	08:54:00	1.08946	1.08963	1.08932	1.08962	88	0	12
2024.03.12	08:55:00	1.08962	1.08970	1.08958	1.08962	98	0	8
2024.03.12	08:56:00	1.08962	1.08967	1.08950	1.08951	174	0	8
2024.03.12	08:57:00	1.08951	1.08958	1.08942	1.08955	16	0	11
2024.03.12	08:58:00	1.08955	1.08961	1.08948	1.08960	153	0	10
2024.03.12	08:59:00	1.08960	1.08974	1.08959	1.08966	45	0	11
2024.03.12	09:00:00	1.08966	1.08989	1.08966	1.08983	126	0	8
2024.03.12	09:01:00	1.08983	1.08991	1.08968	1.08973	48	0	8
2024.03.12	09:02:00	1.08973	1.08983	1.08968	1.08977	74	0	8
2024.03.12	09:03:00	1.08977	1.08984	1.08956	1.08958	60	0	12
2024.03.12	09:04:00	1.08958	1.08960	1.08954	1.08954	114	0	12
2024.03.12	09:05:00	1.08954	1.08954	1.08919	1.08921	48	0	12
2024.03.12	09:06:00	1.08921	1.08937	1.08920	1.08923	64	0	10
2024.03.12	09:07:00	1.08923	1.08937	1.08918	1.08919	139	0	10
2024.03.12	09:08:00	1.08919	1.08925	1.08919	1.08919	48	0	12
2024.03.12	09:09:00	1.08919	1.08935	1.08909	1.08932	176	0	12
2024.03.12	09:10:00	1.08932	1.08942	1.08928	1.08940	143	0	10
2024.03.12	09:11:00	1.08940	1.08952	1.08939	1.08948	13	0	11
2024.03.12	09:12:00	1.08948	1.08961	1.08937	1.08946	40	0	11
2024.03.12	09:13:00	1.08946	1.08957	1.08939	1.08944	63	0	12
2024.03.12	09:14:00	1.08944	1.08953	1.08941	1.08941	152	0	9
2024.03.12	09:15:00	1.08941	1.08945	1.08937	1.08938	135	0	10
2024.03.12	09:16:00	1.08938	1.08939	1.08937	1.08939	170	0	8
2024.03.12	09:17:00	1.08939	1.08943	1.08924	1.08925	13	0	10
2024.03.12	09:18:00	1.08925	1.08926	1.08913	1.08922	178	0	9
2024.03.12	09:19:00	1.08922	1.08930	1.08920	1.08929	73	0	10
2024.03.12	09:20:00	1.08929	1.08947	1.08917	1.08945	47	0	11
2024.03.12	09:21:00	1.08945	1.08968	1.08941	1.08965	150	0	10
2024.03.12	09:22:00	1.08965	1.08982	1.08961	1.08977	34	0	10
2024.03.12	09:23:00	1.08977	1.09000	1.08976	1.08991	141	0	8
2024.03.12	09:24:00	1.08991	1.09007	1.08986	1.09005	12	0	10
2024.03.12	09:25:00	1.09005	1.09010	1.08988	1.08994	46	0	10
2024.03.12	09:26:00	1.08994	1.09004	1.08986	1.09001	142	0	8
2024.03.12	09:27:00	1.09001	1.09003	1.08985	1.08987	17	0	11
2024.03.12	09:28:00	1.08987	1.08999	1.08979	1.08989	90	0	11
2024.03.12	09:29:00	1.08989	1.09001	1.08981	1.08990	108	0	10
2024.03.12	09:30:00	1.08990	1.08997	1.08989	1.08996	118	0	10
2024.03.12	09:31:00	1.08996	1.09004	1.08975	1.08981	103	0	10
2024.03.12	09:32:00	1.08981	1.08987	1.08977	1.08982	149	0	10
2024.03.12	09:33:00	1.08982	1.08986	1.08967	1.08972	108	0	10
2024.03.12	09:34:00	1.08972	1.08974	1.08946	1.08955	122	0	12
2024.03.12	09:35:00	1.08955	1.08959	1.08928	1.08935	34	0	12
2024.03.12	09:36:00	1.08935	1.08935	1.08924	1.08930	106	0	8
2024.03.12	09:37:00	1.08930	1.08960	1.08924	1.08954	20	0	9
2024.03.12	09:38:00	1.08954	1.08964	1.08951	1.08959	58	0	10
2024.03.12	09:39:00	1.08959	1.08978	1.08952	1.08967	165	0	10
2024.03.12	09:40:00	1.08967	1.08981	1.08962	1.08975	102	0	10
2024.03.12	09:41:00	1.08975	1.08985	1.08969	1.08980	43	0	10
2024.03.12	09:42:00	1.08980	1.08991	1.08976	1.08982	146	0	10
2024.03.12	09:43:00	1.08982	1.09003	1.08971	1.09003	44	0	11
2024.03.12	09:44:00	1.09003	1.09009	1.08997	1.09002	42	0	9
2024.03.12	09:45:00	1.09002	1.09007	1.08985	1.08994	34	0	9
2024.03.12	09:46:00	1.08994	1.09004	1.08990	1.09000	21	0	10
2024.03.12	09:47:00	1.09000	1.09019	1.08997	1.09012	14	0	10
2024.03.12	09:48:00	1.09012	1.09022	1.09004	1.09017	31	0	9
2024.03.12	09:49:00	1.09017	1.09017	1.08998	1.09002	55	0	12
2024.03.12	09:50:00	1.09002	1.09004	1.08996	1.09003	21	0	9
2024.03.12	09:51:00	1.09003	1.09022	1.09002	1.09014	59	0	8
2024.03.12	09:52:00	1.09014	1.09020	1.09012	1.09016	156	0	12
2024.03.12	09:53:00	1.09016	1.09017	1.09012	1.09016	16	0	12
2024.03.12	09:54:00	1.09016	1.09019	1.09011	1.09015	91	0	9
2024.03.12	09:55:00	1.09015	1.09021	1.09008	1.09011	169	0	8
2024.03.12	09:56:00	1.09011	1.09030	1.09007	1.09025	69	0	8
2024.03.12	09:57:00	1.09025	1.09031	1.09009	1.09012	16	0	9
2024.03.12	09:58:00	1.09012	1.09025	1.08979	1.08986	138	0	9
2024.03.12	09:59:00	1.08986	1.09006	1.08965	1.09003	62	0	9
2024.03.12	10:00:00	1.09003	1.09005	1.08990	1.08996	10	0	10
2024.03.12	10:01:00	1.08996	1.08999	1.08990	1.08998	151	0	11
2024.03.12	10:02:00	1.08998	1.09015	1.08994	1.09010	90	0	9
2024.03.12	10:03:00	1.09010	1.09033	1.08999	1.09023	163	0	12
2024.03.12	10:04:00	1.09023	1.09033	1.09006	1.09009	10	0	12
2024.03.12	10:05:00	1.09009	1.09016	1.08999	1.09004	26	0	10
2024.03.12	10:06:00	1.09004	1.09017	1.08993	1.08994	36	0	10
2024.03.12	10:07:00	1.08994	1.09002	1.08986	1.08998	152	0	10
2024.03.12	10:08:00	1.08998	1.09012	1.08994	1.09010	135	0	12
2024.03.12	10:09:00	1.09010	1.09024	1.09009	1.09018	166	0	8
2024.03.12	10:10:00	1.09018	1.09023	1.09018	1.09020	120	0	9
2024.03.12	10:11:00	1.09020	1.09025	1.09020	1.09022	52	0	10
2024.03.12	10:12:00	1.09022	1.09035	1.09021	1.09034	50	0	9
2024.03.12	10:13:00	1.09034	1.09041	1.09010	1.09014	17	0	12
2024.03.12	10:14:00	1.09014	1.09040	1.09010	1.09035	122	0	10
2024.03.12	10:15:00	1.09035	1.09049	1.09034	1.09049	70	0	10
2024.03.12	10:16:00	1.09049	1.09052	1.09044	1.09048	49	0	10
2024.03.12	10:17:00	1.09048	1.09069	1.09038	1.09065	56	0	10
2024.03.12	10:18:00	1.09065	1.09069	1.09051	1.09056	103	0	10
2024.03.12	10:19:00	1.09056	1.09083	1.09047	1.09081	133	0	12
2024.03.12	10:20:00	1.09081	1.09100	1.09075	1.09095	115	0	11
2024.03.12	10:21:00	1.09095	1.09107	1.09092	1.09106	103	0	11
2024.03.12	10:22:00	1.09106	1.09107	1.09087	1.09090	156	0	9
2024.03.12	10:23:00	1.09090	1.09091	1.09078	1.09082	35	0	12
2024.03.12	10:24:00	1.09082	1.09085	1.09080	1.09085	84	0	12
2024.03.12	10:25:00	1.09085	1.09087	1.09067	1.09069	112	0	11
2024.03.12	10:26:00	1.09069	1.09070	1.09022	1.09025	25	0	9
2024.03.12	10:27:00	1.09025	1.09038	1.09016	1.09036	167	0	8
2024.03.12	10:28:00	1.09036	1.09049	1.09025	1.09030	151	0	10
2024.03.12	10:29:00	1.09030	1.09070	1.09026	1.09058	38	0	10
2024.03.12	10:30:00	1.09058	1.09061	1.09058	1.09059	120	0	9
2024.03.12	10:31:00	1.09059	1.09068	1.09051	1.09062	154	0	11
2024.03.12	10:32:00	1.09062	1.09064	1.09046	1.09058	12	0	9
2024.03.12	10:33:00	1.09058	1.09068	1.09047	1.09063	60	0	10
2024.03.12	10:34:00	1.09063	1.09065	1.09039	1.09040	154	0	11
2024.03.12	10:35:00	1.09040	1.09058	1.09030	1.09049	118	0	9
2024.03.12	10:36:00	1.09049	1.09079	1.09044	1.09072	133	0	11
2024.03.12	10:37:00	1.09072	1.09078	1.09057	1.09065	138	0	12
2024.03.12	10:38:00	1.09065	1.09084	1.09061	1.09073	83	0	9
2024.03.12	10:39:00	1.09073	1.09094	1.09070	1.09089	84	0	9
2024.03.12	10:40:00	1.09089	1.09097	1.09087	1.09088	64	0	10
2024.03.12	10:41:00	1.09088	1.09099	1.09084	1.09091	18	0	8
2024.03.12	10:42:00	1.09091	1.09091	1.09085	1.09085	38	0	9
2024.03.12	10:43:00	1.09085	1.09096	1.09074	1.09090	178	0	12
2024.03.12	10:44:00	1.09090	1.09097	1.09089	1.09090	180	0	12
2024.03.12	10:45:00	1.09090	1.09098	1.09086	1.09098	102	0	10
2024.03.12	10:46:00	1.09098	1.09104	1.09064	1.09075	29	0	12
2024.03.12	10:47:00	1.09075	1.09076	1.09070	1.09073	170	0	9
2024.03.12	10:48:00	1.09073	1.09076	1.09056	1.09061	134	0	8
2024.03.12	10:49:00	1.09061	1.09069	1.09042	1.09044	91	0	12
2024.03.12	10:50:00	1.09044	1.09053	1.09040	1.09043	88	0	12
2024.03.12	10:51:00	1.09043	1.09047	1.09019	1.09029	65	0	11
2024.03.12	10:52:00	1.09029	1.09032	1.08999	1.09010	46	0	9
2024.03.12	10:53:00	1.09010	1.09016	1.09000	1.09008	91	0	12
2024.03.12	10:54:00	1.09008	1.09035	1.08997	1.09032	40	0	11
2024.03.12	10:55:00	1.09032	1.09045	1.09004	1.09017	159	0	11
2024.03.12	10:56:00	1.09017	1.09047	1.09003	1.09045	32	0	10
2024.03.12	10:57:00	1.09045	1.09054	1.09034	1.09040	118	0	8
2024.03.12	10:58:00	1.09040	1.09057	1.09037	1.09044	99	0	12
2024.03.12	10:59:00	1.09044	1.09056	1.09036	1.09054	151	0	10
2024.03.12	11:00:00	1.09054	1.09059	1.09049	1.09057	175	0	11
2024.03.12	11:01:00	1.09057	1.09081	1.09056	1.09071	170	0	8
2024.03.12	11:02:00	1.09071	1.09102	1.09064	1.09093	158	0	10
2024.03.12	11:03:00	1.09093	1.09094	1.09078	1.09082	121	0	10
2024.03.12	11:04:00	1.09082	1.09083	1.09073	1.09076	34	0	9
2024.03.12	11:05:00	1.09076	1.09081	1.09071	1.09076	11	0	10
2024.03.12	11:06:00	1.09076	1.09088	1.09053	1.09054	21	0	11
2024.03.12	11:07:00	1.09054	1.09071	1.09053	1.09070	116	0	12
2024.03.12	11:08:00	1.09070	1.09073	1.09067	1.09072	131	0	10
2024.03.12	11:09:00	1.09072	1.09083	1.09067	1.09078	138	0	9
2024.03.12	11:10:00	1.09078	1.09079	1.09066	1.09073	38	0	12
2024.03.12	11:11:00	1.09073	1.09079	1.09070	1.09075	97	0	10
2024.03.12	11:12:00	1.09075	1.09077	1.09052	1.09052	99	0	12
2024.03.12	11:13:00	1.09052	1.09057	1.09043	1.09051	150	0	9
2024.03.12	11:14:00	1.09051	1.09061	1.09050	1.09051	160	0	11
2024.03.12	11:15:00	1.09051	1.09057	1.09048	1.09048	33	0	11
2024.03.12	11:16:00	1.09048	1.09065	1.09041	1.09053	65	0	8
2024.03.12	11:17:00	1.09053	1.09057	1.09049	1.09050	64	0	12
2024.03.12	11:18:00	1.09050	1.09051	1.09041	1.09046	71	0	10
2024.03.12	11:19:00	1.09046	1.09048	1.09023	1.09028	26	0	9
2024.03.12	11:20:00	1.09028	1.09033	1.09016	1.09020	121	0	9
2024.03.12	11:21:00	1.09020	1.09027	1.09002	1.09002	68	0	10
2024.03.12	11:22:00	1.09002	1.09016	1.09002	1.09013	64	0	10
2024.03.12	11:23:00	1.09013	1.09037	1.08999	1.09026	8	0	8
2024.03.12	11:24:00	1.09026	1.09068	1.09026	1.09059	171	0	11
2024.03.12	11:25:00	1.09059	1.09097	1.09046	1.09095	88	0	11
2024.03.12	11:26:00	1.09095	1.09124	1.09093	1.09119	79	0	8
2024.03.12	11:27:00	1.09119	1.09134	1.09098	1.09106	95	0	9
2024.03.12	11:28:00	1.09106	1.09106	1.09091	1.09097	163	0	10
2024.03.12	11:29:00	1.09097	1.09103	1.09083	1.09091	109	0	10
2024.03.12	11:30:00	1.09091	1.09100	1.09074	1.09083	140	0	11
2024.03.12	11:31:00	1.09083	1.09092	1.09071	1.09079	76	0	10
2024.03.12	11:32:00	1.09079	1.09091	1.09064	1.09089	37	0	8
2024.03.12	11:33:00	1.09089	1.09098	1.09087	1.09092	180	0	11
2024.03.12	11:34:00	1.09092	1.09105	1.09054	1.09066	78	0	12
2024.03.12	11:35:00	1.09066	1.09067	1.09057	1.09059	91	0	12
2024.03.12	11:36:00	1.09059	1.09064	1.09054	1.09056	116	0	8
2024.03.12	11:37:00	1.09056	1.09058	1.09052	1.09053	104	0	10
2024.03.12	11:38:00	1.09053	1.09064	1.09034	1.09039	139	0	12
2024.03.12	11:39:00	1.09039	1.09045	1.09038	1.09041	123	0	8
2024.03.12	11:40:00	1.09041	1.09048	1.09039	1.09048	55	0	10
2024.03.12	11:41:00	1.09048	1.09064	1.09028	1.09032	44	0	10
2024.03.12	11:42:00	1.09032	1.09039	1.09016	1.09022	118	0	11
2024.03.12	11:43:00	1.09022	1.09045	1.09009	1.09035	65	0	12
2024.03.12	11:44:00	1.09035	1.09050	1.09031	1.09037	143	0	8
2024.03.12	11:45:00	1.09037	1.09057	1.09036	1.09049	14	0	10
2024.03.12	11:46:00	1.09049	1.09054	1.09042	1.09044	13	0	10
2024.03.12	11:47:00	1.09044	1.09084	1.09040	1.09079	107	0	10
2024.03.12	11:48:00	1.09079	1.09090	1.09074	1.09081	71	0	10
2024.03.12	11:49:00	1.09081	1.09095	1.09081	1.09085	112	0	12
2024.03.12	11:50:00	1.09085	1.09091	1.09063	1.09071	141	0	8
2024.03.12	11:51:00	1.09071	1.09077	1.09047	1.09057	37	0	10
2024.03.12	11:52:00	1.09057	1.09081	1.09049	1.09073	156	0	10
2024.03.12	11:53:00	1.09073	1.09082	1.09065	1.09072	160	0	10
2024.03.12	11:54:00	1.09072	1.09107	1.09067	1.09092	121	0	9
2024.03.12	11:55:00	1.09092	1.09103	1.09086	1.09102	120	0	10
2024.03.12	11:56:00	1.09102	1.09109	1.09073	1.09083	127	0	8
2024.03.12	11:57:00	1.09083	1.09087	1.09078	1.09082	79	0	10
2024.03.12	11:58:00	1.09082	1.09103	1.09077	1.09098	14	0	10
2024.03.12	11:59:00	1.09098	1.09100	1.09090	1.09094	128	0	12
2024.03.12	12:00:00	1.09094	1.09104	1.09094	1.09102	24	0	11
2024.03.12	12:01:00	1.09102	1.09105	1.09101	1.09103	30	0	10
2024.03.12	12:02:00	1.09103	1.09113	1.09092	1.09096	49	0	12
2024.03.12	12:03:00	1.09096	1.09103	1.09087	1.09100	81	0	8
2024.03.12	12:04:00	1.09100	1.09126	1.09094	1.09126	133	0	8
2024.03.12	12:05:00	1.09126	1.09132	1.09121	1.09129	121	0	8
2024.03.12	12:06:00	1.09129	1.09138	1.09126	1.09135	36	0	12
2024.03.12	12:07:00	1.09135	1.09139	1.09131	1.09132	99	0	10
2024.03.12	12:08:00	1.09132	1.09142	1.09125	1.09141	152	0	9
2024.03.12	12:09:00	1.09141	1.09141	1.09129	1.09130	83	0	9
2024.03.12	12:10:00	1.09130	1.09160	1.09125	1.09156	109	0	12
2024.03.12	12:11:00	1.09156	1.09161	1.09138	1.09144	21	0	9
2024.03.12	12:12:00	1.09144	1.09147	1.09137	1.09139	118	0	10
2024.03.12	12:13:00	1.09139	1.09143	1.09134	1.09134	47	0	12
2024.03.12	12:14:00	1.09134	1.09145	1.09133	1.09144	180	0	12
2024.03.12	12:15:00	1.09144	1.09157	1.09122	1.09130	145	0	8
2024.03.12	12:16:00	1.09130	1.09144	1.09122	1.09138	20	0	10
2024.03.12	12:17:00	1.09138	1.09149	1.09137	1.09144	167	0	12
2024.03.12	12:18:00	1.09144	1.09171	1.09139	1.09159	115	0	11
2024.03.12	12:19:00	1.09159	1.09161	1.09147	1.09150	31	0	10
2024.03.12	12:20:00	1.09150	1.09169	1.09143	1.09152	117	0	9
2024.03.12	12:21:00	1.09152	1.09158	1.09138	1.09141	124	0	8
2024.03.12	12:22:00	1.09141	1.09149	1.09136	1.09148	31	0	10
2024.03.12	12:23:00	1.09148	1.09150	1.09146	1.09146	145	0	10
2024.03.12	12:24:00	1.09146	1.09158	1.09140	1.09149	26	0	12
2024.03.12	12:25:00	1.09149	1.09156	1.09130	1.09141	89	0	9
2024.03.12	12:26:00	1.09141	1.09166	1.09138	1.09163	110	0	10
2024.03.12	12:27:00	1.09163	1.09177	1.09160	1.09171	51	0	8
2024.03.12	12:28:00	1.09171	1.09177	1.09159	1.09162	12	0	12
2024.03.12	12:29:00	1.09162	1.09190	1.09161	1.09184	76	0	12
2024.03.12	12:30:00	1.09184	1.09201	1.09181	1.09194	68	0	11
2024.03.12	12:31:00	1.09194	1.09194	1.09187	1.09187	46	0	11
2024.03.12	12:32:00	1.09187	1.09192	1.09179	1.09186	128	0	10
2024.03.12	12:33:00	1.09186	1.09187	1.09170	1.09172	128	0	11
2024.03.12	12:34:00	1.09172	1.09177	1.09165	1.09169	13	0	10
2024.03.12	12:35:00	1.09169	1.09183	1.09167	1.09181	51	0	8
2024.03.12	12:36:00	1.09181	1.09200	1.09179	1.09193	32	0	10
2024.03.12	12:37:00	1.09193	1.09200	1.09191	1.09198	142	0	9
2024.03.12	12:38:00	1.09198	1.09204	1.09195	1.09196	58	0	10
2024.03.12	12:39:00	1.09196	1.09203	1.09191	1.09199	30	0	8
2024.03.12	12:40:00	1.09199	1.09213	1.09195	1.09213	49	0	10
2024.03.12	12:41:00	1.09213	1.09228	1.09209	1.09224	143	0	10
2024.03.12	12:42:00	1.09224	1.09226	1.09223	1.09223	163	0	9
2024.03.12	12:43:00	1.09223	1.09238	1.09200	1.09205	160	0	10
2024.03.12	12:44:00	1.09205	1.09232	1.09204	1.09228	103	0	10
2024.03.12	12:45:00	1.09228	1.09229	1.09223	1.09224	73	0	10
2024.03.12	12:46:00	1.09224	1.09231	1.09211	1.09212	163	0	12
2024.03.12	12:47:00	1.09212	1.09217	1.09187	1.09189	90	0	11
2024.03.12	12:48:00	1.09189	1.09200	1.09185	1.09197	105	0	11
2024.03.12	12:49:00	1.09197	1.09206	1.09197	1.09199	106	0	10
2024.03.12	12:50:00	1.09199	1.09203	1.09188	1.09188	131	0	10
2024.03.12	12:51:00	1.09188	1.09190	1.09180	1.09189	30	0	12
2024.03.12	12:52:00	1.09189	1.09197	1.09183	1.09188	59	0	10
2024.03.12	12:53:00	1.09188	1.09197	1.09179	1.09182	171	0	10
2024.03.12	12:54:00	1.09182	1.09188	1.09153	1.09162	127	0	12
2024.03.12	12:55:00	1.09162	1.09164	1.09160	1.09161	81	0	8
2024.03.12	12:56:00	1.09161	1.09161	1.09146	1.09153	83	0	12
2024.03.12	12:57:00	1.09153	1.09161	1.09142	1.09151	120	0	12
2024.03.12	12:58:00	1.09151	1.09157	1.09150	1.09151	133	0	10
2024.03.12	12:59:00	1.09151	1.09163	1.09149	1.09151	145	0	8
2024.03.12	13:00:00	1.09151	1.09158	1.09132	1.09133	136	0	10
2024.03.12	13:01:00	1.09133	1.09149	1.09124	1.09145	170	0	11
2024.03.12	13:02:00	1.09145	1.09149	1.09140	1.09144	65	0	10
2024.03.12	13:03:00	1.09144	1.09150	1.09124	1.09129	119	0	10
2024.03.12	13:04:00	1.09129	1.09133	1.09127	1.09131	168	0	10
2024.03.12	13:05:00	1.09131	1.09136	1.09129	1.09133	25	0	12
2024.03.12	13:06:00	1.09133	1.09136	1.09113	1.09121	158	0	11
2024.03.12	13:07:00	1.09121	1.09134	1.09119	1.09128	59	0	12
2024.03.12	13:08:00	1.09128	1.09146	1.09124	1.09135	140	0	10
2024.03.12	13:09:00	1.09135	1.09135	1.09129	1.09131	174	0	8
2024.03.12	13:10:00	1.09131	1.09137	1.09130	1.09135	144	0	9
2024.03.12	13:11:00	1.09135	1.09141	1.09135	1.09139	54	0	12
2024.03.12	13:12:00	1.09139	1.09139	1.09114	1.09121	99	0	10
2024.03.12	13:13:00	1.09121	1.09130	1.09119	1.09126	93	0	10
2024.03.12	13:14:00	1.09126	1.09130	1.09121	1.09128	173	0	10
2024.03.12	13:15:00	1.09128	1.09132	1.09115	1.09117	72	0	8
2024.03.12	13:16:00	1.09117	1.09118	1.09103	1.09108	16	0	8
2024.03.12	13:17:00	1.09108	1.09111	1.09097	1.09099	124	0	12
2024.03.12	13:18:00	1.09099	1.09102	1.09080	1.09089	166	0	9
2024.03.12	13:19:00	1.09089	1.09092	1.09071	1.09073	136	0	12
2024.03.12	13:20:00	1.09073	1.09085	1.09061	1.09064	68	0	10
2024.03.12	13:21:00	1.09064	1.09069	1.09038	1.09042	164	0	9
2024.03.12	13:22:00	1.09042	1.09054	1.09041	1.09050	55	0	10
2024.03.12	13:23:00	1.09050	1.09056	1.09035	1.09037	140	0	12
2024.03.12	13:24:00	1.09037	1.09049	1.09036	1.09041	57	0	12
2024.03.12	13:25:00	1.09041	1.09043	1.09037	1.09041	120	0	10
2024.03.12	13:26:00	1.09041	1.09049	1.09022	1.09023	28	0	8
2024.03.12	13:27:00	1.09023	1.09046	1.09015	1.09035	32	0	12
2024.03.12	13:28:00	1.09035	1.09038	1.09020	1.09027	42	0	12
2024.03.12	13:29:00	1.09027	1.09041	1.09023	1.09035	24	0	9
2024.03.12	13:30:00	1.09035	1.09041	1.09017	1.09032	87	0	9
2024.03.12	13:31:00	1.09032	1.09039	1.09021	1.09025	153	0	11
2024.03.12	13:32:00	1.09025	1.09029	1.09013	1.09019	24	0	8
2024.03.12	13:33:00	1.09019	1.09025	1.09011	1.09018	107	0	10
2024.03.12	13:34:00	1.09018	1.09036	1.09017	1.09027	104	0	9
2024.03.12	13:35:00	1.09027	1.09037	1.09011	1.09016	110	0	10
2024.03.12	13:36:00	1.09016	1.09021	1.08985	1.08987	114	0	10
2024.03.12	13:37:00	1.08987	1.08996	1.08984	1.08988	173	0	12
2024.03.12	13:38:00	1.08988	1.08991	1.08952	1.08962	27	0	12
2024.03.12	13:39:00	1.08962	1.08972	1.08960	1.08961	101	0	10
2024.03.12	13:40:00	1.08961	1.08964	1.08944	1.08951	123	0	9
2024.03.12	13:41:00	1.08951	1.08991	1.08950	1.08976	121	0	12
2024.03.12	13:42:00	1.08976	1.08980	1.08965	1.08972	154	0	8
2024.03.12	13:43:00	1.08972	1.08977	1.08963	1.08966	134	0	9
2024.03.12	13:44:00	1.08966	1.08992	1.08964	1.08986	97	0	11
2024.03.12	13:45:00	1.08986	1.08987	1.08969	1.08983	10	0	8
2024.03.12	13:46:00	1.08983	1.08991	1.08978	1.08989	81	0	9
2024.03.12	13:47:00	1.08989	1.09001	1.08973	1.08978	170	0	9
2024.03.12	13:48:00	1.08978	1.08987	1.08978	1.08981	79	0	11
2024.03.12	13:49:00	1.08981	1.08993	1.08972	1.08988	9	0	9
2024.03.12	13:50:00	1.08988	1.08994	1.08972	1.08977	52	0	12
2024.03.12	13:51:00	1.08977	1.08977	1.08966	1.08975	64	0	10
2024.03.12	13:52:00	1.08975	1.08985	1.08967	1.08971	10	0	9
2024.03.12	13:53:00	1.08971	1.08982	1.08967	1.08978	176	0	9
2024.03.12	13:54:00	1.08978	1.08980	1.08962	1.08965	93	0	11
2024.03.12	13:55:00	1.08965	1.08976	1.08952	1.08953	166	0	11
2024.03.12	13:56:00	1.08953	1.08962	1.08942	1.08950	173	0	11
2024.03.12	13:57:00	1.08950	1.08957	1.08930	1.08935	78	0	8
2024.03.12	13:58:00	1.08935	1.08951	1.08932	1.08947	89	0	10
2024.03.12	13:59:00	1.08947	1.08952	1.08923	1.08926	96	0	10
2024.03.12	14:00:00	1.08926	1.08935	1.08900	1.08905	86	0	9
2024.03.12	14:01:00	1.08905	1.08910	1.08874	1.08884	176	0	11
2024.03.12	14:02:00	1.08884	1.08888	1.08875	1.08878	105	0	9
2024.03.12	14:03:00	1.08878	1.08884	1.08866	1.08880	114	0	12
2024.03.12	14:04:00	1.08880	1.08883	1.08859	1.08860	136	0	10
2024.03.12	14:05:00	1.08860	1.08863	1.08852	1.08859	20	0	8
2024.03.12	14:06:00	1.08859	1.08884	1.08857	1.08874	18	0	10
2024.03.12	14:07:00	1.08874	1.08895	1.08871	1.08890	150	0	11
2024.03.12	14:08:00	1.08890	1.08909	1.08882	1.08901	67	0	9
2024.03.12	14:09:00	1.08901	1.08904	1.08886	1.08893	139	0	10
2024.03.12	14:10:00	1.08893	1.08896	1.08877	1.08883	19	0	11
2024.03.12	14:11:00	1.08883	1.08892	1.08873	1.08880	48	0	12
2024.03.12	14:12:00	1.08880	1.08881	1.08858	1.08864	40	0	10
2024.03.12	14:13:00	1.08864	1.08867	1.08847	1.08852	163	0	11
2024.03.12	14:14:00	1.08852	1.08857	1.08832	1.08836	100	0	9
2024.03.12	14:15:00	1.08836	1.08841	1.08833	1.08834	118	0	11
2024.03.12	14:16:00	1.08834	1.08839	1.08807	1.08818	156	0	10
2024.03.12	14:17:00	1.08818	1.08843	1.08817	1.08843	97	0	10
2024.03.12	14:18:00	1.08843	1.08850	1.08839	1.08845	10	0	10
2024.03.12	14:19:00	1.08845	1.08850	1.08834	1.08837	98	0	10
2024.03.12	14:20:00	1.08837	1.08852	1.08831	1.08844	175	0	11
2024.03.12	14:21:00	1.08844	1.08865	1.08834	1.08861	165	0	9
2024.03.12	14:22:00	1.08861	1.08883	1.08857	1.08874	134	0	8
2024.03.12	14:23:00	1.08874	1.08875	1.08858	1.08867	75	0	11
2024.03.12	14:24:00	1.08867	1.08883	1.08857	1.08861	37	0	10
2024.03.12	14:25:00	1.08861	1.08874	1.08843	1.08864	151	0	11
2024.03.12	14:26:00	1.08864	1.08870	1.08860	1.08870	83	0	11
2024.03.12	14:27:00	1.08870	1.08870	1.08858	1.08861	154	0	12
2024.03.12	14:28:00	1.08861	1.08877	1.08860	1.08874	163	0	12
2024.03.12	14:29:00	1.08874	1.08876	1.08854	1.08859	18	0	10
2024.03.12	14:30:00	1.08859	1.08870	1.08858	1.08863	134	0	10
2024.03.12	14:31:00	1.08863	1.08897	1.08852	1.08890	139	0	8
2024.03.12	14:32:00	1.08890	1.08891	1.08862	1.08866	111	0	10
2024.03.12	14:33:00	1.08866	1.08874	1.08861	1.08870	48	0	9
2024.03.12	14:34:00	1.08870	1.08876	1.08864	1.08873	89	0	10
2024.03.12	14:35:00	1.08873	1.08890	1.08871	1.08888	97	0	10
2024.03.12	14:36:00	1.08888	1.08893	1.08872	1.08874	31	0	11
2024.03.12	14:37:00	1.08874	1.08887	1.08869	1.08874	128	0	10
2024.03.12	14:38:00	1.08874	1.08909	1.08870	1.08896	59	0	9
2024.03.12	14:39:00	1.08896	1.08904	1.08884	1.08891	56	0	8
2024.03.12	14:40:00	1.08891	1.08899	1.08886	1.08893	155	0	11
2024.03.12	14:41:00	1.08893	1.08920	1.08889	1.08913	21	0	12
2024.03.12	14:42:00	1.08913	1.08925	1.08905	1.08906	29	0	12
2024.03.12	14:43:00	1.08906	1.08915	1.08896	1.08903	123	0	10
2024.03.12	14:44:00	1.08903	1.08910	1.08874	1.08879	162	0	9
2024.03.12	14:45:00	1.08879	1.08902	1.08874	1.08897	154	0	12
2024.03.12	14:46:00	1.08897	1.08900	1.08877	1.08882	47	0	9
2024.03.12	14:47:00	1.08882	1.08914	1.08881	1.08907	125	0	8
2024.03.12	14:48:00	1.08907	1.08943	1.08901	1.08936	176	0	12
2024.03.12	14:49:00	1.08936	1.08950	1.08935	1.08945	149	0	9
2024.03.12	14:50:00	1.08945	1.08968	1.08943	1.08968	133	0	8
2024.03.12	14:51:00	1.08968	1.08992	1.08965	1.08985	178	0	11
2024.03.12	14:52:00	1.08985	1.08993	1.08968	1.08969	120	0	8
2024.03.12	14:53:00	1.08969	1.08969	1.08956	1.08960	38	0	11
2024.03.12	14:54:00	1.08960	1.08963	1.08945	1.08952	51	0	9
2024.03.12	14:55:00	1.08952	1.08967	1.08952	1.08962	131	0	12
2024.03.12	14:56:00	1.08962	1.08969	1.08949	1.08950	12	0	10
2024.03.12	14:57:00	1.08950	1.08969	1.08931	1.08938	104	0	10
2024.03.12	14:58:00	1.08938	1.08946	1.08932	1.08945	74	0	12
2024.03.12	14:59:00	1.08945	1.08968	1.08942	1.08961	153	0	10
2024.03.12	15:00:00	1.08961	1.08975	1.08952	1.08966	157	0	8
2024.03.12	15:01:00	1.08966	1.08980	1.08966	1.08975	126	0	10
2024.03.12	15:02:00	1.08975	1.08979	1.08962	1.08965	56	0	10
2024.03.12	15:03:00	1.08965	1.08976	1.08952	1.08972	174	0	12
2024.03.12	15:04:00	1.08972	1.08985	1.08970	1.08984	40	0	10
2024.03.12	15:05:00	1.08984	1.09005	1.08979	1.09002	160	0	11
2024.03.12	15:06:00	1.09002	1.09013	1.09001	1.09009	52	0	8
2024.03.12	15:07:00	1.09009	1.09025	1.09006	1.09023	86	0	11
2024.03.12	15:08:00	1.09023	1.09058	1.09023	1.09055	18	0	9
2024.03.12	15:09:00	1.09055	1.09089	1.09047	1.09080	134	0	8
2024.03.12	15:10:00	1.09080	1.09081	1.09062	1.09072	104	0	12
2024.03.12	15:11:00	1.09072	1.09072	1.09068	1.09070	17	0	10
2024.03.12	15:12:00	1.09070	1.09077	1.09062	1.09062	66	0	8
2024.03.12	15:13:00	1.09062	1.09064	1.09054	1.09057	88	0	11
2024.03.12	15:14:00	1.09057	1.09076	1.09056	1.09071	141	0	10
2024.03.12	15:15:00	1.09071	1.09075	1.09070	1.09074	79	0	8
2024.03.12	15:16:00	1.09074	1.09089	1.09072	1.09089	11	0	10
2024.03.12	15:17:00	1.09089	1.09092	1.09074	1.09075	102	0	11
2024.03.12	15:18:00	1.09075	1.09089	1.09070	1.09084	167	0	10
2024.03.12	15:19:00	1.09084	1.09094	1.09077	1.09094	154	0	8
2024.03.12	15:20:00	1.09094	1.09097	1.09083	1.09088	148	0	10
2024.03.12	15:21:00	1.09088	1.09096	1.09069	1.09080	97	0	9
2024.03.12	15:22:00	1.09080	1.09101	1.09072	1.09097	168	0	12
2024.03.12	15:23:00	1.09097	1.09099	1.09072	1.09075	89	0	9
2024.03.12	15:24:00	1.09075	1.09081	1.09068	1.09069	109	0	8
2024.03.12	15:25:00	1.09069	1.09069	1.09052	1.09062	25	0	9
2024.03.12	15:26:00	1.09062	1.09065	1.09037	1.09038	70	0	9
2024.03.12	15:27:00	1.09038	1.09047	1.09028	1.09035	124	0	11
2024.03.12	15:28:00	1.09035	1.09058	1.09027	1.09056	106	0	10
2024.03.12	15:29:00	1.09056	1.09083	1.09054	1.09079	85	0	8
2024.03.12	15:30:00	1.09079	1.09085	1.09075	1.09081	63	0	9
2024.03.12	15:31:00	1.09081	1.09085	1.09069	1.09072	97	0	10
2024.03.12	15:32:00	1.09072	1.09078	1.09067	1.09071	152	0	12
2024.03.12	15:33:00	1.09071	1.09074	1.09064	1.09068	103	0	11
2024.03.12	15:34:00	1.09068	1.09072	1.09052	1.09054	13	0	11
2024.03.12	15:35:00	1.09054	1.09066	1.09047	1.09059	163	0	10
2024.03.12	15:36:00	1.09059	1.09065	1.09048	1.09051	122	0	11
2024.03.12	15:37:00	1.09051	1.09062	1.09049	1.09060	83	0	10
2024.03.12	15:38:00	1.09060	1.09063	1.09053	1.09057	64	0	11
2024.03.12	15:39:00	1.09057	1.09063	1.09054	1.09062	172	0	10
2024.03.12	15:40:00	1.09062	1.09065	1.09050	1.09054	111	0	10
2024.03.12	15:41:00	1.09054	1.09084	1.09049	1.09081	48	0	11
2024.03.12	15:42:00	1.09081	1.09081	1.09069	1.09070	34	0	10
2024.03.12	15:43:00	1.09070	1.09076	1.09061	1.09065	57	0	10
2024.03.12	15:44:00	1.09065	1.09066	1.09059	1.09063	20	0	11
2024.03.12	15:45:00	1.09063	1.09071	1.09061	1.09067	114	0	8
2024.03.12	15:46:00	1.09067	1.09070	1.09065	1.09068	178	0	11
2024.03.12	15:47:00	1.09068	1.09074	1.09055	1.09058	153	0	9
2024.03.12	15:48:00	1.09058	1.09084	1.09056	1.09070	176	0	10
2024.03.12	15:49:00	1.09070	1.09072	1.09053	1.09055	88	0	10
2024.03.12	15:50:00	1.09055	1.09091	1.09049	1.09090	109	0	10
2024.03.12	15:51:00	1.09090	1.09119	1.09088	1.09110	135	0	8
2024.03.12	15:52:00	1.09110	1.09116	1.09106	1.09110	125	0	8
2024.03.12	15:53:00	1.09110	1.09114	1.09076	1.09090	82	0	9
2024.03.12	15:54:00	1.09090	1.09112	1.09082	1.09112	13	0	9
2024.03.12	15:55:00	1.09112	1.09129	1.09105	1.09126	96	0	10
2024.03.12	15:56:00	1.09126	1.09129	1.09115	1.09123	10	0	11
2024.03.12	15:57:00	1.09123	1.09155	1.09118	1.09150	66	0	11
2024.03.12	15:58:00	1.09150	1.09163	1.09147	1.09152	129	0	12
2024.03.12	15:59:00	1.09152	1.09156	1.09149	1.09153	66	0	11
2024.03.12	16:00:00	1.09153	1.09176	1.09149	1.09173	124	0	10
2024.03.12	16:01:00	1.09173	1.09178	1.09157	1.09162	10	0	10
2024.03.12	16:02:00	1.09162	1.09177	1.09157	1.09158	42	0	10
2024.03.12	16:03:00	1.09158	1.09165	1.09157	1.09159	45	0	9
2024.03.12	16:04:00	1.09159	1.09162	1.09142	1.09148	109	0	9
2024.03.12	16:05:00	1.09148	1.09149	1.09129	1.09137	91	0	12
2024.03.12	16:06:00	1.09137	1.09143	1.09112	1.09116	128	0	12
2024.03.12	16:07:00	1.09116	1.09126	1.09107	1.09120	50	0	9
2024.03.12	16:08:00	1.09120	1.09134	1.09107	1.09126	25	0	12
2024.03.12	16:09:00	1.09126	1.09140	1.09120	1.09130	104	0	11
2024.03.12	16:10:00	1.09130	1.09137	1.09112	1.09113	28	0	10
2024.03.12	16:11:00	1.09113	1.09116	1.09096	1.09110	154	0	12
2024.03.12	16:12:00	1.09110	1.09123	1.09108	1.09116	56	0	9
2024.03.12	16:13:00	1.09116	1.09133	1.09105	1.09133	70	0	10
2024.03.12	16:14:00	1.09133	1.09133	1.09130	1.09132	166	0	10
2024.03.12	16:15:00	1.09132	1.09138	1.09122	1.09125	85	0	8
2024.03.12	16:16:00	1.09125	1.09131	1.09110	1.09116	151	0	10
2024.03.12	16:17:00	1.09116	1.09124	1.09098	1.09104	64	0	9
2024.03.12	16:18:00	1.09104	1.09105	1.09092	1.09093	89	0	8
2024.03.12	16:19:00	1.09093	1.09135	1.09089	1.09120	95	0	9
2024.03.12	16:20:00	1.09120	1.09135	1.09117	1.09129	95	0	11
2024.03.12	16:21:00	1.09129	1.09146	1.09123	1.09143	89	0	8
2024.03.12	16:22:00	1.09143	1.09151	1.09132	1.09135	56	0	11
2024.03.12	16:23:00	1.09135	1.09156	1.09134	1.09151	179	0	10
2024.03.12	16:24:00	1.09151	1.09155	1.09142	1.09152	109	0	10
2024.03.12	16:25:00	1.09152	1.09155	1.09146	1.09153	157	0	10
2024.03.12	16:26:00	1.09153	1.09165	1.09152	1.09160	167	0	8
2024.03.12	16:27:00	1.09160	1.09164	1.09154	1.09160	78	0	10
2024.03.12	16:28:00	1.09160	1.09164	1.09159	1.09161	40	0	11
2024.03.12	16:29:00	1.09161	1.09166	1.09160	1.09165	89	0	11
2024.03.12	16:30:00	1.09165	1.09175	1.09155	1.09159	172	0	12
2024.03.12	16:31:00	1.09159	1.09170	1.09151	1.09169	19	0	11
2024.03.12	16:32:00	1.09169	1.09173	1.09139	1.09143	13	0	12
2024.03.12	16:33:00	1.09143	1.09145	1.09124	1.09127	150	0	9
2024.03.12	16:34:00	1.09127	1.09137	1.09123	1.09130	143	0	11
2024.03.12	16:35:00	1.09130	1.09140	1.09128	1.09138	76	0	10
2024.03.12	16:36:00	1.09138	1.09141	1.09123	1.09131	76	0	9
2024.03.12	16:37:00	1.09131	1.09137	1.09117	1.09119	52	0	10
2024.03.12	16:38:00	1.09119	1.09123	1.09110	1.09110	14	0	11
2024.03.12	16:39:00	1.09110	1.09111	1.09083	1.09089	143	0	8
2024.03.12	16:40:00	1.09089	1.09090	1.09075	1.09077	73	0	12
2024.03.12	16:41:00	1.09077	1.09090	1.09077	1.09087	91	0	10
2024.03.12	16:42:00	1.09087	1.09088	1.09072	1.09075	148	0	12
2024.03.12	16:43:00	1.09075	1.09086	1.09051	1.09059	123	0	8
2024.03.12	16:44:00	1.09059	1.09087	1.09047	1.09087	102	0	9
2024.03.12	16:45:00	1.09087	1.09099	1.09085	1.09099	23	0	12
2024.03.12	16:46:00	1.09099	1.09103	1.09088	1.09088	98	0	12
2024.03.12	16:47:00	1.09088	1.09102	1.09084	1.09101	169	0	10
2024.03.12	16:48:00	1.09101	1.09108	1.09084	1.09092	99	0	9
2024.03.12	16:49:00	1.09092	1.09106	1.09086	1.09105	71	0	12
2024.03.12	16:50:00	1.09105	1.09112	1.09095	1.09095	177	0	10
2024.03.12	16:51:00	1.09095	1.09114	1.09089	1.09107	171	0	10
2024.03.12	16:52:00	1.09107	1.09119	1.09099	1.09104	26	0	12
2024.03.12	16:53:00	1.09104	1.09107	1.09079	1.09081	71	0	12
2024.03.12	16:54:00	1.09081	1.09090	1.09078	1.09084	142	0	10
2024.03.12	16:55:00	1.09084	1.09084	1.09063	1.09066	140	0	8
2024.03.12	16:56:00	1.09066	1.09069	1.09048	1.09050	10	0	9
2024.03.12	16:57:00	1.09050	1.09058	1.09040	1.09053	82	0	9
2024.03.12	16:58:00	1.09053	1.09061	1.09050	1.09056	70	0	9
2024.03.12	16:59:00	1.09056	1.09060	1.09041	1.09049	173	0	10
2024.03.12	17:00:00	1.09049	1.09066	1.09048	1.09065	37	0	11
2024.03.12	17:01:00	1.09065	1.09075	1.09051	1.09053	144	0	11
2024.03.12	17:02:00	1.09053	1.09071	1.09044	1.09070	150	0	12
2024.03.12	17:03:00	1.09070	1.09073	1.09067	1.09072	47	0	12
2024.03.12	17:04:00	1.09072	1.09072	1.09056	1.09057	137	0	12
2024.03.12	17:05:00	1.09057	1.09063	1.09052	1.09063	78	0	9
2024.03.12	17:06:00	1.09063	1.09075	1.09062	1.09065	58	0	12
2024.03.12	17:07:00	1.09065	1.09072	1.09057	1.09068	97	0	10
2024.03.12	17:08:00	1.09068	1.09085	1.09067	1.09079	159	0	12
2024.03.12	17:09:00	1.09079	1.09092	1.09077	1.09087	72	0	9
2024.03.12	17:10:00	1.09087	1.09100	1.09075	1.09076	76	0	9
2024.03.12	17:11:00	1.09076	1.09078	1.09065	1.09069	65	0	10
2024.03.12	17:12:00	1.09069	1.09099	1.09064	1.09091	124	0	10
2024.03.12	17:13:00	1.09091	1.09102	1.09088	1.09098	93	0	8
2024.03.12	17:14:00	1.09098	1.09106	1.09068	1.09069	80	0	12
2024.03.12	17:15:00	1.09069	1.09086	1.09061	1.09081	85	0	8
2024.03.12	17:16:00	1.09081	1.09089	1.09071	1.09073	62	0	8
2024.03.12	17:17:00	1.09073	1.09074	1.09064	1.09071	114	0	10
2024.03.12	17:18:00	1.09071	1.09075	1.09058	1.09064	169	0	12
2024.03.12	17:19:00	1.09064	1.09071	1.09050	1.09070	168	0	10
2024.03.12	17:20:00	1.09070	1.09083	1.09067	1.09074	120	0	10
2024.03.12	17:21:00	1.09074	1.09082	1.09053	1.09058	167	0	8
2024.03.12	17:22:00	1.09058	1.09067	1.09026	1.09035	103	0	10
2024.03.12	17:23:00	1.09035	1.09041	1.09025	1.09027	121	0	10
2024.03.12	17:24:00	1.09027	1.09032	1.09004	1.09012	180	0	10
2024.03.12	17:25:00	1.09012	1.09031	1.09010	1.09027	31	0	10
2024.03.12	17:26:00	1.09027	1.09028	1.09003	1.09004	70	0	11
2024.03.12	17:27:00	1.09004	1.09016	1.08993	1.08995	178	0	8
2024.03.12	17:28:00	1.08995	1.09000	1.08991	1.09000	103	0	12
2024.03.12	17:29:00	1.09000	1.09010	1.08997	1.09006	118	0	11
2024.03.12	17:30:00	1.09006	1.09007	1.08987	1.08994	114	0	8
2024.03.12	17:31:00	1.08994	1.09017	1.08990	1.09007	16	0	11
2024.03.12	17:32:00	1.09007	1.09007	1.08984	1.08992	8	0	10
2024.03.12	17:33:00	1.08992	1.08995	1.08981	1.08989	106	0	10
2024.03.12	17:34:00	1.08989	1.08996	1.08972	1.08979	107	0	8
2024.03.12	17:35:00	1.08979	1.08997	1.08975	1.08989	78	0	12
2024.03.12	17:36:00	1.08989	1.08999	1.08983	1.08992	85	0	11
2024.03.12	17:37:00	1.08992	1.09018	1.08991	1.09009	36	0	10
2024.03.12	17:38:00	1.09009	1.09010	1.09007	1.09008	82	0	10
2024.03.12	17:39:00	1.09008	1.09015	1.09005	1.09005	89	0	9
2024.03.12	17:40:00	1.09005	1.09007	1.08998	1.09000	123	0	12
2024.03.12	17:41:00	1.09000	1.09005	1.08977	1.08979	44	0	8
2024.03.12	17:42:00	1.08979	1.08999	1.08979	1.08997	20	0	10
2024.03.12	17:43:00	1.08997	1.09031	1.08996	1.09018	60	0	12
2024.03.12	17:44:00	1.09018	1.09022	1.09005	1.09015	70	0	8
2024.03.12	17:45:00	1.09015	1.09025	1.09014	1.09019	98	0	9
2024.03.12	17:46:00	1.09019	1.09038	1.09015	1.09031	145	0	8
2024.03.12	17:47:00	1.09031	1.09039	1.09025	1.09026	176	0	10
2024.03.12	17:48:00	1.09026	1.09032	1.08994	1.09000	20	0	10
2024.03.12	17:49:00	1.09000	1.09002	1.08996	1.08999	19	0	10
2024.03.12	17:50:00	1.08999	1.09000	1.08987	1.08990	19	0	9
2024.03.12	17:51:00	1.08990	1.08992	1.08984	1.08989	144	0	9
2024.03.12	17:52:00	1.08989	1.09002	1.08968	1.08973	158	0	10
2024.03.12	17:53:00	1.08973	1.08976	1.08961	1.08964	117	0	8
2024.03.12	17:54:00	1.08964	1.08964	1.08954	1.08962	83	0	9
2024.03.12	17:55:00	1.08962	1.08967	1.08958	1.08967	143	0	10
2024.03.12	17:56:00	1.08967	1.08990	1.08955	1.08988	94	0	10
2024.03.12	17:57:00	1.08988	1.09008	1.08974	1.09007	157	0	10
2024.03.12	17:58:00	1.09007	1.09007	1.08997	1.09000	115	0	8
2024.03.12	17:59:00	1.09000	1.09011	1.08989	1.09011	8	0	10
2024.03.12	18:00:00	1.09011	1.09016	1.09003	1.09014	137	0	11
2024.03.12	18:01:00	1.09014	1.09024	1.09006	1.09011	46	0	12
2024.03.12	18:02:00	1.09011	1.09034	1.09011	1.09034	40	0	10
2024.03.12	18:03:00	1.09034	1.09068	1.09033	1.09061	41	0	10
2024.03.12	18:04:00	1.09061	1.09072	1.09044	1.09054	109	0	10
2024.03.12	18:05:00	1.09054	1.09058	1.09034	1.09037	66	0	11
2024.03.12	18:06:00	1.09037	1.09038	1.09031	1.09034	94	0	12
2024.03.12	18:07:00	1.09034	1.09047	1.09030	1.09046	85	0	11
2024.03.12	18:08:00	1.09046	1.09049	1.09044	1.09047	177	0	12
2024.03.12	18:09:00	1.09047	1.09048	1.09046	1.09046	169	0	8
2024.03.12	18:10:00	1.09046	1.09059	1.09042	1.09047	52	0	10
2024.03.12	18:11:00	1.09047	1.09065	1.09045	1.09052	101	0	8
2024.03.12	18:12:00	1.09052	1.09059	1.09049	1.09055	17	0	9
2024.03.12	18:13:00	1.09055	1.09065	1.09048	1.09063	32	0	8
2024.03.12	18:14:00	1.09063	1.09063	1.09050	1.09057	133	0	11
2024.03.12	18:15:00	1.09057	1.09063	1.09056	1.09063	49	0	9
2024.03.12	18:16:00	1.09063	1.09066	1.09038	1.09045	79	0	12
2024.03.12	18:17:00	1.09045	1.09047	1.09031	1.09032	168	0	10
2024.03.12	18:18:00	1.09032	1.09036	1.09032	1.09035	177	0	11
2024.03.12	18:19:00	1.09035	1.09037	1.09004	1.09008	53	0	11
2024.03.12	18:20:00	1.09008	1.09026	1.09002	1.09019	171	0	11
2024.03.12	18:21:00	1.09019	1.09032	1.09014	1.09028	125	0	12
2024.03.12	18:22:00	1.09028	1.09060	1.09025	1.09051	154	0	8
2024.03.12	18:23:00	1.09051	1.09080	1.09047	1.09068	96	0	12
2024.03.12	18:24:00	1.09068	1.09069	1.09064	1.09068	180	0	11
2024.03.12	18:25:00	1.09068	1.09078	1.09066	1.09072	79	0	10
2024.03.12	18:26:00	1.09072	1.09078	1.09061	1.09063	114	0	8
2024.03.12	18:27:00	1.09063	1.09077	1.09062	1.09074	98	0	11
2024.03.12	18:28:00	1.09074	1.09083	1.09073	1.09082	111	0	10
2024.03.12	18:29:00	1.09082	1.09093	1.09080	1.09091	172	0	11
2024.03.12	18:30:00	1.09091	1.09113	1.09082	1.09099	59	0	10
2024.03.12	18:31:00	1.09099	1.09103	1.09094	1.09103	114	0	9
2024.03.12	18:32:00	1.09103	1.09106	1.09088	1.09089	119	0	10
2024.03.12	18:33:00	1.09089	1.09097	1.09073	1.09079	11	0	12
2024.03.12	18:34:00	1.09079	1.09081	1.09066	1.09067	85	0	8
2024.03.12	18:35:00	1.09067	1.09070	1.09062	1.09063	120	0	10
2024.03.12	18:36:00	1.09063	1.09066	1.09044	1.09049	11	0	8
2024.03.12	18:37:00	1.09049	1.09051	1.09043	1.09046	67	0	11
2024.03.12	18:38:00	1.09046	1.09050	1.09029	1.09030	90	0	12
2024.03.12	18:39:00	1.09030	1.09037	1.09026	1.09035	71	0	9
2024.03.12	18:40:00	1.09035	1.09038	1.09015	1.09021	72	0	8
2024.03.12	18:41:00	1.09021	1.09021	1.09007	1.09011	65	0	10
2024.03.12	18:42:00	1.09011	1.09015	1.08997	1.09008	35	0	9
2024.03.12	18:43:00	1.09008	1.09011	1.08998	1.09006	76	0	10
2024.03.12	18:44:00	1.09006	1.09008	1.08989	1.08998	92	0	11
2024.03.12	18:45:00	1.08998	1.08998	1.08994	1.08995	167	0	10
2024.03.12	18:46:00	1.08995	1.09016	1.08988	1.09009	108	0	9
2024.03.12	18:47:00	1.09009	1.09011	1.09008	1.09010	167	0	12
2024.03.12	18:48:00	1.09010	1.09018	1.09004	1.09007	131	0	10
2024.03.12	18:49:00	1.09007	1.09018	1.08994	1.09017	93	0	11
2024.03.12	18:50:00	1.09017	1.09024	1.08996	1.09006	148	0	10
2024.03.12	18:51:00	1.09006	1.09015	1.09005	1.09007	115	0	8
2024.03.12	18:52:00	1.09007	1.09011	1.09000	1.09003	56	0	10
2024.03.12	18:53:00	1.09003	1.09004	1.08989	1.08994	67	0	10
2024.03.12	18:54:00	1.08994	1.09000	1.08976	1.08980	34	0	8
2024.03.12	18:55:00	1.08980	1.08999	1.08972	1.08997	122	0	9
2024.03.12	18:56:00	1.08997	1.09006	1.08977	1.08984	145	0	9
2024.03.12	18:57:00	1.08984	1.09004	1.08980	1.08993	31	0	12
2024.03.12	18:58:00	1.08993	1.09004	1.08987	1.08988	38	0	9
2024.03.12	18:59:00	1.08988	1.09009	1.08984	1.09001	20	0	10
2024.03.12	19:00:00	1.09001	1.09005	1.08996	1.09001	104	0	10
2024.03.12	19:01:00	1.09001	1.09027	1.08997	1.09021	108	0	9
2024.03.12	19:02:00	1.09021	1.09023	1.09004	1.09009	180	0	9
2024.03.12	19:03:00	1.09009	1.09011	1.09003	1.09004	58	0	10
2024.03.12	19:04:00	1.09004	1.09010	1.09001	1.09010	49	0	9
2024.03.12	19:05:00	1.09010	1.09017	1.09009	1.09016	102	0	9
2024.03.12	19:06:00	1.09016	1.09030	1.08984	1.09001	50	0	10
2024.03.12	19:07:00	1.09001	1.09012	1.08966	1.08969	103	0	11
2024.03.12	19:08:00	1.08969	1.08972	1.08948	1.08952	108	0	10
2024.03.12	19:09:00	1.08952	1.08964	1.08942	1.08944	54	0	12
2024.03.12	19:10:00	1.08944	1.08947	1.08935	1.08936	39	0	11
2024.03.12	19:11:00	1.08936	1.08941	1.08929	1.08937	70	0	12
2024.03.12	19:12:00	1.08937	1.08940	1.08930	1.08935	138	0	10
2024.03.12	19:13:00	1.08935	1.08942	1.08922	1.08928	83	0	10
2024.03.12	19:14:00	1.08928	1.08944	1.08927	1.08939	59	0	11
2024.03.12	19:15:00	1.08939	1.08955	1.08937	1.08949	85	0	11
2024.03.12	19:16:00	1.08949	1.08953	1.08925	1.08928	138	0	10
2024.03.12	19:17:00	1.08928	1.08943	1.08921	1.08942	55	0	10
2024.03.12	19:18:00	1.08942	1.08948	1.08937	1.08939	60	0	9
2024.03.12	19:19:00	1.08939	1.08945	1.08936	1.08941	55	0	12
2024.03.12	19:20:00	1.08941	1.08943	1.08928	1.08932	34	0	9
2024.03.12	19:21:00	1.08932	1.08937	1.08906	1.08909	52	0	11
2024.03.12	19:22:00	1.08909	1.08928	1.08908	1.08918	119	0	9
2024.03.12	19:23:00	1.08918	1.08923	1.08914	1.08915	107	0	10
2024.03.12	19:24:00	1.08915	1.08920	1.08905	1.08908	119	0	9
2024.03.12	19:25:00	1.08908	1.08915	1.08883	1.08886	14	0	10
2024.03.12	19:26:00	1.08886	1.08897	1.08883	1.08889	113	0	10
2024.03.12	19:27:00	1.08889	1.08891	1.08886	1.08889	159	0	10
2024.03.12	19:28:00	1.08889	1.08893	1.08885	1.08890	83	0	9
2024.03.12	19:29:00	1.08890	1.08899	1.08884	1.08890	92	0	11
2024.03.12	19:30:00	1.08890	1.08898	1.08880	1.08891	10	0	8
2024.03.12	19:31:00	1.08891	1.08905	1.08887	1.08903	71	0	10
2024.03.12	19:32:00	1.08903	1.08906	1.08891	1.08898	27	0	8
2024.03.12	19:33:00	1.08898	1.08903	1.08891	1.08892	87	0	10
2024.03.12	19:34:00	1.08892	1.08898	1.08859	1.08870	149	0	11
2024.03.12	19:35:00	1.08870	1.08887	1.08867	1.08885	27	0	12
2024.03.12	19:36:00	1.08885	1.08893	1.08877	1.08889	148	0	8
2024.03.12	19:37:00	1.08889	1.08908	1.08882	1.08895	92	0	10
2024.03.12	19:38:00	1.08895	1.08904	1.08885	1.08889	165	0	10
2024.03.12	19:39:00	1.08889	1.08899	1.08879	1.08892	140	0	10
2024.03.12	19:40:00	1.08892	1.08908	1.08887	1.08899	12	0	9
2024.03.12	19:41:00	1.08899	1.08910	1.08887	1.08892	128	0	10
2024.03.12	19:42:00	1.08892	1.08907	1.08888	1.08901	143	0	8
2024.03.12	19:43:00	1.08901	1.08912	1.08895	1.08904	76	0	12
2024.03.12	19:44:00	1.08904	1.08908	1.08884	1.08893	175	0	12
2024.03.12	19:45:00	1.08893	1.08899	1.08883	1.08896	41	0	9
2024.03.12	19:46:00	1.08896	1.08898	1.08890	1.08896	76	0	9
2024.03.12	19:47:00	1.08896	1.08917	1.08890	1.08906	56	0	10
2024.03.12	19:48:00	1.08906	1.08909	1.08896	1.08899	84	0	11
2024.03.12	19:49:00	1.08899	1.08907	1.08882	1.08882	110	0	10
2024.03.12	19:50:00	1.08882	1.08889	1.08880	1.08881	120	0	11
2024.03.12	19:51:00	1.08881	1.08886	1.08876	1.08879	88	0	11
2024.03.12	19:52:00	1.08879	1.08895	1.08875	1.08895	47	0	11
2024.03.12	19:53:00	1.08895	1.08916	1.08889	1.08909	179	0	8
2024.03.12	19:54:00	1.08909	1.08912	1.08877	1.08896	155	0	12
2024.03.12	19:55:00	1.08896	1.08920	1.08890	1.08915	137	0	9
2024.03.12	19:56:00	1.08915	1.08921	1.08903	1.08916	80	0	10
2024.03.12	19:57:00	1.08916	1.08929	1.08903	1.08912	175	0	10
2024.03.12	19:58:00	1.08912	1.08926	1.08907	1.08914	106	0	11
2024.03.12	19:59:00	1.08914	1.08920	1.08912	1.08918	94	0	8
2024.03.12	20:00:00	1.08918	1.08923	1.08917	1.08917	9	0	9
2024.03.12	20:01:00	1.08917	1.08918	1.08891	1.08906	107	0	11
2024.03.12	20:02:00	1.08906	1.08930	1.08901	1.08919	123	0	12
2024.03.12	20:03:00	1.08919	1.08920	1.08908	1.08911	31	0	10
2024.03.12	20:04:00	1.08911	1.08926	1.08908	1.08913	63	0	11
2024.03.12	20:05:00	1.08913	1.08919	1.08908	1.08910	177	0	10
2024.03.12	20:06:00	1.08910	1.08919	1.08906	1.08917	90	0	10
2024.03.12	20:07:00	1.08917	1.08920	1.08913	1.08915	123	0	12
2024.03.12	20:08:00	1.08915	1.08917	1.08895	1.08895	124	0	12
2024.03.12	20:09:00	1.08895	1.08908	1.08885	1.08900	81	0	10
2024.03.12	20:10:00	1.08900	1.08923	1.08900	1.08920	76	0	8
2024.03.12	20:11:00	1.08920	1.08930	1.08911	1.08918	89	0	9
2024.03.12	20:12:00	1.08918	1.08942	1.08911	1.08939	84	0	9
2024.03.12	20:13:00	1.08939	1.08942	1.08923	1.08924	84	0	9
2024.03.12	20:14:00	1.08924	1.08938	1.08910	1.08934	92	0	8
2024.03.12	20:15:00	1.08934	1.08944	1.08923	1.08926	73	0	9
2024.03.12	20:16:00	1.08926	1.08926	1.08916	1.08925	72	0	8
2024.03.12	20:17:00	1.08925	1.08933	1.08924	1.08929	29	0	10
2024.03.12	20:18:00	1.08929	1.08949	1.08928	1.08946	136	0	8
2024.03.12	20:19:00	1.08946	1.08953	1.08918	1.08923	113	0	11
2024.03.12	20:20:00	1.08923	1.08933	1.08911	1.08913	123	0	12
2024.03.12	20:21:00	1.08913	1.08917	1.08904	1.08907	8	0	12
2024.03.12	20:22:00	1.08907	1.08918	1.08900	1.08915	168	0	9
2024.03.12	20:23:00	1.08915	1.08925	1.08895	1.08908	75	0	12
2024.03.12	20:24:00	1.08908	1.08918	1.08901	1.08903	39	0	9
2024.03.12	20:25:00	1.08903	1.08904	1.08875	1.08880	76	0	10
2024.03.12	20:26:00	1.08880	1.08892	1.08873	1.08892	89	0	10
2024.03.12	20:27:00	1.08892	1.08894	1.08884	1.08887	85	0	10
2024.03.12	20:28:00	1.08887	1.08897	1.08886	1.08896	58	0	9
2024.03.12	20:29:00	1.08896	1.08902	1.08882	1.08890	39	0	12
2024.03.12	20:30:00	1.08890	1.08892	1.08887	1.08888	48	0	10
2024.03.12	20:31:00	1.08888	1.08898	1.08883	1.08896	100	0	11
2024.03.12	20:32:00	1.08896	1.08900	1.08896	1.08896	69	0	10
2024.03.12	20:33:00	1.08896	1.08898	1.08855	1.08869	114	0	8
2024.03.12	20:34:00	1.08869	1.08870	1.08865	1.08870	124	0	12
2024.03.12	20:35:00	1.08870	1.08881	1.08864	1.08881	52	0	10
2024.03.12	20:36:00	1.08881	1.08892	1.08875	1.08891	149	0	10
2024.03.12	20:37:00	1.08891	1.08899	1.08887	1.08898	49	0	10
2024.03.12	20:38:00	1.08898	1.08899	1.08878	1.08880	148	0	9
2024.03.12	20:39:00	1.08880	1.08892	1.08868	1.08889	104	0	8
2024.03.12	20:40:00	1.08889	1.08900	1.08887	1.08899	90	0	10
2024.03.12	20:41:00	1.08899	1.08900	1.08890	1.08896	48	0	10
2024.03.12	20:42:00	1.08896	1.08898	1.08880	1.08889	96	0	10
2024.03.12	20:43:00	1.08889	1.08900	1.08885	1.08888	176	0	12
2024.03.12	20:44:00	1.08888	1.08906	1.08875	1.08877	65	0	10
2024.03.12	20:45:00	1.08877	1.08899	1.08875	1.08890	107	0	9
2024.03.12	20:46:00	1.08890	1.08891	1.08885	1.08888	52	0	10
2024.03.12	20:47:00	1.08888	1.08917	1.08881	1.08900	139	0	8
2024.03.12	20:48:00	1.08900	1.08910	1.08897	1.08908	162	0	12
2024.03.12	20:49:00	1.08908	1.08918	1.08890	1.08902	153	0	10
2024.03.12	20:50:00	1.08902	1.08909	1.08896	1.08906	132	0	8
2024.03.12	20:51:00	1.08906	1.08913	1.08896	1.08909	68	0	10
2024.03.12	20:52:00	1.08909	1.08925	1.08903	1.08924	107	0	10
2024.03.12	20:53:00	1.08924	1.08954	1.08922	1.08951	166	0	12
2024.03.12	20:54:00	1.08951	1.08955	1.08933	1.08942	57	0	10
2024.03.12	20:55:00	1.08942	1.08965	1.08938	1.08959	9	0	10
2024.03.12	20:56:00	1.08959	1.08979	1.08955	1.08976	106	0	11
2024.03.12	20:57:00	1.08976	1.08989	1.08974	1.08984	163	0	9
2024.03.12	20:58:00	1.08984	1.08990	1.08965	1.08966	64	0	11
2024.03.12	20:59:00	1.08966	1.08980	1.08957	1.08966	45	0	11
2024.03.12	21:00:00	1.08966	1.08974	1.08958	1.08973	24	0	8
2024.03.12	21:01:00	1.08973	1.08973	1.08940	1.08944	123	0	9
2024.03.12	21:02:00	1.08944	1.08948	1.08920	1.08927	83	0	10
2024.03.12	21:03:00	1.08927	1.08940	1.08926	1.08930	39	0	12
2024.03.12	21:04:00	1.08930	1.08937	1.08910	1.08921	165	0	9
2024.03.12	21:05:00	1.08921	1.08924	1.08915	1.08921	148	0	11
2024.03.12	21:06:00	1.08921	1.08944	1.08917	1.08938	42	0	10
2024.03.12	21:07:00	1.08938	1.08951	1.08922	1.08941	151	0	10
2024.03.12	21:08:00	1.08941	1.08948	1.08938	1.08943	25	0	9
2024.03.12	21:09:00	1.08943	1.08944	1.08925	1.08929	73	0	9
2024.03.12	21:10:00	1.08929	1.08936	1.08907	1.08918	173	0	12
2024.03.12	21:11:00	1.08918	1.08937	1.08903	1.08933	31	0	12
2024.03.12	21:12:00	1.08933	1.08944	1.08926	1.08936	91	0	8
2024.03.12	21:13:00	1.08936	1.08942	1.08935	1.08939	91	0	8
2024.03.12	21:14:00	1.08939	1.08940	1.08937	1.08937	59	0	12
2024.03.12	21:15:00	1.08937	1.08939	1.08935	1.08936	139	0	11
2024.03.12	21:16:00	1.08936	1.08939	1.08929	1.08929	163	0	11
2024.03.12	21:17:00	1.08929	1.08940	1.08925	1.08938	77	0	8
2024.03.12	21:18:00	1.08938	1.08961	1.08935	1.08953	143	0	9
2024.03.12	21:19:00	1.08953	1.08955	1.08919	1.08923	78	0	8
2024.03.12	21:20:00	1.08923	1.08931	1.08922	1.08923	149	0	10
2024.03.12	21:21:00	1.08923	1.08929	1.08918	1.08927	37	0	9
2024.03.12	21:22:00	1.08927	1.08932	1.08923	1.08929	143	0	10
2024.03.12	21:23:00	1.08929	1.08936	1.08925	1.08933	117	0	12
2024.03.12	21:24:00	1.08933	1.08937	1.08928	1.08931	66	0	12
2024.03.12	21:25:00	1.08931	1.08946	1.08930	1.08940	54	0	11
2024.03.12	21:26:00	1.08940	1.08943	1.08938	1.08942	23	0	9
2024.03.12	21:27:00	1.08942	1.08950	1.08941	1.08946	16	0	8
2024.03.12	21:28:00	1.08946	1.08957	1.08942	1.08944	42	0	9
2024.03.12	21:29:00	1.08944	1.08946	1.08935	1.08942	52	0	9
2024.03.12	21:30:00	1.08942	1.08947	1.08930	1.08939	159	0	10
2024.03.12	21:31:00	1.08939	1.08958	1.08938	1.08950	124	0	10
2024.03.12	21:32:00	1.08950	1.08971	1.08948	1.08967	15	0	10
2024.03.12	21:33:00	1.08967	1.08993	1.08958	1.08985	150	0	12
2024.03.12	21:34:00	1.08985	1.08993	1.08974	1.08975	102	0	10
2024.03.12	21:35:00	1.08975	1.08995	1.08964	1.08985	59	0	8
2024.03.12	21:36:00	1.08985	1.08985	1.08974	1.08983	123	0	12
2024.03.12	21:37:00	1.08983	1.09007	1.08976	1.09000	162	0	10
2024.03.12	21:38:00	1.09000	1.09009	1.08996	1.09002	100	0	10
2024.03.12	21:39:00	1.09002	1.09038	1.09002	1.09026	33	0	11
2024.03.12	21:40:00	1.09026	1.09032	1.09026	1.09030	68	0	9
2024.03.12	21:41:00	1.09030	1.09038	1.09020	1.09035	8	0	12
2024.03.12	21:42:00	1.09035	1.09037	1.09030	1.09036	12	0	12
2024.03.12	21:43:00	1.09036	1.09049	1.09029	1.09038	68	0	10
2024.03.12	21:44:00	1.09038	1.09060	1.09037	1.09058	163	0	12
2024.03.12	21:45:00	1.09058	1.09064	1.09053	1.09062	149	0	12
2024.03.12	21:46:00	1.09062	1.09084	1.09051	1.09081	21	0	8
2024.03.12	21:47:00	1.09081	1.09086	1.09069	1.09077	61	0	10
2024.03.12	21:48:00	1.09077	1.09093	1.09072	1.09089	11	0	10
2024.03.12	21:49:00	1.09089	1.09101	1.09086	1.09097	107	0	10
2024.03.12	21:50:00	1.09097	1.09112	1.09096	1.09111	68	0	10
2024.03.12	21:51:00	1.09111	1.09127	1.09109	1.09117	140	0	12
2024.03.12	21:52:00	1.09117	1.09123	1.09111	1.09116	123	0	10
2024.03.12	21:53:00	1.09116	1.09118	1.09094	1.09098	42	0	12
2024.03.12	21:54:00	1.09098	1.09099	1.09087	1.09090	74	0	9
2024.03.12	21:55:00	1.09090	1.09093	1.09080	1.09081	45	0	9
2024.03.12	21:56:00	1.09081	1.09101	1.09075	1.09094	28	0	10
2024.03.12	21:57:00	1.09094	1.09118	1.09089	1.09116	161	0	8
2024.03.12	21:58:00	1.09116	1.09142	1.09113	1.09140	176	0	9
2024.03.12	21:59:00	1.09140	1.09145	1.09130	1.09134	51	0	10
2024.03.12	23:00:00	1.09134	1.09135	1.09126	1.09130	30	0	10
2024.03.12	23:01:00	1.09130	1.09153	1.09128	1.09146	117	0	10
2024.03.12	23:02:00	1.09146	1.09162	1.09142	1.09161	42	0	11
2024.03.12	23:03:00	1.09161	1.09185	1.09157	1.09184	56	0	10
2024.03.12	23:04:00	1.09184	1.09184	1.09165	1.09173	101	0	8
2024.03.12	23:05:00	1.09173	1.09203	1.09172	1.09195	112	0	9
2024.03.12	23:06:00	1.09195	1.09218	1.09189	1.09217	40	0	12
2024.03.12	23:07:00	1.09217	1.09225	1.09203	1.09207	62	0	10
2024.03.12	23:08:00	1.09207	1.09213	1.09187	1.09194	140	0	9
2024.03.12	23:09:00	1.09194	1.09200	1.09183	1.09186	24	0	10
2024.03.12	23:10:00	1.09186	1.09188	1.09166	1.09173	56	0	9
2024.03.12	23:11:00	1.09173	1.09184	1.09162	1.09165	169	0	10
2024.03.12	23:12:00	1.09165	1.09170	1.09131	1.09138	30	0	9
2024.03.12	23:13:00	1.09138	1.09158	1.09131	1.09154	14	0	11
2024.03.12	23:14:00	1.09154	1.09160	1.09147	1.09149	99	0	10
2024.03.12	23:15:00	1.09149	1.09164	1.09140	1.09153	24	0	9
2024.03.12	23:16:00	1.09153	1.09158	1.09141	1.09141	150	0	10
2024.03.12	23:17:00	1.09141	1.09149	1.09124	1.09138	52	0	12
2024.03.12	23:18:00	1.09138	1.09139	1.09124	1.09134	108	0	8
2024.03.12	23:19:00	1.09134	1.09142	1.09128	1.09138	91	0	9
2024.03.12	23:20:00	1.09138	1.09141	1.09124	1.09131	57	0	11
2024.03.12	23:21:00	1.09131	1.09145	1.09102	1.09109	144	0	8
2024.03.12	23:22:00	1.09109	1.09133	1.09108	1.09120	38	0	9
2024.03.12	23:23:00	1.09120	1.09129	1.09112	1.09118	165	0	8
2024.03.12	23:24:00	1.09118	1.09124	1.09104	1.09108	111	0	10
2024.03.12	23:25:00	1.09108	1.09117	1.09092	1.09104	11	0	10
2024.03.12	23:26:00	1.09104	1.09105	1.09093	1.09105	151	0	11
2024.03.12	23:27:00	1.09105	1.09115	1.09098	1.09109	168	0	12
2024.03.12	23:28:00	1.09109	1.09124	1.09108	1.09120	100	0	12
2024.03.12	23:29:00	1.09120	1.09138	1.09114	1.09132	141	0	12
2024.03.12	23:30:00	1.09132	1.09138	1.09131	1.09136	52	0	10
2024.03.12	23:31:00	1.09136	1.09145	1.09119	1.09140	170	0	10
2024.03.12	23:32:00	1.09140	1.09142	1.09132	1.09133	124	0	8
2024.03.12	23:33:00	1.09133	1.09140	1.09118	1.09128	173	0	9
2024.03.12	23:34:00	1.09128	1.09133	1.09127	1.09132	21	0	10
2024.03.12	23:35:00	1.09132	1.09139	1.09109	1.09113	103	0	8
2024.03.12	23:36:00	1.09113	1.09126	1.09103	1.09120	162	0	11
2024.03.12	23:37:00	1.09120	1.09123	1.09084	1.09088	130	0	9
2024.03.12	23:38:00	1.09088	1.09114	1.09085	1.09109	78	0	10
2024.03.12	23:39:00	1.09109	1.09116	1.09102	1.09113	48	0	8
2024.03.12	23:40:00	1.09113	1.09136	1.09102	1.09133	81	0	8
2024.03.12	23:41:00	1.09133	1.09145	1.09129	1.09145	57	0	11
2024.03.12	23:42:00	1.09145	1.09151	1.09131	1.09133	119	0	12
2024.03.12	23:43:00	1.09133	1.09141	1.09133	1.09139	129	0	11
2024.03.12	23:44:00	1.09139	1.09164	1.09133	1.09155	22	0	10
2024.03.12	23:45:00	1.09155	1.09155	1.09152	1.09153	11	0	11
2024.03.12	23:46:00	1.09153	1.09161	1.09117	1.09123	123	0	9
2024.03.12	23:47:00	1.09123	1.09152	1.09107	1.09148	38	0	12
2024.03.12	23:48:00	1.09148	1.09151	1.09140	1.09143	21	0	12
2024.03.12	23:49:00	1.09143	1.09147	1.09137	1.09146	39	0	10
2024.03.12	23:50:00	1.09146	1.09148	1.09132	1.09139	66	0	10
2024.03.12	23:51:00	1.09139	1.09140	1.09122	1.09127	62	0	11
2024.03.12	23:52:00	1.09127	1.09132	1.09123	1.09128	60	0	11
2024.03.12	23:53:00	1.09128	1.09135	1.09128	1.09129	61	0	8
2024.03.12	23:54:00	1.09129	1.09130	1.09125	1.09129	97	0	8
2024.03.12	23:55:00	1.09129	1.09146	1.09118	1.09145	149	0	10
2024.03.12	23:56:00	1.09145	1.09159	1.09140	1.09153	46	0	10
2024.03.12	23:57:00	1.09153	1.09185	1.09146	1.09166	142	0	12
2024.03.12	23:58:00	1.09166	1.09169	1.09142	1.09146	16	0	10
2024.03.12	23:59:00	1.09146	1.09158	1.09138	1.09152	32	0	8
2024.03.13	00:00:00	1.09152	1.09163	1.09151	1.09158	168	0	11
2024.03.13	00:01:00	1.09158	1.09164	1.09135	1.09143	139	0	10
2024.03.13	00:02:00	1.09143	1.09148	1.09126	1.09127	169	0	10
2024.03.13	00:03:00	1.09127	1.09133	1.09103	1.09112	73	0	9
2024.03.13	00:04:00	1.09112	1.09122	1.09107	1.09121	153	0	12
2024.03.13	00:05:00	1.09121	1.09127	1.09119	1.09124	34	0	10
2024.03.13	00:06:00	1.09124	1.09126	1.09108	1.09109	70	0	10
2024.03.13	00:07:00	1.09109	1.09110	1.09096	1.09103	44	0	10
2024.03.13	00:08:00	1.09103	1.09106	1.09101	1.09105	11	0	8
2024.03.13	00:09:00	1.09105	1.09122	1.09098	1.09106	112	0	12
2024.03.13	00:10:00	1.09106	1.09108	1.09074	1.09074	84	0	10
2024.03.13	00:11:00	1.09074	1.09076	1.09060	1.09066	78	0	11
2024.03.13	00:12:00	1.09066	1.09073	1.09042	1.09049	82	0	10
2024.03.13	00:13:00	1.09049	1.09054	1.09019	1.09021	29	0	11
2024.03.13	00:14:00	1.09021	1.09045	1.09018	1.09033	11	0	10
2024.03.13	00:15:00	1.09033	1.09051	1.09028	1.09043	56	0	9
2024.03.13	00:16:00	1.09043	1.09065	1.09040	1.09046	44	0	10
2024.03.13	00:17:00	1.09046	1.09052	1.09026	1.09034	126	0	10
2024.03.13	00:18:00	1.09034	1.09050	1.09028	1.09036	10	0	10
2024.03.13	00:19:00	1.09036	1.09050	1.09027	1.09047	98	0	10
2024.03.13	00:20:00	1.09047	1.09056	1.09027	1.09031	18	0	11
2024.03.13	00:21:00	1.09031	1.09038	1.09024	1.09027	8	0	9
2024.03.13	00:22:00	1.09027	1.09031	1.09014	1.09020	151	0	8
2024.03.13	00:23:00	1.09020	1.09026	1.09005	1.09017	72	0	8
2024.03.13	00:24:00	1.09017	1.09024	1.09010	1.09014	107	0	8
2024.03.13	00:25:00	1.09014	1.09049	1.09006	1.09035	122	0	9
2024.03.13	00:26:00	1.09035	1.09039	1.09025	1.09027	125	0	10
2024.03.13	00:27:00	1.09027	1.09032	1.09011	1.09015	48	0	11
2024.03.13	00:28:00	1.09015	1.09019	1.09004	1.09005	107	0	12
2024.03.13	00:29:00	1.09005	1.09021	1.09001	1.09019	27	0	12
2024.03.13	00:30:00	1.09019	1.09022	1.09009	1.09013	140	0	10
2024.03.13	00:31:00	1.09013	1.09023	1.09008	1.09008	31	0	10
2024.03.13	00:32:00	1.09008	1.09016	1.08997	1.09011	80	0	12
2024.03.13	00:33:00	1.09011	1.09017	1.08994	1.08997	127	0	9
2024.03.13	00:34:00	1.08997	1.08998	1.08986	1.08987	120	0	10
2024.03.13	00:35:00	1.08987	1.08989	1.08976	1.08986	15	0	9
2024.03.13	00:36:00	1.08986	1.08990	1.08961	1.08967	111	0	11
2024.03.13	00:37:00	1.08967	1.08979	1.08956	1.08963	104	0	12
2024.03.13	00:38:00	1.08963	1.08977	1.08958	1.08974	143	0	10
2024.03.13	00:39:00	1.08974	1.08992	1.08970	1.08989	159	0	8
2024.03.13	00:40:00	1.08989	1.08994	1.08963	1.08964	106	0	10
2024.03.13	00:41:00	1.08964	1.08977	1.08953	1.08954	169	0	11
2024.03.13	00:42:00	1.08954	1.08977	1.08948	1.08968	60	0	11
2024.03.13	00:43:00	1.08968	1.08973	1.08960	1.08964	109	0	10
2024.03.13	00:44:00	1.08964	1.08966	1.08947	1.08948	30	0	10
2024.03.13	00:45:00	1.08948	1.08961	1.08948	1.08958	88	0	11
2024.03.13	00:46:00	1.08958	1.08968	1.08944	1.08947	75	0	10
2024.03.13	00:47:00	1.08947	1.08984	1.08944	1.08979	148	0	10
2024.03.13	00:48:00	1.08979	1.08993	1.08971	1.08989	70	0	10
2024.03.13	00:49:00	1.08989	1.09001	1.08980	1.08993	174	0	9
2024.03.13	00:50:00	1.08993	1.09003	1.08988	1.08998	150	0	11
2024.03.13	00:51:00	1.08998	1.09006	1.08989	1.08993	68	0	10
2024.03.13	00:52:00	1.08993	1.08997	1.08987	1.08987	75	0	9
2024.03.13	00:53:00	1.08987	1.08995	1.08986	1.08991	42	0	10
2024.03.13	00:54:00	1.08991	1.09007	1.08986	1.08996	133	0	10
2024.03.13	00:55:00	1.08996	1.08998	1.08983	1.08991	151	0	10
2024.03.13	00:56:00	1.08991	1.09000	1.08990	1.08995	157	0	8
2024.03.13	00:57:00	1.08995	1.08998	1.08987	1.08995	81	0	10
2024.03.13	00:58:00	1.08995	1.08998	1.08991	1.08991	93	0	10
2024.03.13	00:59:00	1.08991	1.09008	1.08977	1.08986	101	0	9
2024.03.13	01:00:00	1.08986	1.08996	1.08982	1.08995	27	0	9
2024.03.13	01:01:00	1.08995	1.08998	1.08991	1.08992	56	0	9
2024.03.13	01:02:00	1.08992	1.09004	1.08981	1.08986	98	0	10
2024.03.13	01:03:00	1.08986	1.08987	1.08972	1.08980	78	0	12
2024.03.13	01:04:00	1.08980	1.08982	1.08976	1.08977	109	0	8
2024.03.13	01:05:00	1.08977	1.08990	1.08976	1.08983	129	0	10
2024.03.13	01:06:00	1.08983	1.09003	1.08973	1.09001	177	0	8
2024.03.13	01:07:00	1.09001	1.09003	1.09001	1.09002	12	0	10
2024.03.13	01:08:00	1.09002	1.09005	1.08993	1.08995	47	0	9
2024.03.13	01:09:00	1.08995	1.09012	1.08991	1.09006	156	0	10
2024.03.13	01:10:00	1.09006	1.09010	1.08979	1.08995	150	0	10
2024.03.13	01:11:00	1.08995	1.09014	1.08994	1.09006	120	0	10
2024.03.13	01:12:00	1.09006	1.09008	1.08997	1.09008	170	0	12
2024.03.13	01:13:00	1.09008	1.09015	1.09000	1.09004	98	0	10
2024.03.13	01:14:00	1.09004	1.09012	1.08982	1.08987	158	0	11
2024.03.13	01:15:00	1.08987	1.08988	1.08959	1.08966	128	0	11
2024.03.13	01:16:00	1.08966	1.08972	1.08964	1.08971	90	0	9
2024.03.13	01:17:00	1.08971	1.08977	1.08962	1.08976	50	0	8
2024.03.13	01:18:00	1.08976	1.08979	1.08965	1.08967	164	0	10
2024.03.13	01:19:00	1.08967	1.09002	1.08964	1.08993	14	0	11
2024.03.13	01:20:00	1.08993	1.08995	1.08983	1.08993	105	0	9
2024.03.13	01:21:00	1.08993	1.09014	1.08990	1.09008	60	0	9
2024.03.13	01:22:00	1.09008	1.09008	1.09003	1.09006	143	0	10
2024.03.13	01:23:00	1.09006	1.09008	1.08983	1.08996	140	0	12
2024.03.13	01:24:00	1.08996	1.08999	1.08986	1.08987	133	0	10
2024.03.13	01:25:00	1.08987	1.08994	1.08975	1.08987	145	0	8
2024.03.13	01:26:00	1.08987	1.08997	1.08971	1.08994	165	0	8
2024.03.13	01:27:00	1.08994	1.08996	1.08981	1.08984	131	0	10
2024.03.13	01:28:00	1.08984	1.08995	1.08971	1.08981	154	0	10
2024.03.13	01:29:00	1.08981	1.08981	1.08971	1.08974	84	0	12
2024.03.13	01:30:00	1.08974	1.08977	1.08970	1.08976	100	0	9
2024.03.13	01:31:00	1.08976	1.09000	1.08975	1.08984	86	0	10
2024.03.13	01:32:00	1.08984	1.08995	1.08984	1.08993	172	0	9
2024.03.13	01:33:00	1.08993	1.08998	1.08988	1.08990	157	0	10
2024.03.13	01:34:00	1.08990	1.09002	1.08990	1.08998	95	0	10
2024.03.13	01:35:00	1.08998	1.09018	1.08993	1.09014	105	0	12
2024.03.13	01:36:00	1.09014	1.09018	1.09000	1.09003	84	0	12
2024.03.13	01:37:00	1.09003	1.09012	1.08986	1.08996	13	0	9
2024.03.13	01:38:00	1.08996	1.09001	1.08994	1.08999	49	0	10
2024.03.13	01:39:00	1.08999	1.09005	1.08998	1.09005	48	0	12
2024.03.13	01:40:00	1.09005	1.09006	1.08981	1.08992	175	0	10
2024.03.13	01:41:00	1.08992	1.09004	1.08986	1.08998	145	0	9
2024.03.13	01:42:00	1.08998	1.09000	1.08964	1.08977	104	0	8
2024.03.13	01:43:00	1.08977	1.08984	1.08971	1.08981	11	0	10
2024.03.13	01:44:00	1.08981	1.08987	1.08974	1.08975	87	0	12
2024.03.13	01:45:00	1.08975	1.08977	1.08965	1.08966	107	0	10
2024.03.13	01:46:00	1.08966	1.09000	1.08964	1.08994	66	0	10
2024.03.13	01:47:00	1.08994	1.09001	1.08981	1.08994	144	0	11
2024.03.13	01:48:00	1.08994	1.09003	1.08990	1.09003	158	0	8
2024.03.13	01:49:00	1.09003	1.09018	1.08999	1.09013	34	0	12
2024.03.13	01:50:00	1.09013	1.09040	1.09008	1.09030	22	0	8
2024.03.13	01:51:00	1.09030	1.09039	1.09028	1.09034	167	0	11
2024.03.13	01:52:00	1.09034	1.09039	1.09025	1.09027	98	0	12
2024.03.13	01:53:00	1.09027	1.09056	1.09023	1.09054	148	0	10
2024.03.13	01:54:00	1.09054	1.09065	1.09051	1.09059	157	0	10
2024.03.13	01:55:00	1.09059	1.09072	1.09051	1.09053	162	0	8
2024.03.13	01:56:00	1.09053	1.09058	1.09027	1.09035	147	0	9
2024.03.13	01:57:00	1.09035	1.09057	1.09024	1.09056	153	0	10
2024.03.13	01:58:00	1.09056	1.09059	1.09033	1.09042	48	0	11
2024.03.13	01:59:00	1.09042	1.09047	1.09035	1.09045	148	0	9
2024.03.13	02:00:00	1.09045	1.09047	1.09020	1.09021	154	0	11
2024.03.13	02:01:00	1.09021	1.09024	1.09011	1.09011	38	0	9
2024.03.13	02:02:00	1.09011	1.09034	1.09006	1.09027	19	0	10
2024.03.13	02:03:00	1.09027	1.09027	1.09019	1.09020	83	0	9
2024.03.13	02:04:00	1.09020	1.09043	1.09007	1.09037	17	0	11
2024.03.13	02:05:00	1.09037	1.09040	1.09013	1.09029	167	0	10
2024.03.13	02:06:00	1.09029	1.09038	1.09020	1.09023	140	0	8
2024.03.13	02:07:00	1.09023	1.09036	1.09023	1.09028	176	0	10
2024.03.13	02:08:00	1.09028	1.09042	1.09024	1.09036	49	0	12
2024.03.13	02:09:00	1.09036	1.09052	1.09030	1.09041	90	0	9
2024.03.13	02:10:00	1.09041	1.09043	1.09019	1.09026	110	0	12
2024.03.13	02:11:00	1.09026	1.09034	1.09021	1.09032	169	0	12
2024.03.13	02:12:00	1.09032	1.09086	1.09025	1.09079	14	0	12
2024.03.13	02:13:00	1.09079	1.09092	1.09074	1.09077	9	0	11
2024.03.13	02:14:00	1.09077	1.09084	1.09064	1.09072	10	0	8
2024.03.13	02:15:00	1.09072	1.09074	1.09064	1.09074	134	0	11
2024.03.13	02:16:00	1.09074	1.09077	1.09061	1.09066	140	0	10
2024.03.13	02:17:00	1.09066	1.09082	1.09064	1.09076	128	0	10
2024.03.13	02:18:00	1.09076	1.09096	1.09069	1.09093	171	0	10
2024.03.13	02:19:00	1.09093	1.09094	1.09081	1.09086	122	0	9
2024.03.13	02:20:00	1.09086	1.09093	1.09085	1.09087	15	0	9
2024.03.13	02:21:00	1.09087	1.09092	1.09070	1.09075	172	0	12
2024.03.13	02:22:00	1.09075	1.09076	1.09059	1.09061	46	0	10
2024.03.13	02:23:00	1.09061	1.09068	1.09055	1.09062	147	0	12
2024.03.13	02:24:00	1.09062	1.09065	1.09054	1.09063	150	0	12
2024.03.13	02:25:00	1.09063	1.09065	1.09040	1.09050	9	0	11
2024.03.13	02:26:00	1.09050	1.09052	1.09036	1.09044	62	0	8
2024.03.13	02:27:00	1.09044	1.09047	1.09032	1.09035	177	0	11
2024.03.13	02:28:00	1.09035	1.09078	1.09027	1.09073	71	0	12
2024.03.13	02:29:00	1.09073	1.09080	1.09062	1.09068	177	0	8
2024.03.13	02:30:00	1.09068	1.09069	1.09055	1.09056	154	0	10
2024.03.13	02:31:00	1.09056	1.09058	1.09045	1.09050	65	0	12
2024.03.13	02:32:00	1.09050	1.09056	1.09024	1.09037	50	0	10
2024.03.13	02:33:00	1.09037	1.09041	1.09036	1.09040	10	0	12
2024.03.13	02:34:00	1.09040	1.09047	1.09034	1.09035	144	0	8
2024.03.13	02:35:00	1.09035	1.09039	1.09032	1.09038	137	0	9
2024.03.13	02:36:00	1.09038	1.09072	1.09037	1.09069	23	0	8
2024.03.13	02:37:00	1.09069	1.09072	1.09066	1.09071	110	0	8
2024.03.13	02:38:00	1.09071	1.09089	1.09064	1.09086	156	0	8
2024.03.13	02:39:00	1.09086	1.09092	1.09086	1.09089	39	0	8
2024.03.13	02:40:00	1.09089	1.09095	1.09062	1.09079	152	0	9
2024.03.13	02:41:00	1.09079	1.09087	1.09077	1.09086	42	0	10
2024.03.13	02:42:00	1.09086	1.09107	1.09082	1.09104	167	0	11
2024.03.13	02:43:00	1.09104	1.09105	1.09082	1.09089	168	0	9
2024.03.13	02:44:00	1.09089	1.09108	1.09088	1.09101	167	0	8
2024.03.13	02:45:00	1.09101	1.09102	1.09096	1.09100	126	0	9
2024.03.13	02:46:00	1.09100	1.09113	1.09092	1.09113	48	0	10
2024.03.13	02:47:00	1.09113	1.09117	1.09092	1.09101	118	0	12
2024.03.13	02:48:00	1.09101	1.09101	1.09092	1.09101	84	0	12
2024.03.13	02:49:00	1.09101	1.09110	1.09098	1.09108	172	0	10
2024.03.13	02:50:00	1.09108	1.09116	1.09069	1.09081	126	0	10
2024.03.13	02:51:00	1.09081	1.09088	1.09073	1.09080	140	0	10
2024.03.13	02:52:00	1.09080	1.09083	1.09076	1.09080	166	0	10
2024.03.13	02:53:00	1.09080	1.09082	1.09076	1.09076	36	0	8
2024.03.13	02:54:00	1.09076	1.09099	1.09071	1.09093	139	0	8
2024.03.13	02:55:00	1.09093	1.09100	1.09093	1.09097	168	0	11
2024.03.13	02:56:00	1.09097	1.09107	1.09089	1.09091	18	0	12
2024.03.13	02:57:00	1.09091	1.09097	1.09080	1.09087	9	0	9
2024.03.13	02:58:00	1.09087	1.09092	1.09080	1.09086	113	0	10
2024.03.13	02:59:00	1.09086	1.09100	1.09081	1.09099	81	0	12
2024.03.13	03:00:00	1.09099	1.09122	1.09095	1.09120	71	0	10
2024.03.13	03:01:00	1.09120	1.09123	1.09109	1.09110	12	0	8
2024.03.13	03:02:00	1.09110	1.09118	1.09098	1.09112	73	0	12
2024.03.13	03:03:00	1.09112	1.09112	1.09104	1.09111	49	0	11
2024.03.13	03:04:00	1.09111	1.09130	1.09102	1.09125	124	0	10
2024.03.13	03:05:00	1.09125	1.09126	1.09109	1.09114	28	0	12
2024.03.13	03:06:00	1.09114	1.09146	1.09112	1.09139	90	0	8
2024.03.13	03:07:00	1.09139	1.09144	1.09138	1.09142	76	0	10
2024.03.13	03:08:00	1.09142	1.09149	1.09140	1.09147	86	0	11
2024.03.13	03:09:00	1.09147	1.09155	1.09147	1.09152	151	0	10
2024.03.13	03:10:00	1.09152	1.09160	1.09145	1.09154	64	0	9
2024.03.13	03:11:00	1.09154	1.09174	1.09148	1.09171	48	0	8
2024.03.13	03:12:00	1.09171	1.09172	1.09157	1.09166	171	0	8
2024.03.13	03:13:00	1.09166	1.09169	1.09149	1.09156	79	0	9
2024.03.13	03:14:00	1.09156	1.09180	1.09143	1.09175	104	0	8
2024.03.13	03:15:00	1.09175	1.09177	1.09162	1.09162	128	0	9
2024.03.13	03:16:00	1.09162	1.09178	1.09158	1.09172	127	0	8
2024.03.13	03:17:00	1.09172	1.09197	1.09161	1.09190	171	0	9
2024.03.13	03:18:00	1.09190	1.09210	1.09187	1.09210	75	0	9
2024.03.13	03:19:00	1.09210	1.09212	1.09197	1.09199	164	0	9
2024.03.13	03:20:00	1.09199	1.09199	1.09189	1.09196	130	0	9
2024.03.13	03:21:00	1.09196	1.09200	1.09193	1.09194	143	0	9
2024.03.13	03:22:00	1.09194	1.09209	1.09189	1.09200	170	0	12
2024.03.13	03:23:00	1.09200	1.09202	1.09187	1.09188	99	0	11
2024.03.13	03:24:00	1.09188	1.09192	1.09185	1.09187	89	0	9
2024.03.13	03:25:00	1.09187	1.09188	1.09162	1.09172	166	0	12
2024.03.13	03:26:00	1.09172	1.09176	1.09158	1.09161	150	0	10
2024.03.13	03:27:00	1.09161	1.09191	1.09160	1.09175	94	0	9
2024.03.13	03:28:00	1.09175	1.09191	1.09167	1.09185	86	0	12
2024.03.13	03:29:00	1.09185	1.09193	1.09184	1.09193	163	0	10
2024.03.13	03:30:00	1.09193	1.09219	1.09182	1.09217	160	0	9
2024.03.13	03:31:00	1.09217	1.09242	1.09214	1.09232	85	0	10
2024.03.13	03:32:00	1.09232	1.09235	1.09221	1.09226	146	0	8
2024.03.13	03:33:00	1.09226	1.09249	1.09223	1.09248	53	0	10
2024.03.13	03:34:00	1.09248	1.09249	1.09231	1.09236	15	0	8
2024.03.13	03:35:00	1.09236	1.09239	1.09217	1.09220	77	0	9
2024.03.13	03:36:00	1.09220	1.09236	1.09208	1.09230	28	0	12
2024.03.13	03:37:00	1.09230	1.09257	1.09227	1.09248	156	0	10
2024.03.13	03:38:00	1.09248	1.09271	1.09240	1.09264	26	0	10
2024.03.13	03:39:00	1.09264	1.09267	1.09240	1.09252	84	0	8
2024.03.13	03:40:00	1.09252	1.09264	1.09247	1.09251	89	0	10
2024.03.13	03:41:00	1.09251	1.09287	1.09244	1.09281	179	0	12
2024.03.13	03:42:00	1.09281	1.09287	1.09275	1.09285	11	0	9
2024.03.13	03:43:00	1.09285	1.09302	1.09277	1.09294	120	0	12
2024.03.13	03:44:00	1.09294	1.09314	1.09284	1.09311	142	0	8
2024.03.13	03:45:00	1.09311	1.09319	1.09309	1.09319	14	0	10
2024.03.13	03:46:00	1.09319	1.09329	1.09318	1.09327	120	0	9
2024.03.13	03:47:00	1.09327	1.09330	1.09312	1.09313	179	0	10
2024.03.13	03:48:00	1.09313	1.09360	1.09304	1.09350	176	0	11
2024.03.13	03:49:00	1.09350	1.09360	1.09350	1.09358	163	0	8
2024.03.13	03:50:00	1.09358	1.09374	1.09354	1.09368	173	0	8
2024.03.13	03:51:00	1.09368	1.09371	1.09365	1.09369	128	0	12
2024.03.13	03:52:00	1.09369	1.09373	1.09359	1.09360	60	0	11
2024.03.13	03:53:00	1.09360	1.09369	1.09354	1.09356	27	0	9
2024.03.13	03:54:00	1.09356	1.09369	1.09354	1.09355	90	0	10
2024.03.13	03:55:00	1.09355	1.09364	1.09353	1.09355	156	0	11
2024.03.13	03:56:00	1.09355	1.09358	1.09350	1.09351	58	0	12
2024.03.13	03:57:00	1.09351	1.09356	1.09343	1.09347	74	0	10
2024.03.13	03:58:00	1.09347	1.09348	1.09324	1.09339	28	0	12
2024.03.13	03:59:00	1.09339	1.09355	1.09332	1.09353	158	0	10
2024.03.13	04:00:00	1.09353	1.09355	1.09337	1.09344	128	0	10
2024.03.13	04:01:00	1.09344	1.09346	1.09330	1.09334	34	0	9
2024.03.13	04:02:00	1.09334	1.09336	1.09330	1.09334	120	0	11
2024.03.13	04:03:00	1.09334	1.09353	1.09323	1.09344	119	0	10
2024.03.13	04:04:00	1.09344	1.09349	1.09320	1.09333	96	0	10
2024.03.13	04:05:00	1.09333	1.09346	1.09328	1.09344	108	0	10
2024.03.13	04:06:00	1.09344	1.09361	1.09339	1.09340	144	0	11
2024.03.13	04:07:00	1.09340	1.09354	1.09336	1.09348	102	0	10
2024.03.13	04:08:00	1.09348	1.09356	1.09329	1.09340	87	0	12
2024.03.13	04:09:00	1.09340	1.09349	1.09330	1.09331	103	0	10
2024.03.13	04:10:00	1.09331	1.09350	1.09327	1.09349	100	0	10
2024.03.13	04:11:00	1.09349	1.09354	1.09345	1.09348	63	0	12
2024.03.13	04:12:00	1.09348	1.09348	1.09327	1.09332	132	0	10
2024.03.13	04:13:00	1.09332	1.09336	1.09295	1.09300	75	0	8
2024.03.13	04:14:00	1.09300	1.09303	1.09298	1.09298	72	0	9
2024.03.13	04:15:00	1.09298	1.09316	1.09290	1.09310	77	0	8
2024.03.13	04:16:00	1.09310	1.09311	1.09287	1.09293	33	0	10
2024.03.13	04:17:00	1.09293	1.09303	1.09281	1.09289	109	0	9
2024.03.13	04:18:00	1.09289	1.09291	1.09260	1.09261	110	0	8
2024.03.13	04:19:00	1.09261	1.09285	1.09245	1.09250	8	0	9
2024.03.13	04:20:00	1.09250	1.09258	1.09236	1.09243	59	0	10
2024.03.13	04:21:00	1.09243	1.09248	1.09242	1.09245	83	0	10
2024.03.13	04:22:00	1.09245	1.09262	1.09241	1.09257	86	0	10
2024.03.13	04:23:00	1.09257	1.09275	1.09252	1.09268	178	0	11
2024.03.13	04:24:00	1.09268	1.09278	1.09263	1.09268	169	0	11
2024.03.13	04:25:00	1.09268	1.09270	1.09262	1.09263	22	0	12
2024.03.13	04:26:00	1.09263	1.09265	1.09249	1.09259	46	0	11
2024.03.13	04:27:00	1.09259	1.09293	1.09255	1.09274	137	0	10
2024.03.13	04:28:00	1.09274	1.09282	1.09250	1.09255	100	0	10
2024.03.13	04:29:00	1.09255	1.09258	1.09251	1.09255	80	0	11
2024.03.13	04:30:00	1.09255	1.09272	1.09248	1.09264	140	0	11
2024.03.13	04:31:00	1.09264	1.09272	1.09252	1.09258	24	0	12
2024.03.13	04:32:00	1.09258	1.09260	1.09248	1.09253	135	0	10
2024.03.13	04:33:00	1.09253	1.09257	1.09232	1.09233	58	0	9
2024.03.13	04:34:00	1.09233	1.09246	1.09228	1.09236	145	0	10
2024.03.13	04:35:00	1.09236	1.09242	1.09209	1.09209	92	0	12
2024.03.13	04:36:00	1.09209	1.09218	1.09206	1.09210	141	0	12
2024.03.13	04:37:00	1.09210	1.09217	1.09208	1.09209	24	0	9
2024.03.13	04:38:00	1.09209	1.09220	1.09208	1.09212	68	0	9
2024.03.13	04:39:00	1.09212	1.09216	1.09195	1.09209	153	0	9
2024.03.13	04:40:00	1.09209	1.09232	1.09205	1.09228	58	0	12
2024.03.13	04:41:00	1.09228	1.09230	1.09202	1.09211	26	0	8
2024.03.13	04:42:00	1.09211	1.09214	1.09195	1.09196	65	0	10
2024.03.13	04:43:00	1.09196	1.09199	1.09187	1.09189	70	0	8
2024.03.13	04:44:00	1.09189	1.09192	1.09176	1.09180	18	0	10
2024.03.13	04:45:00	1.09180	1.09186	1.09174	1.09176	71	0	10
2024.03.13	04:46:00	1.09176	1.09193	1.09170	1.09190	69	0	10
2024.03.13	04:47:00	1.09190	1.09214	1.09182	1.09207	152	0	10
2024.03.13	04:48:00	1.09207	1.09224	1.09201	1.09222	75	0	10
2024.03.13	04:49:00	1.09222	1.09241	1.09222	1.09232	163	0	11
2024.03.13	04:50:00	1.09232	1.09234	1.09209	1.09215	82	0	12
2024.03.13	04:51:00	1.09215	1.09222	1.09184	1.09188	161	0	10
2024.03.13	04:52:00	1.09188	1.09201	1.09174	1.09200	18	0	8
2024.03.13	04:53:00	1.09200	1.09200	1.09185	1.09193	138	0	10
2024.03.13	04:54:00	1.09193	1.09195	1.09168	1.09183	92	0	10
2024.03.13	04:55:00	1.09183	1.09188	1.09174	1.09185	119	0	9
2024.03.13	04:56:00	1.09185	1.09192	1.09182	1.09190	90	0	12
2024.03.13	04:57:00	1.09190	1.09198	1.09189	1.09197	160	0	12
2024.03.13	04:58:00	1.09197	1.09212	1.09194	1.09208	152	0	10
2024.03.13	04:59:00	1.09208	1.09226	1.09206	1.09219	158	0	8
2024.03.13	05:00:00	1.09219	1.09223	1.09192	1.09198	89	0	9
2024.03.13	05:01:00	1.09198	1.09209	1.09175	1.09188	152	0	10
2024.03.13	05:02:00	1.09188	1.09193	1.09167	1.09170	171	0	8
2024.03.13	05:03:00	1.09170	1.09171	1.09165	1.09169	18	0	11
2024.03.13	05:04:00	1.09169	1.09170	1.09160	1.09162	175	0	10
2024.03.13	05:05:00	1.09162	1.09163	1.09149	1.09151	51	0	9
2024.03.13	05:06:00	1.09151	1.09151	1.09124	1.09136	41	0	12
2024.03.13	05:07:00	1.09136	1.09136	1.09124	1.09127	160	0	12
2024.03.13	05:08:00	1.09127	1.09135	1.09115	1.09117	168	0	10
2024.03.13	05:09:00	1.09117	1.09128	1.09117	1.09126	54	0	9
2024.03.13	05:10:00	1.09126	1.09132	1.09123	1.09128	128	0	10
2024.03.13	05:11:00	1.09128	1.09132	1.09120	1.09126	133	0	8
2024.03.13	05:12:00	1.09126	1.09132	1.09113	1.09128	39	0	12
2024.03.13	05:13:00	1.09128	1.09138	1.09127	1.09132	63	0	8
2024.03.13	05:14:00	1.09132	1.09149	1.09127	1.09137	69	0	11
2024.03.13	05:15:00	1.09137	1.09139	1.09129	1.09131	59	0	12
2024.03.13	05:16:00	1.09131	1.09134	1.09118	1.09128	116	0	10
2024.03.13	05:17:00	1.09128	1.09138	1.09124	1.09134	164	0	8
2024.03.13	05:18:00	1.09134	1.09151	1.09130	1.09141	13	0	10
2024.03.13	05:19:00	1.09141	1.09148	1.09132	1.09144	144	0	10
2024.03.13	05:20:00	1.09144	1.09153	1.09138	1.09153	57	0	12
2024.03.13	05:21:00	1.09153	1.09184	1.09146	1.09175	91	0	11
2024.03.13	05:22:00	1.09175	1.09175	1.09167	1.09170	13	0	10
2024.03.13	05:23:00	1.09170	1.09172	1.09148	1.09151	67	0	9
2024.03.13	05:24:00	1.09151	1.09163	1.09145	1.09156	130	0	9
2024.03.13	05:25:00	1.09156	1.09157	1.09131	1.09132	127	0	12
2024.03.13	05:26:00	1.09132	1.09137	1.09126	1.09126	102	0	11
2024.03.13	05:27:00	1.09126	1.09148	1.09123	1.09140	90	0	8
2024.03.13	05:28:00	1.09140	1.09161	1.09140	1.09153	87	0	9
2024.03.13	05:29:00	1.09153	1.09159	1.09141	1.09143	139	0	10
2024.03.13	05:30:00	1.09143	1.09155	1.09138	1.09138	164	0	10
2024.03.13	05:31:00	1.09138	1.09148	1.09135	1.09139	163	0	9
2024.03.13	05:32:00	1.09139	1.09141	1.09130	1.09130	48	0	10
2024.03.13	05:33:00	1.09130	1.09157	1.09127	1.09150	64	0	8
2024.03.13	05:34:00	1.09150	1.09177	1.09141	1.09162	151	0	10
2024.03.13	05:35:00	1.09162	1.09199	1.09160	1.09187	148	0	12
2024.03.13	05:36:00	1.09187	1.09193	1.09174	1.09193	36	0	11
2024.03.13	05:37:00	1.09193	1.09200	1.09187	1.09198	126	0	12
2024.03.13	05:38:00	1.09198	1.09201	1.09168	1.09170	64	0	8
2024.03.13	05:39:00	1.09170	1.09182	1.09151	1.09153	76	0	12
2024.03.13	05:40:00	1.09153	1.09175	1.09151	1.09171	91	0	8
2024.03.13	05:41:00	1.09171	1.09174	1.09156	1.09163	160	0	10
2024.03.13	05:42:00	1.09163	1.09166	1.09142	1.09159	160	0	8
2024.03.13	05:43:00	1.09159	1.09165	1.09129	1.09137	132	0	11
2024.03.13	05:44:00	1.09137	1.09164	1.09135	1.09151	22	0	9
2024.03.13	05:45:00	1.09151	1.09153	1.09124	1.09136	47	0	11
2024.03.13	05:46:00	1.09136	1.09150	1.09135	1.09147	90	0	8
2024.03.13	05:47:00	1.09147	1.09152	1.09136	1.09144	114	0	11
2024.03.13	05:48:00	1.09144	1.09157	1.09142	1.09151	9	0	10
2024.03.13	05:49:00	1.09151	1.09186	1.09150	1.09179	120	0	8
2024.03.13	05:50:00	1.09179	1.09187	1.09170	1.09178	35	0	11
2024.03.13	05:51:00	1.09178	1.09180	1.09160	1.09172	70	0	10
2024.03.13	05:52:00	1.09172	1.09189	1.09161	1.09178	86	0	12
2024.03.13	05:53:00	1.09178	1.09182	1.09178	1.09181	90	0	11
2024.03.13	05:54:00	1.09181	1.09204	1.09177	1.09204	97	0	9
2024.03.13	05:55:00	1.09204	1.09233	1.09193	1.09217	113	0	8
2024.03.13	05:56:00	1.09217	1.09228	1.09211	1.09224	28	0	12
2024.03.13	05:57:00	1.09224	1.09228	1.09206	1.09207	81	0	10
2024.03.13	05:58:00	1.09207	1.09209	1.09196	1.09199	80	0	12
2024.03.13	05:59:00	1.09199	1.09207	1.09180	1.09188	25	0	12
2024.03.13	06:00:00	1.09188	1.09214	1.09172	1.09210	47	0	11
2024.03.13	06:01:00	1.09210	1.09228	1.09209	1.09222	21	0	10
2024.03.13	06:02:00	1.09222	1.09228	1.09199	1.09202	93	0	9
2024.03.13	06:03:00	1.09202	1.09211	1.09196	1.09197	55	0	9
2024.03.13	06:04:00	1.09197	1.09217	1.09195	1.09205	102	0	12
2024.03.13	06:05:00	1.09205	1.09205	1.09199	1.09200	147	0	9
2024.03.13	06:06:00	1.09200	1.09207	1.09192	1.09206	141	0	10
2024.03.13	06:07:00	1.09206	1.09215	1.09201	1.09214	22	0	11
2024.03.13	06:08:00	1.09214	1.09232	1.09213	1.09223	85	0	10
2024.03.13	06:09:00	1.09223	1.09228	1.09220	1.09221	124	0	8
2024.03.13	06:10:00	1.09221	1.09238	1.09220	1.09238	129	0	12
2024.03.13	06:11:00	1.09238	1.09243	1.09210	1.09218	115	0	11
2024.03.13	06:12:00	1.09218	1.09238	1.09215	1.09231	95	0	11
2024.03.13	06:13:00	1.09231	1.09240	1.09222	1.09222	93	0	10
2024.03.13	06:14:00	1.09222	1.09233	1.09214	1.09233	64	0	12
2024.03.13	06:15:00	1.09233	1.09243	1.09226	1.09238	54	0	10
2024.03.13	06:16:00	1.09238	1.09245	1.09225	1.09231	115	0	8
2024.03.13	06:17:00	1.09231	1.09252	1.09212	1.09245	17	0	10
2024.03.13	06:18:00	1.09245	1.09248	1.09223	1.09227	53	0	8
2024.03.13	06:19:00	1.09227	1.09261	1.09222	1.09260	164	0	10
2024.03.13	06:20:00	1.09260	1.09265	1.09239	1.09241	145	0	12
2024.03.13	06:21:00	1.09241	1.09252	1.09236	1.09249	32	0	9
2024.03.13	06:22:00	1.09249	1.09263	1.09248	1.09257	171	0	10
2024.03.13	06:23:00	1.09257	1.09269	1.09256	1.09264	129	0	10
2024.03.13	06:24:00	1.09264	1.09276	1.09258	1.09266	81	0	9
2024.03.13	06:25:00	1.09266	1.09281	1.09257	1.09278	163	0	8
2024.03.13	06:26:00	1.09278	1.09280	1.09253	1.09262	123	0	12
2024.03.13	06:27:00	1.09262	1.09283	1.09261	1.09277	46	0	11
2024.03.13	06:28:00	1.09277	1.09286	1.09267	1.09269	166	0	12
2024.03.13	06:29:00	1.09269	1.09276	1.09267	1.09276	34	0	11
2024.03.13	06:30:00	1.09276	1.09278	1.09269	1.09277	158	0	10
2024.03.13	06:31:00	1.09277	1.09282	1.09269	1.09276	61	0	11
2024.03.13	06:32:00	1.09276	1.09278	1.09270	1.09278	147	0	10
2024.03.13	06:33:00	1.09278	1.09292	1.09276	1.09282	140	0	8
2024.03.13	06:34:00	1.09282	1.09284	1.09271	1.09271	123	0	10
2024.03.13	06:35:00	1.09271	1.09276	1.09261	1.09264	163	0	8
2024.03.13	06:36:00	1.09264	1.09265	1.09256	1.09257	178	0	10
2024.03.13	06:37:00	1.09257	1.09261	1.09251	1.09252	180	0	11
2024.03.13	06:38:00	1.09252	1.09270	1.09250	1.09267	139	0	11
2024.03.13	06:39:00	1.09267	1.09285	1.09262	1.09284	138	0	9
2024.03.13	06:40:00	1.09284	1.09311	1.09283	1.09304	84	0	12
2024.03.13	06:41:00	1.09304	1.09309	1.09294	1.09299	144	0	8
2024.03.13	06:42:00	1.09299	1.09303	1.09292	1.09292	171	0	10
2024.03.13	06:43:00	1.09292	1.09309	1.09292	1.09301	46	0	11
2024.03.13	06:44:00	1.09301	1.09303	1.09285	1.09289	148	0	11
2024.03.13	06:45:00	1.09289	1.09299	1.09286	1.09288	26	0	8
2024.03.13	06:46:00	1.09288	1.09309	1.09281	1.09303	16	0	10
2024.03.13	06:47:00	1.09303	1.09309	1.09287	1.09291	42	0	10
2024.03.13	06:48:00	1.09291	1.09293	1.09283	1.09287	68	0	9
2024.03.13	06:49:00	1.09287	1.09287	1.09270	1.09270	142	0	10
2024.03.13	06:50:00	1.09270	1.09275	1.09264	1.09265	164	0	11
2024.03.13	06:51:00	1.09265	1.09269	1.09259	1.09267	85	0	10
2024.03.13	06:52:00	1.09267	1.09275	1.09245	1.09249	43	0	8
2024.03.13	06:53:00	1.09249	1.09277	1.09243	1.09264	78	0	12
2024.03.13	06:54:00	1.09264	1.09273	1.09247	1.09250	104	0	10
2024.03.13	06:55:00	1.09250	1.09252	1.09239	1.09240	108	0	10
2024.03.13	06:56:00	1.09240	1.09243	1.09230	1.09233	161	0	11
2024.03.13	06:57:00	1.09233	1.09233	1.09221	1.09226	134	0	11
2024.03.13	06:58:00	1.09226	1.09226	1.09215	1.09220	13	0	12
2024.03.13	06:59:00	1.09220	1.09236	1.09214	1.09224	127	0	12
2024.03.13	07:00:00	1.09224	1.09227	1.09198	1.09207	123	0	10
2024.03.13	07:01:00	1.09207	1.09211	1.09202	1.09207	108	0	12
2024.03.13	07:02:00	1.09207	1.09218	1.09201	1.09212	11	0	9
2024.03.13	07:03:00	1.09212	1.09217	1.09205	1.09213	135	0	9
2024.03.13	07:04:00	1.09213	1.09219	1.09179	1.09189	106	0	11
2024.03.13	07:05:00	1.09189	1.09217	1.09188	1.09208	157	0	11
2024.03.13	07:06:00	1.09208	1.09240	1.09201	1.09232	82	0	8
2024.03.13	07:07:00	1.09232	1.09233	1.09231	1.09232	156	0	10
2024.03.13	07:08:00	1.09232	1.09251	1.09231	1.09244	169	0	10
2024.03.13	07:09:00	1.09244	1.09256	1.09242	1.09252	105	0	11
2024.03.13	07:10:00	1.09252	1.09265	1.09246	1.09259	145	0	11
2024.03.13	07:11:00	1.09259	1.09272	1.09256	1.09268	84	0	10
2024.03.13	07:12:00	1.09268	1.09273	1.09266	1.09269	17	0	9
2024.03.13	07:13:00	1.09269	1.09269	1.09265	1.09269	84	0	10
2024.03.13	07:14:00	1.09269	1.09283	1.09257	1.09261	101	0	10
2024.03.13	07:15:00	1.09261	1.09270	1.09239	1.09240	162	0	8
2024.03.13	07:16:00	1.09240	1.09252	1.09238	1.09249	114	0	9
2024.03.13	07:17:00	1.09249	1.09265	1.09242	1.09263	11	0	10
2024.03.13	07:18:00	1.09263	1.09271	1.09260	1.09263	8	0	8
2024.03.13	07:19:00	1.09263	1.09280	1.09259	1.09274	155	0	8
2024.03.13	07:20:00	1.09274	1.09284	1.09259	1.09264	70	0	9
2024.03.13	07:21:00	1.09264	1.09265	1.09242	1.09245	175	0	8
2024.03.13	07:22:00	1.09245	1.09256	1.09239	1.09252	76	0	9
2024.03.13	07:23:00	1.09252	1.09271	1.09249	1.09263	25	0	9
2024.03.13	07:24:00	1.09263	1.09274	1.09245	1.09247	168	0	10
2024.03.13	07:25:00	1.09247	1.09268	1.09247	1.09259	73	0	10
2024.03.13	07:26:00	1.09259	1.09265	1.09235	1.09236	76	0	8
2024.03.13	07:27:00	1.09236	1.09244	1.09218	1.09223	161	0	10
2024.03.13	07:28:00	1.09223	1.09240	1.09212	1.09240	156	0	8
2024.03.13	07:29:00	1.09240	1.09249	1.09238	1.09241	50	0	10
2024.03.13	07:30:00	1.09241	1.09258	1.09236	1.09254	30	0	11
2024.03.13	07:31:00	1.09254	1.09254	1.09242	1.09250	55	0	11
2024.03.13	07:32:00	1.09250	1.09251	1.09240	1.09241	140	0	8
2024.03.13	07:33:00	1.09241	1.09248	1.09224	1.09229	168	0	11
2024.03.13	07:34:00	1.09229	1.09236	1.09222	1.09225	134	0	10
2024.03.13	07:35:00	1.09225	1.09236	1.09220	1.09233	146	0	11
2024.03.13	07:36:00	1.09233	1.09238	1.09221	1.09227	178	0	9
2024.03.13	07:37:00	1.09227	1.09237	1.09225	1.09235	47	0	10
2024.03.13	07:38:00	1.09235	1.09238	1.09228	1.09230	158	0	11
2024.03.13	07:39:00	1.09230	1.09248	1.09228	1.09239	148	0	12
2024.03.13	07:40:00	1.09239	1.09242	1.09207	1.09218	37	0	9
2024.03.13	07:41:00	1.09218	1.09221	1.09217	1.09220	154	0	9
2024.03.13	07:42:00	1.09220	1.09224	1.09187	1.09202	33	0	10
2024.03.13	07:43:00	1.09202	1.09210	1.09194	1.09203	74	0	9
2024.03.13	07:44:00	1.09203	1.09216	1.09181	1.09187	25	0	11
2024.03.13	07:45:00	1.09187	1.09209	1.09185	1.09191	85	0	11
2024.03.13	07:46:00	1.09191	1.09206	1.09187	1.09202	170	0	12
2024.03.13	07:47:00	1.09202	1.09206	1.09201	1.09203	133	0	9
2024.03.13	07:48:00	1.09203	1.09211	1.09195	1.09210	133	0	10
2024.03.13	07:49:00	1.09210	1.09214	1.09200	1.09204	136	0	9
2024.03.13	07:50:00	1.09204	1.09218	1.09203	1.09211	69	0	12
2024.03.13	07:51:00	1.09211	1.09242	1.09208	1.09232	123	0	10
2024.03.13	07:52:00	1.09232	1.09233	1.09217	1.09224	86	0	9
2024.03.13	07:53:00	1.09224	1.09229	1.09217	1.09225	79	0	10
2024.03.13	07:54:00	1.09225	1.09235	1.09202	1.09208	37	0	11
2024.03.13	07:55:00	1.09208	1.09214	1.09185	1.09188	94	0	10
2024.03.13	07:56:00	1.09188	1.09202	1.09181	1.09198	48	0	11
2024.03.13	07:57:00	1.09198	1.09200	1.09192	1.09200	169	0	8
2024.03.13	07:58:00	1.09200	1.09207	1.09195	1.09200	164	0	12
2024.03.13	07:59:00	1.09200	1.09204	1.09186	1.09193	14	0	11
2024.03.13	08:00:00	1.09193	1.09202	1.09180	1.09188	177	0	10
2024.03.13	08:01:00	1.09188	1.09204	1.09184	1.09201	94	0	10
2024.03.13	08:02:00	1.09201	1.09206	1.09192	1.09195	115	0	10
2024.03.13	08:03:00	1.09195	1.09212	1.09184	1.09206	131	0	11
2024.03.13	08:04:00	1.09206	1.09208	1.09199	1.09207	109	0	11
2024.03.13	08:05:00	1.09207	1.09210	1.09201	1.09210	155	0	11
2024.03.13	08:06:00	1.09210	1.09215	1.09196	1.09204	24	0	9
2024.03.13	08:07:00	1.09204	1.09212	1.09192	1.09197	61	0	10
2024.03.13	08:08:00	1.09197	1.09210	1.09189	1.09203	8	0	11
2024.03.13	08:09:00	1.09203	1.09223	1.09200	1.09217	159	0	11
2024.03.13	08:10:00	1.09217	1.09227	1.09213	1.09216	104	0	12
2024.03.13	08:11:00	1.09216	1.09239	1.09213	1.09225	72	0	11
2024.03.13	08:12:00	1.09225	1.09249	1.09225	1.09239	121	0	10
2024.03.13	08:13:00	1.09239	1.09243	1.09221	1.09224	151	0	11
2024.03.13	08:14:00	1.09224	1.09244	1.09223	1.09237	105	0	9
2024.03.13	08:15:00	1.09237	1.09237	1.09227	1.09229	9	0	10
2024.03.13	08:16:00	1.09229	1.09230	1.09228	1.09229	78	0	11
2024.03.13	08:17:00	1.09229	1.09243	1.09227	1.09242	146	0	10
2024.03.13	08:18:00	1.09242	1.09271	1.09239	1.09264	139	0	10
2024.03.13	08:19:00	1.09264	1.09279	1.09261	1.09276	168	0	10
2024.03.13	08:20:00	1.09276	1.09309	1.09271	1.09304	51	0	8
2024.03.13	08:21:00	1.09304	1.09310	1.09297	1.09307	16	0	10
2024.03.13	08:22:00	1.09307	1.09309	1.09302	1.09307	141	0	12
2024.03.13	08:23:00	1.09307	1.09317	1.09292	1.09295	95	0	10
2024.03.13	08:24:00	1.09295	1.09298	1.09291	1.09292	51	0	11
2024.03.13	08:25:00	1.09292	1.09307	1.09292	1.09298	86	0	11
2024.03.13	08:26:00	1.09298	1.09306	1.09282	1.09282	170	0	11
2024.03.13	08:27:00	1.09282	1.09284	1.09273	1.09277	14	0	9
2024.03.13	08:28:00	1.09277	1.09300	1.09276	1.09300	50	0	9
2024.03.13	08:29:00	1.09300	1.09304	1.09285	1.09293	102	0	10
2024.03.13	08:30:00	1.09293	1.09297	1.09287	1.09289	175	0	12
2024.03.13	08:31:00	1.09289	1.09296	1.09282	1.09291	99	0	10
2024.03.13	08:32:00	1.09291	1.09304	1.09289	1.09299	78	0	9
2024.03.13	08:33:00	1.09299	1.09313	1.09298	1.09306	38	0	12
2024.03.13	08:34:00	1.09306	1.09309	1.09290	1.09299	72	0	10
2024.03.13	08:35:00	1.09299	1.09308	1.09296	1.09303	27	0	12
2024.03.13	08:36:00	1.09303	1.09305	1.09282	1.09283	175	0	10
2024.03.13	08:37:00	1.09283	1.09309	1.09283	1.09304	125	0	12
2024.03.13	08:38:00	1.09304	1.09307	1.09298	1.09303	102	0	12
2024.03.13	08:39:00	1.09303	1.09310	1.09292	1.09304	26	0	12
2024.03.13	08:40:00	1.09304	1.09307	1.09288	1.09289	89	0	11
2024.03.13	08:41:00	1.09289	1.09289	1.09273	1.09273	121	0	10
2024.03.13	08:42:00	1.09273	1.09299	1.09267	1.09293	95	0	8
2024.03.13	08:43:00	1.09293	1.09309	1.09283	1.09303	86	0	9
2024.03.13	08:44:00	1.09303	1.09310	1.09284	1.09293	28	0	8
2024.03.13	08:45:00	1.09293	1.09300	1.09276	1.09276	36	0	12
2024.03.13	08:46:00	1.09276	1.09290	1.09268	1.09287	153	0	8
2024.03.13	08:47:00	1.09287	1.09314	1.09280	1.09308	117	0	12
2024.03.13	08:48:00	1.09308	1.09341	1.09299	1.09330	32	0	12
2024.03.13	08:49:00	1.09330	1.09335	1.09325	1.09328	52	0	12
2024.03.13	08:50:00	1.09328	1.09341	1.09324	1.09326	65	0	10
2024.03.13	08:51:00	1.09326	1.09330	1.09323	1.09328	97	0	8
2024.03.13	08:52:00	1.09328	1.09341	1.09323	1.09326	64	0	8
2024.03.13	08:53:00	1.09326	1.09346	1.09325	1.09345	131	0	10
2024.03.13	08:54:00	1.09345	1.09345	1.09341	1.09343	113	0	11
2024.03.13	08:55:00	1.09343	1.09345	1.09321	1.09329	51	0	9
2024.03.13	08:56:00	1.09329	1.09331	1.09328	1.09330	142	0	10
2024.03.13	08:57:00	1.09330	1.09335	1.09318	1.09333	175	0	11
2024.03.13	08:58:00	1.09333	1.09334	1.09322	1.09325	63	0	11
2024.03.13	08:59:00	1.09325	1.09337	1.09325	1.09331	45	0	11
2024.03.13	09:00:00	1.09331	1.09336	1.09315	1.09319	115	0	10
2024.03.13	09:01:00	1.09319	1.09350	1.09316	1.09345	172	0	10
2024.03.13	09:02:00	1.09345	1.09358	1.09340	1.09356	45	0	10
2024.03.13	09:03:00	1.09356	1.09377	1.09353	1.09369	173	0	12
2024.03.13	09:04:00	1.09369	1.09370	1.09360	1.09362	152	0	11
2024.03.13	09:05:00	1.09362	1.09366	1.09358	1.09359	47	0	10
2024.03.13	09:06:00	1.09359	1.09369	1.09353	1.09356	101	0	8
2024.03.13	09:07:00	1.09356	1.09360	1.09353	1.09355	132	0	11
2024.03.13	09:08:00	1.09355	1.09375	1.09345	1.09371	77	0	10
2024.03.13	09:09:00	1.09371	1.09373	1.09351	1.09364	37	0	10
2024.03.13	09:10:00	1.09364	1.09371	1.09356	1.09360	30	0	10
2024.03.13	09:11:00	1.09360	1.09364	1.09355	1.09355	180	0	10
2024.03.13	09:12:00	1.09355	1.09359	1.09340	1.09345	65	0	12
2024.03.13	09:13:00	1.09345	1.09350	1.09340	1.09349	178	0	9
2024.03.13	09:14:00	1.09349	1.09365	1.09348	1.09358	29	0	12
2024.03.13	09:15:00	1.09358	1.09362	1.09333	1.09344	13	0	12
2024.03.13	09:16:00	1.09344	1.09357	1.09339	1.09354	86	0	9
2024.03.13	09:17:00	1.09354	1.09356	1.09340	1.09341	10	0	11
2024.03.13	09:18:00	1.09341	1.09360	1.09332	1.09339	132	0	10
2024.03.13	09:19:00	1.09339	1.09343	1.09329	1.09335	24	0	11
2024.03.13	09:20:00	1.09335	1.09348	1.09331	1.09344	179	0	10
2024.03.13	09:21:00	1.09344	1.09348	1.09334	1.09340	124	0	8
2024.03.13	09:22:00	1.09340	1.09353	1.09317	1.09321	74	0	11
2024.03.13	09:23:00	1.09321	1.09325	1.09295	1.09298	59	0	10
2024.03.13	09:24:00	1.09298	1.09300	1.09288	1.09288	157	0	9
2024.03.13	09:25:00	1.09288	1.09304	1.09284	1.09297	70	0	9
2024.03.13	09:26:00	1.09297	1.09304	1.09294	1.09294	157	0	10
2024.03.13	09:27:00	1.09294	1.09299	1.09269	1.09278	153	0	10
2024.03.13	09:28:00	1.09278	1.09279	1.09274	1.09275	164	0	12
2024.03.13	09:29:00	1.09275	1.09312	1.09274	1.09310	167	0	9
2024.03.13	09:30:00	1.09310	1.09324	1.09303	1.09315	28	0	10
2024.03.13	09:31:00	1.09315	1.09318	1.09308	1.09311	31	0	10
2024.03.13	09:32:00	1.09311	1.09321	1.09297	1.09302	160	0	8
2024.03.13	09:33:00	1.09302	1.09304	1.09286	1.09288	31	0	11
2024.03.13	09:34:00	1.09288	1.09303	1.09282	1.09300	81	0	8
2024.03.13	09:35:00	1.09300	1.09333	1.09296	1.09329	112	0	9
2024.03.13	09:36:00	1.09329	1.09336	1.09303	1.09309	178	0	10
2024.03.13	09:37:00	1.09309	1.09322	1.09307	1.09309	134	0	10
2024.03.13	09:38:00	1.09309	1.09312	1.09297	1.09308	64	0	12
2024.03.13	09:39:00	1.09308	1.09314	1.09301	1.09308	17	0	12
2024.03.13	09:40:00	1.09308	1.09324	1.09307	1.09317	32	0	9
2024.03.13	09:41:00	1.09317	1.09324	1.09293	1.09294	39	0	10
2024.03.13	09:42:00	1.09294	1.09298	1.09276	1.09284	69	0	8
2024.03.13	09:43:00	1.09284	1.09294	1.09281	1.09293	94	0	11
2024.03.13	09:44:00	1.09293	1.09299	1.09274	1.09279	11	0	12
2024.03.13	09:45:00	1.09279	1.09287	1.09279	1.09282	110	0	11
2024.03.13	09:46:00	1.09282	1.09292	1.09281	1.09290	135	0	9
2024.03.13	09:47:00	1.09290	1.09296	1.09288	1.09294	139	0	11
2024.03.13	09:48:00	1.09294	1.09303	1.09282	1.09283	75	0	10
2024.03.13	09:49:00	1.09283	1.09317	1.09282	1.09307	46	0	8
2024.03.13	09:50:00	1.09307	1.09312	1.09303	1.09304	74	0	11
2024.03.13	09:51:00	1.09304	1.09306	1.09298	1.09303	74	0	8
2024.03.13	09:52:00	1.09303	1.09307	1.09295	1.09302	37	0	12
2024.03.13	09:53:00	1.09302	1.09304	1.09285	1.09292	166	0	9
2024.03.13	09:54:00	1.09292	1.09300	1.09289	1.09292	157	0	11
2024.03.13	09:55:00	1.09292	1.09295	1.09284	1.09294	48	0	8
2024.03.13	09:56:00	1.09294	1.09295	1.09276	1.09281	45	0	8
2024.03.13	09:57:00	1.09281	1.09282	1.09270	1.09275	168	0	11
2024.03.13	09:58:00	1.09275	1.09282	1.09271	1.09278	151	0	8
2024.03.13	09:59:00	1.09278	1.09295	1.09269	1.09287	177	0	9
2024.03.13	10:00:00	1.09287	1.09296	1.09273	1.09291	131	0	10
2024.03.13	10:01:00	1.09291	1.09304	1.09290	1.09304	166	0	11
2024.03.13	10:02:00	1.09304	1.09305	1.09283	1.09289	19	0	10
2024.03.13	10:03:00	1.09289	1.09294	1.09288	1.09292	95	0	12
2024.03.13	10:04:00	1.09292	1.09300	1.09289	1.09293	63	0	11
2024.03.13	10:05:00	1.09293	1.09319	1.09286	1.09313	106	0	10
2024.03.13	10:06:00	1.09313	1.09315	1.09307	1.09313	14	0	10
2024.03.13	10:07:00	1.09313	1.09330	1.09305	1.09326	79	0	10
2024.03.13	10:08:00	1.09326	1.09330	1.09321	1.09323	55	0	9
2024.03.13	10:09:00	1.09323	1.09326	1.09311	1.09321	8	0	8
2024.03.13	10:10:00	1.09321	1.09337	1.09311	1.09335	102	0	10
2024.03.13	10:11:00	1.09335	1.09345	1.09327	1.09330	41	0	10
2024.03.13	10:12:00	1.09330	1.09335	1.09321	1.09325	124	0	12
2024.03.13	10:13:00	1.09325	1.09326	1.09308	1.09320	123	0	9
2024.03.13	10:14:00	1.09320	1.09322	1.09313	1.09319	152	0	10
2024.03.13	10:15:00	1.09319	1.09326	1.09313	1.09314	95	0	12
2024.03.13	10:16:00	1.09314	1.09319	1.09293	1.09295	180	0	10
2024.03.13	10:17:00	1.09295	1.09302	1.09290	1.09301	61	0	10
2024.03.13	10:18:00	1.09301	1.09311	1.09299	1.09309	97	0	10
2024.03.13	10:19:00	1.09309	1.09314	1.09304	1.09305	63	0	8
2024.03.13	10:20:00	1.09305	1.09307	1.09295	1.09302	81	0	11
2024.03.13	10:21:00	1.09302	1.09312	1.09298	1.09310	92	0	9
2024.03.13	10:22:00	1.09310	1.09318	1.09306	1.09307	41	0	12
2024.03.13	10:23:00	1.09307	1.09318	1.09303	1.09311	35	0	12
2024.03.13	10:24:00	1.09311	1.09320	1.09307	1.09319	22	0	12
2024.03.13	10:25:00	1.09319	1.09320	1.09318	1.09319	23	0	11
2024.03.13	10:26:00	1.09319	1.09361	1.09318	1.09354	52	0	12
2024.03.13	10:27:00	1.09354	1.09357	1.09345	1.09354	179	0	12
2024.03.13	10:28:00	1.09354	1.09358	1.09351	1.09354	12	0	10
2024.03.13	10:29:00	1.09354	1.09358	1.09342	1.09351	46	0	9
2024.03.13	10:30:00	1.09351	1.09356	1.09344	1.09348	176	0	10
2024.03.13	10:31:00	1.09348	1.09350	1.09309	1.09309	24	0	8
2024.03.13	10:32:00	1.09309	1.09314	1.09301	1.09302	120	0	10
2024.03.13	10:33:00	1.09302	1.09302	1.09284	1.09291	104	0	10
2024.03.13	10:34:00	1.09291	1.09304	1.09285	1.09298	9	0	12
2024.03.13	10:35:00	1.09298	1.09304	1.09285	1.09302	130	0	11
2024.03.13	10:36:00	1.09302	1.09303	1.09294	1.09296	57	0	10
2024.03.13	10:37:00	1.09296	1.09303	1.09295	1.09296	88	0	11
2024.03.13	10:38:00	1.09296	1.09301	1.09265	1.09271	42	0	8
2024.03.13	10:39:00	1.09271	1.09281	1.09270	1.09275	11	0	9
2024.03.13	10:40:00	1.09275	1.09282	1.09268	1.09281	91	0	8
2024.03.13	10:41:00	1.09281	1.09286	1.09273	1.09273	68	0	10
2024.03.13	10:42:00	1.09273	1.09295	1.09273	1.09285	72	0	10
2024.03.13	10:43:00	1.09285	1.09309	1.09280	1.09305	148	0	11
2024.03.13	10:44:00	1.09305	1.09308	1.09275	1.09285	137	0	12
2024.03.13	10:45:00	1.09285	1.09301	1.09283	1.09291	30	0	9
2024.03.13	10:46:00	1.09291	1.09301	1.09289	1.09296	114	0	10
2024.03.13	10:47:00	1.09296	1.09300	1.09273	1.09278	106	0	8
2024.03.13	10:48:00	1.09278	1.09289	1.09270	1.09286	71	0	8
2024.03.13	10:49:00	1.09286	1.09301	1.09259	1.09267	125	0	9
2024.03.13	10:50:00	1.09267	1.09295	1.09254	1.09287	128	0	10
2024.03.13	10:51:00	1.09287	1.09301	1.09286	1.09300	67	0	12
2024.03.13	10:52:00	1.09300	1.09313	1.09288	1.09302	45	0	11
2024.03.13	10:53:00	1.09302	1.09306	1.09283	1.09285	20	0	10
2024.03.13	10:54:00	1.09285	1.09286	1.09259	1.09267	94	0	10
2024.03.13	10:55:00	1.09267	1.09281	1.09251	1.09251	92	0	11
2024.03.13	10:56:00	1.09251	1.09253	1.09238	1.09250	108	0	12
2024.03.13	10:57:00	1.09250	1.09276	1.09244	1.09267	142	0	12
2024.03.13	10:58:00	1.09267	1.09269	1.09258	1.09265	12	0	11
2024.03.13	10:59:00	1.09265	1.09274	1.09261	1.09269	180	0	9
2024.03.13	11:00:00	1.09269	1.09281	1.09268	1.09279	12	0	11
2024.03.13	11:01:00	1.09279	1.09280	1.09269	1.09272	131	0	8
2024.03.13	11:02:00	1.09272	1.09288	1.09265	1.09268	135	0	11
2024.03.13	11:03:00	1.09268	1.09271	1.09262	1.09266	52	0	9
2024.03.13	11:04:00	1.09266	1.09268	1.09264	1.09268	34	0	9
2024.03.13	11:05:00	1.09268	1.09291	1.09253	1.09282	133	0	10
2024.03.13	11:06:00	1.09282	1.09293	1.09279	1.09290	144	0	11
2024.03.13	11:07:00	1.09290	1.09293	1.09272	1.09279	174	0	9
2024.03.13	11:08:00	1.09279	1.09285	1.09266	1.09267	110	0	9
2024.03.13	11:09:00	1.09267	1.09287	1.09264	1.09272	11	0	9
2024.03.13	11:10:00	1.09272	1.09275	1.09239	1.09245	24	0	12
2024.03.13	11:11:00	1.09245	1.09255	1.09229	1.09230	149	0	11
2024.03.13	11:12:00	1.09230	1.09237	1.09214	1.09216	61	0	9
2024.03.13	11:13:00	1.09216	1.09224	1.09206	1.09212	35	0	9
2024.03.13	11:14:00	1.09212	1.09218	1.09205	1.09218	63	0	10
2024.03.13	11:15:00	1.09218	1.09221	1.09193	1.09205	169	0	9
2024.03.13	11:16:00	1.09205	1.09233	1.09194	1.09224	125	0	9
2024.03.13	11:17:00	1.09224	1.09237	1.09221	1.09228	26	0	8
2024.03.13	11:18:00	1.09228	1.09239	1.09223	1.09235	56	0	10
2024.03.13	11:19:00	1.09235	1.09249	1.09224	1.09247	175	0	9
2024.03.13	11:20:00	1.09247	1.09247	1.09239	1.09245	75	0	12
2024.03.13	11:21:00	1.09245	1.09247	1.09241	1.09247	158	0	9
2024.03.13	11:22:00	1.09247	1.09254	1.09237	1.09251	15	0	9
2024.03.13	11:23:00	1.09251	1.09270	1.09250	1.09260	48	0	9
2024.03.13	11:24:00	1.09260	1.09261	1.09242	1.09252	57	0	12
2024.03.13	11:25:00	1.09252	1.09275	1.09249	1.09269	17	0	9
2024.03.13	11:26:00	1.09269	1.09284	1.09262	1.09284	34	0	11
2024.03.13	11:27:00	1.09284	1.09284	1.09274	1.09276	114	0	8
2024.03.13	11:28:00	1.09276	1.09279	1.09268	1.09270	84	0	10
2024.03.13	11:29:00	1.09270	1.09270	1.09267	1.09268	136	0	8
2024.03.13	11:30:00	1.09268	1.09284	1.09261	1.09262	72	0	9
2024.03.13	11:31:00	1.09262	1.09266	1.09246	1.09261	134	0	10
2024.03.13	11:32:00	1.09261	1.09266	1.09250	1.09251	64	0	11
2024.03.13	11:33:00	1.09251	1.09265	1.09248	1.09260	56	0	12
2024.03.13	11:34:00	1.09260	1.09270	1.09254	1.09266	25	0	10
2024.03.13	11:35:00	1.09266	1.09270	1.09263	1.09268	76	0	8
2024.03.13	11:36:00	1.09268	1.09269	1.09242	1.09248	178	0	9
2024.03.13	11:37:00	1.09248	1.09249	1.09225	1.09230	155	0	12
2024.03.13	11:38:00	1.09230	1.09232	1.09221	1.09223	34	0	11
2024.03.13	11:39:00	1.09223	1.09236	1.09218	1.09228	123	0	8
2024.03.13	11:40:00	1.09228	1.09241	1.09206	1.09210	106	0	10
2024.03.13	11:41:00	1.09210	1.09217	1.09196	1.09216	10	0	8
2024.03.13	11:42:00	1.09216	1.09217	1.09207	1.09209	161	0	10
2024.03.13	11:43:00	1.09209	1.09224	1.09205	1.09221	160	0	10
2024.03.13	11:44:00	1.09221	1.09223	1.09220	1.09221	97	0	12
2024.03.13	11:45:00	1.09221	1.09228	1.09216	1.09224	86	0	9
2024.03.13	11:46:00	1.09224	1.09227	1.09212	1.09226	95	0	11
2024.03.13	11:47:00	1.09226	1.09228	1.09214	1.09219	154	0	10
2024.03.13	11:48:00	1.09219	1.09225	1.09214	1.09224	125	0	9
2024.03.13	11:49:00	1.09224	1.09224	1.09213	1.09214	87	0	8
2024.03.13	11:50:00	1.09214	1.09222	1.09199	1.09205	156	0	10
2024.03.13	11:51:00	1.09205	1.09212	1.09183	1.09184	79	0	10
2024.03.13	11:52:00	1.09184	1.09188	1.09160	1.09164	55	0	10
2024.03.13	11:53:00	1.09164	1.09172	1.09164	1.09168	124	0	11
2024.03.13	11:54:00	1.09168	1.09184	1.09165	1.09177	138	0	10
2024.03.13	11:55:00	1.09177	1.09179	1.09177	1.09178	175	0	8
2024.03.13	11:56:00	1.09178	1.09178	1.09167	1.09171	108	0	12
2024.03.13	11:57:00	1.09171	1.09182	1.09162	1.09176	151	0	10
2024.03.13	11:58:00	1.09176	1.09179	1.09164	1.09168	137	0	11
2024.03.13	11:59:00	1.09168	1.09170	1.09148	1.09156	179	0	12
2024.03.13	12:00:00	1.09156	1.09166	1.09128	1.09135	35	0	12
2024.03.13	12:01:00	1.09135	1.09153	1.09125	1.09148	46	0	10
2024.03.13	12:02:00	1.09148	1.09152	1.09129	1.09129	10	0	10
2024.03.13	12:03:00	1.09129	1.09137	1.09122	1.09135	65	0	10
2024.03.13	12:04:00	1.09135	1.09137	1.09120	1.09126	39	0	8
2024.03.13	12:05:00	1.09126	1.09130	1.09119	1.09126	58	0	9
2024.03.13	12:06:00	1.09126	1.09129	1.09113	1.09117	111	0	12
2024.03.13	12:07:00	1.09117	1.09118	1.09109	1.09113	129	0	12
2024.03.13	12:08:00	1.09113	1.09120	1.09105	1.09109	134	0	8
2024.03.13	12:09:00	1.09109	1.09116	1.09101	1.09113	72	0	10
2024.03.13	12:10:00	1.09113	1.09127	1.09110	1.09125	74	0	12
2024.03.13	12:11:00	1.09125	1.09134	1.09120	1.09126	145	0	9
2024.03.13	12:12:00	1.09126	1.09164	1.09116	1.09162	23	0	12
2024.03.13	12:13:00	1.09162	1.09171	1.09152	1.09156	41	0	10
2024.03.13	12:14:00	1.09156	1.09160	1.09133	1.09139	36	0	9
2024.03.13	12:15:00	1.09139	1.09158	1.09130	1.09149	174	0	11
2024.03.13	12:16:00	1.09149	1.09150	1.09141	1.09143	95	0	9
2024.03.13	12:17:00	1.09143	1.09157	1.09137	1.09150	152	0	12
2024.03.13	12:18:00	1.09150	1.09158	1.09144	1.09155	120	0	10
2024.03.13	12:19:00	1.09155	1.09160	1.09139	1.09147	139	0	9
2024.03.13	12:20:00	1.09147	1.09153	1.09142	1.09148	12	0	9
2024.03.13	12:21:00	1.09148	1.09173	1.09144	1.09162	84	0	11
2024.03.13	12:22:00	1.09162	1.09178	1.09156	1.09178	141	0	11
2024.03.13	12:23:00	1.09178	1.09183	1.09167	1.09174	29	0	12
2024.03.13	12:24:00	1.09174	1.09186	1.09169	1.09182	9	0	11
2024.03.13	12:25:00	1.09182	1.09191	1.09175	1.09190	55	0	9
2024.03.13	12:26:00	1.09190	1.09208	1.09182	1.09207	86	0	10
2024.03.13	12:27:00	1.09207	1.09221	1.09205	1.09220	96	0	9
2024.03.13	12:28:00	1.09220	1.09249	1.09212	1.09241	142	0	9
2024.03.13	12:29:00	1.09241	1.09258	1.09238	1.09253	19	0	10
2024.03.13	12:30:00	1.09253	1.09267	1.09237	1.09247	126	0	10
2024.03.13	12:31:00	1.09247	1.09249	1.09231	1.09233	116	0	8
2024.03.13	12:32:00	1.09233	1.09244	1.09200	1.09211	167	0	12
2024.03.13	12:33:00	1.09211	1.09214	1.09180	1.09186	92	0	8
2024.03.13	12:34:00	1.09186	1.09186	1.09174	1.09177	101	0	8
2024.03.13	12:35:00	1.09177	1.09193	1.09172	1.09190	90	0	10
2024.03.13	12:36:00	1.09190	1.09192	1.09174	1.09181	95	0	11
2024.03.13	12:37:00	1.09181	1.09186	1.09160	1.09165	122	0	8
2024.03.13	12:38:00	1.09165	1.09174	1.09162	1.09171	20	0	9
2024.03.13	12:39:00	1.09171	1.09189	1.09169	1.09184	28	0	10
2024.03.13	12:40:00	1.09184	1.09185	1.09166	1.09171	72	0	9
2024.03.13	12:41:00	1.09171	1.09177	1.09166	1.09168	97	0	11
2024.03.13	12:42:00	1.09168	1.09183	1.09161	1.09180	126	0	12
2024.03.13	12:43:00	1.09180	1.09201	1.09160	1.09197	119	0	12
2024.03.13	12:44:00	1.09197	1.09211	1.09174	1.09183	171	0	11
2024.03.13	12:45:00	1.09183	1.09187	1.09171	1.09174	32	0	9
2024.03.13	12:46:00	1.09174	1.09179	1.09168	1.09170	142	0	11
2024.03.13	12:47:00	1.09170	1.09172	1.09163	1.09163	48	0	11
2024.03.13	12:48:00	1.09163	1.09177	1.09157	1.09167	107	0	9
2024.03.13	12:49:00	1.09167	1.09178	1.09157	1.09163	67	0	10
2024.03.13	12:50:00	1.09163	1.09166	1.09155	1.09159	72	0	10
2024.03.13	12:51:00	1.09159	1.09159	1.09147	1.09147	15	0	10
2024.03.13	12:52:00	1.09147	1.09152	1.09120	1.09129	150	0	11
2024.03.13	12:53:00	1.09129	1.09146	1.09127	1.09143	15	0	10
2024.03.13	12:54:00	1.09143	1.09152	1.09141	1.09151	147	0	8
2024.03.13	12:55:00	1.09151	1.09166	1.09146	1.09156	87	0	10
2024.03.13	12:56:00	1.09156	1.09168	1.09155	1.09164	108	0	9
2024.03.13	12:57:00	1.09164	1.09167	1.09146	1.09155	64	0	12
2024.03.13	12:58:00	1.09155	1.09162	1.09146	1.09146	121	0	10
2024.03.13	12:59:00	1.09146	1.09149	1.09130	1.09140	177	0	10
2024.03.13	13:00:00	1.09140	1.09142	1.09127	1.09129	61	0	10
2024.03.13	13:01:00	1.09129	1.09134	1.09124	1.09127	131	0	12
2024.03.13	13:02:00	1.09127	1.09129	1.09109	1.09122	46	0	10
2024.03.13	13:03:00	1.09122	1.09123	1.09120	1.09122	25	0	10
2024.03.13	13:04:00	1.09122	1.09123	1.09108	1.09120	165	0	8
2024.03.13	13:05:00	1.09120	1.09133	1.09119	1.09128	160	0	11
2024.03.13	13:06:00	1.09128	1.09143	1.09124	1.09141	106	0	10
2024.03.13	13:07:00	1.09141	1.09144	1.09128	1.09132	179	0	11
2024.03.13	13:08:00	1.09132	1.09133	1.09121	1.09131	160	0	8
2024.03.13	13:09:00	1.09131	1.09140	1.09103	1.09111	60	0	10
2024.03.13	13:10:00	1.09111	1.09139	1.09105	1.09132	12	0	9
2024.03.13	13:11:00	1.09132	1.09156	1.09128	1.09146	82	0	9
2024.03.13	13:12:00	1.09146	1.09148	1.09125	1.09130	13	0	9
2024.03.13	13:13:00	1.09130	1.09131	1.09114	1.09115	170	0	9
2024.03.13	13:14:00	1.09115	1.09121	1.09097	1.09098	131	0	12
2024.03.13	13:15:00	1.09098	1.09128	1.09090	1.09122	30	0	9
2024.03.13	13:16:00	1.09122	1.09123	1.09107	1.09113	166	0	11
2024.03.13	13:17:00	1.09113	1.09118	1.09099	1.09099	68	0	10
2024.03.13	13:18:00	1.09099	1.09116	1.09093	1.09112	176	0	10
2024.03.13	13:19:00	1.09112	1.09128	1.09102	1.09119	89	0	10
2024.03.13	13:20:00	1.09119	1.09121	1.09106	1.09114	160	0	11
2024.03.13	13:21:00	1.09114	1.09138	1.09113	1.09131	146	0	8
2024.03.13	13:22:00	1.09131	1.09132	1.09114	1.09120	129	0	9
2024.03.13	13:23:00	1.09120	1.09127	1.09106	1.09109	37	0	12
2024.03.13	13:24:00	1.09109	1.09121	1.09106	1.09119	138	0	8
2024.03.13	13:25:00	1.09119	1.09124	1.09101	1.09106	37	0	10
2024.03.13	13:26:00	1.09106	1.09109	1.09103	1.09105	49	0	8
2024.03.13	13:27:00	1.09105	1.09111	1.09092	1.09098	66	0	10
2024.03.13	13:28:00	1.09098	1.09103	1.09087	1.09093	163	0	9
2024.03.13	13:29:00	1.09093	1.09094	1.09088	1.09094	33	0	8
2024.03.13	13:30:00	1.09094	1.09106	1.09089	1.09102	37	0	11
2024.03.13	13:31:00	1.09102	1.09103	1.09085	1.09091	46	0	10
2024.03.13	13:32:00	1.09091	1.09099	1.09090	1.09099	150	0	11
2024.03.13	13:33:00	1.09099	1.09110	1.09093	1.09102	134	0	11
2024.03.13	13:34:00	1.09102	1.09112	1.09097	1.09104	58	0	8
2024.03.13	13:35:00	1.09104	1.09109	1.09101	1.09107	35	0	12
2024.03.13	13:36:00	1.09107	1.09113	1.09105	1.09107	136	0	10
2024.03.13	13:37:00	1.09107	1.09124	1.09103	1.09113	8	0	10
2024.03.13	13:38:00	1.09113	1.09116	1.09108	1.09113	62	0	12
2024.03.13	13:39:00	1.09113	1.09128	1.09104	1.09120	44	0	10
2024.03.13	13:40:00	1.09120	1.09123	1.09109	1.09117	166	0	8
2024.03.13	13:41:00	1.09117	1.09122	1.09117	1.09119	72	0	8
2024.03.13	13:42:00	1.09119	1.09128	1.09100	1.09107	31	0	11
2024.03.13	13:43:00	1.09107	1.09113	1.09106	1.09111	44	0	10
2024.03.13	13:44:00	1.09111	1.09134	1.09108	1.09131	122	0	12
2024.03.13	13:45:00	1.09131	1.09148	1.09129	1.09146	143	0	12
2024.03.13	13:46:00	1.09146	1.09160	1.09141	1.09151	53	0	11
2024.03.13	13:47:00	1.09151	1.09156	1.09136	1.09141	76	0	8
2024.03.13	13:48:00	1.09141	1.09142	1.09128	1.09131	92	0	12
2024.03.13	13:49:00	1.09131	1.09133	1.09124	1.09132	51	0	10
2024.03.13	13:50:00	1.09132	1.09165	1.09128	1.09159	75	0	10
2024.03.13	13:51:00	1.09159	1.09170	1.09157	1.09169	60	0	10
2024.03.13	13:52:00	1.09169	1.09172	1.09154	1.09160	111	0	11
2024.03.13	13:53:00	1.09160	1.09164	1.09158	1.09162	157	0	11
2024.03.13	13:54:00	1.09162	1.09163	1.09156	1.09159	47	0	9
2024.03.13	13:55:00	1.09159	1.09166	1.09147	1.09156	167	0	11
2024.03.13	13:56:00	1.09156	1.09173	1.09154	1.09167	55	0	12
2024.03.13	13:57:00	1.09167	1.09168	1.09153	1.09163	10	0	10
2024.03.13	13:58:00	1.09163	1.09177	1.09158	1.09166	52	0	11
2024.03.13	13:59:00	1.09166	1.09189	1.09162	1.09184	59	0	8
2024.03.13	14:00:00	1.09184	1.09199	1.09179	1.09189	98	0	8
2024.03.13	14:01:00	1.09189	1.09202	1.09183	1.09198	68	0	8
2024.03.13	14:02:00	1.09198	1.09200	1.09167	1.09171	169	0	10
2024.03.13	14:03:00	1.09171	1.09192	1.09159	1.09191	180	0	8
2024.03.13	14:04:00	1.09191	1.09228	1.09190	1.09223	132	0	10
2024.03.13	14:05:00	1.09223	1.09226	1.09212	1.09214	101	0	8
2024.03.13	14:06:00	1.09214	1.09228	1.09211	1.09225	164	0	10
2024.03.13	14:07:00	1.09225	1.09230	1.09222	1.09223	163	0	12
2024.03.13	14:08:00	1.09223	1.09240	1.09220	1.09230	99	0	8
2024.03.13	14:09:00	1.09230	1.09246	1.09229	1.09230	48	0	12
2024.03.13	14:10:00	1.09230	1.09249	1.09223	1.09246	178	0	11
2024.03.13	14:11:00	1.09246	1.09256	1.09243	1.09252	72	0	8
2024.03.13	14:12:00	1.09252	1.09261	1.09243	1.09252	84	0	9
2024.03.13	14:13:00	1.09252	1.09267	1.09250	1.09265	176	0	12
2024.03.13	14:14:00	1.09265	1.09284	1.09253	1.09276	57	0	12
2024.03.13	14:15:00	1.09276	1.09277	1.09267	1.09269	154	0	10
2024.03.13	14:16:00	1.09269	1.09287	1.09268	1.09279	160	0	12
2024.03.13	14:17:00	1.09279	1.09313	1.09270	1.09303	22	0	12
2024.03.13	14:18:00	1.09303	1.09312	1.09289	1.09289	168	0	10
2024.03.13	14:19:00	1.09289	1.09303	1.09287	1.09298	38	0	12
2024.03.13	14:20:00	1.09298	1.09311	1.09291	1.09309	41	0	12
2024.03.13	14:21:00	1.09309	1.09313	1.09306	1.09306	76	0	8
2024.03.13	14:22:00	1.09306	1.09331	1.09301	1.09316	137	0	11
2024.03.13	14:23:00	1.09316	1.09321	1.09301	1.09314	42	0	8
2024.03.13	14:24:00	1.09314	1.09327	1.09296	1.09323	36	0	11
2024.03.13	14:25:00	1.09323	1.09331	1.09307	1.09311	56	0	11
2024.03.13	14:26:00	1.09311	1.09315	1.09306	1.09311	105	0	12
2024.03.13	14:27:00	1.09311	1.09314	1.09303	1.09308	67	0	11
2024.03.13	14:28:00	1.09308	1.09324	1.09305	1.09322	81	0	10
2024.03.13	14:29:00	1.09322	1.09323	1.09310	1.09320	45	0	12
2024.03.13	14:30:00	1.09320	1.09322	1.09292	1.09299	40	0	10
2024.03.13	14:31:00	1.09299	1.09312	1.09290	1.09305	41	0	12
2024.03.13	14:32:00	1.09305	1.09306	1.09291	1.09302	129	0	11
2024.03.13	14:33:00	1.09302	1.09334	1.09302	1.09319	134	0	10
2024.03.13	14:34:00	1.09319	1.09325	1.09302	1.09305	94	0	8
2024.03.13	14:35:00	1.09305	1.09318	1.09304	1.09317	35	0	10
2024.03.13	14:36:00	1.09317	1.09322	1.09313	1.09321	74	0	12
2024.03.13	14:37:00	1.09321	1.09324	1.09310	1.09316	40	0	12
2024.03.13	14:38:00	1.09316	1.09327	1.09312	1.09320	101	0	10
2024.03.13	14:39:00	1.09320	1.09337	1.09320	1.09336	169	0	11
2024.03.13	14:40:00	1.09336	1.09346	1.09336	1.09341	30	0	11
2024.03.13	14:41:00	1.09341	1.09342	1.09323	1.09325	59	0	8
2024.03.13	14:42:00	1.09325	1.09327	1.09314	1.09319	119	0	9
2024.03.13	14:43:00	1.09319	1.09323	1.09318	1.09321	40	0	12
2024.03.13	14:44:00	1.09321	1.09333	1.09314	1.09320	88	0	8
2024.03.13	14:45:00	1.09320	1.09342	1.09307	1.09337	69	0	12
2024.03.13	14:46:00	1.09337	1.09346	1.09311	1.09312	98	0	8
2024.03.13	14:47:00	1.09312	1.09312	1.09288	1.09293	24	0	10
2024.03.13	14:48:00	1.09293	1.09299	1.09283	1.09290	146	0	8
2024.03.13	14:49:00	1.09290	1.09294	1.09270	1.09274	54	0	9
2024.03.13	14:50:00	1.09274	1.09276	1.09252	1.09258	177	0	12
2024.03.13	14:51:00	1.09258	1.09263	1.09250	1.09262	100	0	10
2024.03.13	14:52:00	1.09262	1.09268	1.09252	1.09257	159	0	8
2024.03.13	14:53:00	1.09257	1.09258	1.09245	1.09249	90	0	11
2024.03.13	14:54:00	1.09249	1.09260	1.09245	1.09256	8	0	8
2024.03.13	14:55:00	1.09256	1.09260	1.09242	1.09249	53	0	11
2024.03.13	14:56:00	1.09249	1.09266	1.09248	1.09261	26	0	12
2024.03.13	14:57:00	1.09261	1.09262	1.09239	1.09248	69	0	10
2024.03.13	14:58:00	1.09248	1.09255	1.09222	1.09227	172	0	10
2024.03.13	14:59:00	1.09227	1.09229	1.09214	1.09218	83	0	8
2024.03.13	15:00:00	1.09218	1.09240	1.09218	1.09233	63	0	9
2024.03.13	15:01:00	1.09233	1.09240	1.09227	1.09227	92	0	9
2024.03.13	15:02:00	1.09227	1.09227	1.09221	1.09225	106	0	11
2024.03.13	15:03:00	1.09225	1.09226	1.09217	1.09217	72	0	10
2024.03.13	15:04:00	1.09217	1.09223	1.09204	1.09210	128	0	10
2024.03.13	15:05:00	1.09210	1.09214	1.09199	1.09200	125	0	9
2024.03.13	15:06:00	1.09200	1.09202	1.09185	1.09189	49	0	10
2024.03.13	15:07:00	1.09189	1.09209	1.09189	1.09196	28	0	11
2024.03.13	15:08:00	1.09196	1.09207	1.09195	1.09202	139	0	9
2024.03.13	15:09:00	1.09202	1.09205	1.09190	1.09198	157	0	9
2024.03.13	15:10:00	1.09198	1.09199	1.09192	1.09192	50	0	12
2024.03.13	15:11:00	1.09192	1.09202	1.09179	1.09180	82	0	11
2024.03.13	15:12:00	1.09180	1.09186	1.09163	1.09173	130	0	10
2024.03.13	15:13:00	1.09173	1.09182	1.09157	1.09161	137	0	12
2024.03.13	15:14:00	1.09161	1.09165	1.09146	1.09147	133	0	10
2024.03.13	15:15:00	1.09147	1.09149	1.09126	1.09126	13	0	10
2024.03.13	15:16:00	1.09126	1.09135	1.09111	1.09117	67	0	12
2024.03.13	15:17:00	1.09117	1.09118	1.09077	1.09080	44	0	10
2024.03.13	15:18:00	1.09080	1.09088	1.09078	1.09081	120	0	10
2024.03.13	15:19:00	1.09081	1.09092	1.09080	1.09088	74	0	10
2024.03.13	15:20:00	1.09088	1.09094	1.09086	1.09089	158	0	12
2024.03.13	15:21:00	1.09089	1.09113	1.09087	1.09099	126	0	12
2024.03.13	15:22:00	1.09099	1.09109	1.09095	1.09103	29	0	11
2024.03.13	15:23:00	1.09103	1.09109	1.09100	1.09103	65	0	8
2024.03.13	15:24:00	1.09103	1.09112	1.09091	1.09108	101	0	8
2024.03.13	15:25:00	1.09108	1.09117	1.09104	1.09112	121	0	12
2024.03.13	15:26:00	1.09112	1.09117	1.09089	1.09095	67	0	8
2024.03.13	15:27:00	1.09095	1.09102	1.09090	1.09099	81	0	9
2024.03.13	15:28:00	1.09099	1.09125	1.09094	1.09108	22	0	12
2024.03.13	15:29:00	1.09108	1.09109	1.09103	1.09105	71	0	12
2024.03.13	15:30:00	1.09105	1.09111	1.09105	1.09107	45	0	8
2024.03.13	15:31:00	1.09107	1.09110	1.09087	1.09097	141	0	10
2024.03.13	15:32:00	1.09097	1.09117	1.09092	1.09111	8	0	8
2024.03.13	15:33:00	1.09111	1.09113	1.09106	1.09110	51	0	11
2024.03.13	15:34:00	1.09110	1.09116	1.09101	1.09103	42	0	12
2024.03.13	15:35:00	1.09103	1.09130	1.09103	1.09122	125	0	11
2024.03.13	15:36:00	1.09122	1.09145	1.09118	1.09136	157	0	8
2024.03.13	15:37:00	1.09136	1.09155	1.09132	1.09148	68	0	11
2024.03.13	15:38:00	1.09148	1.09151	1.09134	1.09137	72	0	10
2024.03.13	15:39:00	1.09137	1.09138	1.09113	1.09129	67	0	8
2024.03.13	15:40:00	1.09129	1.09137	1.09103	1.09111	85	0	11
2024.03.13	15:41:00	1.09111	1.09112	1.09103	1.09108	95	0	12
2024.03.13	15:42:00	1.09108	1.09114	1.09086	1.09095	100	0	12
2024.03.13	15:43:00	1.09095	1.09097	1.09073	1.09082	11	0	12
2024.03.13	15:44:00	1.09082	1.09098	1.09072	1.09092	87	0	8
2024.03.13	15:45:00	1.09092	1.09098	1.09088	1.09089	121	0	10
2024.03.13	15:46:00	1.09089	1.09094	1.09076	1.09081	44	0	12
2024.03.13	15:47:00	1.09081	1.09098	1.09078	1.09089	155	0	8
2024.03.13	15:48:00	1.09089	1.09114	1.09088	1.09112	144	0	12
2024.03.13	15:49:00	1.09112	1.09142	1.09110	1.09136	91	0	9
2024.03.13	15:50:00	1.09136	1.09150	1.09135	1.09149	107	0	10
2024.03.13	15:51:00	1.09149	1.09155	1.09133	1.09135	23	0	8
2024.03.13	15:52:00	1.09135	1.09146	1.09131	1.09138	48	0	8
2024.03.13	15:53:00	1.09138	1.09140	1.09127	1.09129	95	0	10
2024.03.13	15:54:00	1.09129	1.09130	1.09119	1.09126	130	0	10
2024.03.13	15:55:00	1.09126	1.09131	1.09118	1.09130	98	0	10
2024.03.13	15:56:00	1.09130	1.09137	1.09122	1.09136	121	0	8
2024.03.13	15:57:00	1.09136	1.09144	1.09132	1.09143	165	0	8
2024.03.13	15:58:00	1.09143	1.09166	1.09141	1.09163	15	0	10
2024.03.13	15:59:00	1.09163	1.09171	1.09147	1.09157	59	0	10
2024.03.13	16:00:00	1.09157	1.09158	1.09151	1.09157	91	0	12
2024.03.13	16:01:00	1.09157	1.09159	1.09113	1.09120	45	0	9
2024.03.13	16:02:00	1.09120	1.09122	1.09100	1.09102	107	0	8
2024.03.13	16:03:00	1.09102	1.09121	1.09098	1.09114	105	0	8
2024.03.13	16:04:00	1.09114	1.09122	1.09114	1.09122	160	0	10
2024.03.13	16:05:00	1.09122	1.09134	1.09117	1.09133	146	0	9
2024.03.13	16:06:00	1.09133	1.09137	1.09121	1.09127	108	0	12
2024.03.13	16:07:00	1.09127	1.09139	1.09118	1.09121	72	0	10
2024.03.13	16:08:00	1.09121	1.09123	1.09102	1.09105	56	0	8
2024.03.13	16:09:00	1.09105	1.09115	1.09099	1.09113	56	0	10
2024.03.13	16:10:00	1.09113	1.09115	1.09107	1.09107	117	0	11
2024.03.13	16:11:00	1.09107	1.09110	1.09079	1.09088	125	0	9
2024.03.13	16:12:00	1.09088	1.09088	1.09077	1.09087	94	0	11
2024.03.13	16:13:00	1.09087	1.09095	1.09079	1.09085	107	0	10
2024.03.13	16:14:00	1.09085	1.09091	1.09076	1.09080	57	0	8
2024.03.13	16:15:00	1.09080	1.09085	1.09052	1.09061	176	0	10
2024.03.13	16:16:00	1.09061	1.09064	1.09052	1.09060	38	0	8
2024.03.13	16:17:00	1.09060	1.09070	1.09059	1.09063	135	0	10
2024.03.13	16:18:00	1.09063	1.09092	1.09062	1.09087	144	0	10
2024.03.13	16:19:00	1.09087	1.09097	1.09075	1.09083	104	0	10
2024.03.13	16:20:00	1.09083	1.09085	1.09065	1.09070	46	0	11
2024.03.13	16:21:00	1.09070	1.09078	1.09061	1.09061	123	0	9
2024.03.13	16:22:00	1.09061	1.09086	1.09054	1.09075	161	0	11
2024.03.13	16:23:00	1.09075	1.09086	1.09074	1.09086	170	0	11
2024.03.13	16:24:00	1.09086	1.09090	1.09080	1.09087	106	0	10
2024.03.13	16:25:00	1.09087	1.09092	1.09071	1.09074	163	0	12
2024.03.13	16:26:00	1.09074	1.09082	1.09073	1.09076	176	0	8
2024.03.13	16:27:00	1.09076	1.09078	1.09044	1.09057	133	0	12
2024.03.13	16:28:00	1.09057	1.09079	1.09051	1.09076	17	0	8
2024.03.13	16:29:00	1.09076	1.09085	1.09069	1.09072	62	0	9
2024.03.13	16:30:00	1.09072	1.09089	1.09071	1.09081	174	0	8
2024.03.13	16:31:00	1.09081	1.09083	1.09076	1.09078	63	0	10
2024.03.13	16:32:00	1.09078	1.09106	1.09077	1.09104	36	0	10
2024.03.13	16:33:00	1.09104	1.09107	1.09102	1.09106	153	0	10
2024.03.13	16:34:00	1.09106	1.09107	1.09091	1.09107	112	0	8
2024.03.13	16:35:00	1.09107	1.09116	1.09103	1.09111	116	0	9
2024.03.13	16:36:00	1.09111	1.09127	1.09104	1.09125	169	0	9
2024.03.13	16:37:00	1.09125	1.09145	1.09116	1.09139	75	0	10
2024.03.13	16:38:00	1.09139	1.09145	1.09110	1.09112	29	0	11
2024.03.13	16:39:00	1.09112	1.09120	1.09103	1.09108	89	0	9
2024.03.13	16:40:00	1.09108	1.09111	1.09091	1.09100	155	0	12
2024.03.13	16:41:00	1.09100	1.09120	1.09099	1.09116	87	0	9
2024.03.13	16:42:00	1.09116	1.09155	1.09114	1.09149	52	0	10
2024.03.13	16:43:00	1.09149	1.09174	1.09145	1.09167	111	0	11
2024.03.13	16:44:00	1.09167	1.09181	1.09161	1.09170	128	0	10
2024.03.13	16:45:00	1.09170	1.09172	1.09156	1.09160	24	0	10
2024.03.13	16:46:00	1.09160	1.09163	1.09139	1.09149	45	0	12
2024.03.13	16:47:00	1.09149	1.09150	1.09134	1.09143	25	0	10
2024.03.13	16:48:00	1.09143	1.09162	1.09140	1.09155	108	0	12
2024.03.13	16:49:00	1.09155	1.09163	1.09147	1.09159	112	0	10
2024.03.13	16:50:00	1.09159	1.09167	1.09152	1.09153	89	0	9
2024.03.13	16:51:00	1.09153	1.09166	1.09153	1.09165	80	0	9
2024.03.13	16:52:00	1.09165	1.09178	1.09163	1.09163	17	0	10
2024.03.13	16:53:00	1.09163	1.09169	1.09135	1.09141	150	0	9
2024.03.13	16:54:00	1.09141	1.09149	1.09121	1.09121	120	0	12
2024.03.13	16:55:00	1.09121	1.09125	1.09105	1.09118	65	0	11
2024.03.13	16:56:00	1.09118	1.09132	1.09116	1.09128	54	0	10
2024.03.13	16:57:00	1.09128	1.09129	1.09128	1.09128	140	0	9
2024.03.13	16:58:00	1.09128	1.09129	1.09126	1.09128	29	0	8
2024.03.13	16:59:00	1.09128	1.09144	1.09126	1.09141	97	0	11
2024.03.13	17:00:00	1.09141	1.09153	1.09131	1.09152	102	0	10
2024.03.13	17:01:00	1.09152	1.09163	1.09143	1.09160	81	0	8
2024.03.13	17:02:00	1.09160	1.09165	1.09158	1.09159	167	0	8
2024.03.13	17:03:00	1.09159	1.09161	1.09150	1.09155	42	0	12
2024.03.13	17:04:00	1.09155	1.09162	1.09147	1.09155	128	0	8
2024.03.13	17:05:00	1.09155	1.09161	1.09123	1.09127	131	0	9
2024.03.13	17:06:00	1.09127	1.09147	1.09123	1.09143	98	0	10
2024.03.13	17:07:00	1.09143	1.09166	1.09142	1.09152	173	0	11
2024.03.13	17:08:00	1.09152	1.09164	1.09148	1.09159	73	0	12
2024.03.13	17:09:00	1.09159	1.09163	1.09135	1.09146	149	0	12
2024.03.13	17:10:00	1.09146	1.09164	1.09137	1.09154	9	0	10
2024.03.13	17:11:00	1.09154	1.09175	1.09138	1.09173	55	0	10
2024.03.13	17:12:00	1.09173	1.09182	1.09167	1.09180	44	0	12
2024.03.13	17:13:00	1.09180	1.09188	1.09169	1.09182	151	0	9
2024.03.13	17:14:00	1.09182	1.09201	1.09181	1.09187	172	0	12
2024.03.13	17:15:00	1.09187	1.09193	1.09175	1.09192	58	0	8
2024.03.13	17:16:00	1.09192	1.09204	1.09185	1.09197	107	0	12
2024.03.13	17:17:00	1.09197	1.09227	1.09195	1.09214	165	0	11
2024.03.13	17:18:00	1.09214	1.09218	1.09188	1.09198	43	0	11
2024.03.13	17:19:00	1.09198	1.09215	1.09196	1.09205	176	0	8
2024.03.13	17:20:00	1.09205	1.09222	1.09204	1.09214	130	0	8
2024.03.13	17:21:00	1.09214	1.09220	1.09195	1.09203	52	0	10
2024.03.13	17:22:00	1.09203	1.09217	1.09185	1.09193	179	0	10
2024.03.13	17:23:00	1.09193	1.09193	1.09178	1.09179	170	0	11
2024.03.13	17:24:00	1.09179	1.09180	1.09174	1.09176	31	0	9
2024.03.13	17:25:00	1.09176	1.09178	1.09154	1.09165	164	0	12
2024.03.13	17:26:00	1.09165	1.09169	1.09156	1.09157	133	0	8
2024.03.13	17:27:00	1.09157	1.09167	1.09153	1.09156	33	0	11
2024.03.13	17:28:00	1.09156	1.09164	1.09153	1.09159	77	0	10
2024.03.13	17:29:00	1.09159	1.09161	1.09154	1.09158	29	0	12
2024.03.13	17:30:00	1.09158	1.09184	1.09156	1.09182	80	0	12
2024.03.13	17:31:00	1.09182	1.09187	1.09164	1.09175	71	0	10
2024.03.13	17:32:00	1.09175	1.09187	1.09171	1.09179	30	0	11
2024.03.13	17:33:00	1.09179	1.09182	1.09168	1.09177	39	0	12
2024.03.13	17:34:00	1.09177	1.09185	1.09176	1.09178	133	0	8
2024.03.13	17:35:00	1.09178	1.09191	1.09170	1.09171	85	0	12
2024.03.13	17:36:00	1.09171	1.09171	1.09158	1.09165	126	0	8
2024.03.13	17:37:00	1.09165	1.09171	1.09160	1.09163	147	0	11
2024.03.13	17:38:00	1.09163	1.09170	1.09151	1.09153	168	0	10
2024.03.13	17:39:00	1.09153	1.09159	1.09147	1.09152	140	0	10
2024.03.13	17:40:00	1.09152	1.09167	1.09143	1.09166	83	0	12
2024.03.13	17:41:00	1.09166	1.09174	1.09161	1.09173	99	0	8
2024.03.13	17:42:00	1.09173	1.09189	1.09170	1.09188	128	0	10
2024.03.13	17:43:00	1.09188	1.09195	1.09176	1.09184	92	0	10
2024.03.13	17:44:00	1.09184	1.09192	1.09176	1.09176	157	0	12
2024.03.13	17:45:00	1.09176	1.09179	1.09174	1.09175	103	0	11
2024.03.13	17:46:00	1.09175	1.09178	1.09157	1.09168	70	0	8
2024.03.13	17:47:00	1.09168	1.09178	1.09162	1.09162	179	0	10
2024.03.13	17:48:00	1.09162	1.09164	1.09148	1.09151	65	0	10
2024.03.13	17:49:00	1.09151	1.09155	1.09144	1.09155	159	0	10
2024.03.13	17:50:00	1.09155	1.09158	1.09141	1.09142	70	0	8
2024.03.13	17:51:00	1.09142	1.09163	1.09135	1.09160	138	0	11
2024.03.13	17:52:00	1.09160	1.09177	1.09150	1.09153	74	0	11
2024.03.13	17:53:00	1.09153	1.09163	1.09139	1.09140	49	0	11
2024.03.13	17:54:00	1.09140	1.09168	1.09136	1.09165	162	0	10
2024.03.13	17:55:00	1.09165	1.09180	1.09159	1.09174	16	0	10
2024.03.13	17:56:00	1.09174	1.09174	1.09159	1.09161	62	0	9
2024.03.13	17:57:00	1.09161	1.09162	1.09151	1.09156	114	0	11
2024.03.13	17:58:00	1.09156	1.09183	1.09147	1.09179	143	0	9
2024.03.13	17:59:00	1.09179	1.09196	1.09178	1.09187	33	0	11
2024.03.13	18:00:00	1.09187	1.09198	1.09185	1.09192	136	0	12
2024.03.13	18:01:00	1.09192	1.09202	1.09190	1.09196	157	0	11
2024.03.13	18:02:00	1.09196	1.09204	1.09195	1.09199	45	0	8
2024.03.13	18:03:00	1.09199	1.09201	1.09185	1.09190	120	0	10
2024.03.13	18:04:00	1.09190	1.09209	1.09190	1.09207	62	0	9
2024.03.13	18:05:00	1.09207	1.09208	1.09190	1.09203	38	0	8
2024.03.13	18:06:00	1.09203	1.09206	1.09193	1.09196	28	0	8
2024.03.13	18:07:00	1.09196	1.09203	1.09187	1.09191	35	0	11
2024.03.13	18:08:00	1.09191	1.09221	1.09187	1.09199	162	0	10
2024.03.13	18:09:00	1.09199	1.09231	1.09193	1.09220	29	0	8
2024.03.13	18:10:00	1.09220	1.09231	1.09216	1.09216	18	0	12
2024.03.13	18:11:00	1.09216	1.09225	1.09213	1.09223	11	0	9
2024.03.13	18:12:00	1.09223	1.09230	1.09222	1.09224	139	0	11
2024.03.13	18:13:00	1.09224	1.09234	1.09220	1.09222	95	0	10
2024.03.13	18:14:00	1.09222	1.09226	1.09201	1.09207	120	0	8
2024.03.13	18:15:00	1.09207	1.09226	1.09200	1.09214	51	0	10
2024.03.13	18:16:00	1.09214	1.09219	1.09213	1.09217	11	0	11
2024.03.13	18:17:00	1.09217	1.09225	1.09216	1.09224	156	0	10
2024.03.13	18:18:00	1.09224	1.09247	1.09223	1.09237	124	0	11
2024.03.13	18:19:00	1.09237	1.09238	1.09232	1.09232	72	0	11
2024.03.13	18:20:00	1.09232	1.09241	1.09219	1.09222	9	0	12
2024.03.13	18:21:00	1.09222	1.09231	1.09210	1.09216	30	0	11
2024.03.13	18:22:00	1.09216	1.09220	1.09191	1.09193	73	0	9
2024.03.13	18:23:00	1.09193	1.09221	1.09184	1.09213	16	0	8
2024.03.13	18:24:00	1.09213	1.09232	1.09206	1.09226	37	0	9
2024.03.13	18:25:00	1.09226	1.09230	1.09215	1.09223	175	0	11
2024.03.13	18:26:00	1.09223	1.09232	1.09218	1.09231	158	0	10
2024.03.13	18:27:00	1.09231	1.09233	1.09228	1.09233	151	0	10
2024.03.13	18:28:00	1.09233	1.09242	1.09229	1.09229	121	0	10
2024.03.13	18:29:00	1.09229	1.09235	1.09220	1.09230	91	0	10
2024.03.13	18:30:00	1.09230	1.09247	1.09223	1.09243	105	0	9
2024.03.13	18:31:00	1.09243	1.09251	1.09223	1.09236	9	0	10
2024.03.13	18:32:00	1.09236	1.09239	1.09228	1.09230	115	0	10
2024.03.13	18:33:00	1.09230	1.09236	1.09229	1.09236	75	0	9
2024.03.13	18:34:00	1.09236	1.09240	1.09219	1.09220	34	0	10
2024.03.13	18:35:00	1.09220	1.09242	1.09216	1.09239	175	0	9
2024.03.13	18:36:00	1.09239	1.09246	1.09236	1.09238	165	0	10
2024.03.13	18:37:00	1.09238	1.09250	1.09235	1.09248	127	0	9
2024.03.13	18:38:00	1.09248	1.09251	1.09238	1.09250	174	0	11
2024.03.13	18:39:00	1.09250	1.09267	1.09250	1.09267	83	0	10
2024.03.13	18:40:00	1.09267	1.09275	1.09256	1.09256	151	0	8
2024.03.13	18:41:00	1.09256	1.09264	1.09240	1.09251	85	0	8
2024.03.13	18:42:00	1.09251	1.09254	1.09250	1.09252	142	0	10
2024.03.13	18:43:00	1.09252	1.09253	1.09237	1.09238	132	0	10
2024.03.13	18:44:00	1.09238	1.09244	1.09232	1.09233	33	0	9
2024.03.13	18:45:00	1.09233	1.09240	1.09222	1.09225	56	0	8
2024.03.13	18:46:00	1.09225	1.09235	1.09201	1.09208	155	0	10
2024.03.13	18:47:00	1.09208	1.09230	1.09202	1.09225	95	0	12
2024.03.13	18:48:00	1.09225	1.09260	1.09211	1.09247	134	0	8
2024.03.13	18:49:00	1.09247	1.09273	1.09240	1.09265	156	0	12
2024.03.13	18:50:00	1.09265	1.09266	1.09240	1.09242	162	0	11
2024.03.13	18:51:00	1.09242	1.09262	1.09241	1.09251	118	0	9
2024.03.13	18:52:00	1.09251	1.09264	1.09241	1.09250	83	0	10
2024.03.13	18:53:00	1.09250	1.09251	1.09228	1.09238	168	0	8
2024.03.13	18:54:00	1.09238	1.09259	1.09235	1.09254	86	0	8
2024.03.13	18:55:00	1.09254	1.09270	1.09253	1.09265	29	0	11
2024.03.13	18:56:00	1.09265	1.09269	1.09265	1.09267	31	0	10
2024.03.13	18:57:00	1.09267	1.09276	1.09262	1.09262	135	0	8
2024.03.13	18:58:00	1.09262	1.09275	1.09258	1.09264	133	0	12
2024.03.13	18:59:00	1.09264	1.09274	1.09261	1.09270	150	0	9
2024.03.13	19:00:00	1.09270	1.09295	1.09261	1.09291	115	0	12
2024.03.13	19:01:00	1.09291	1.09293	1.09284	1.09287	59	0	8
2024.03.13	19:02:00	1.09287	1.09303	1.09277	1.09299	112	0	10
2024.03.13	19:03:00	1.09299	1.09305	1.09298	1.09302	102	0	12
2024.03.13	19:04:00	1.09302	1.09309	1.09288	1.09294	37	0	10
2024.03.13	19:05:00	1.09294	1.09306	1.09289	1.09301	170	0	9
2024.03.13	19:06:00	1.09301	1.09302	1.09292	1.09292	142	0	11
2024.03.13	19:07:00	1.09292	1.09305	1.09280	1.09293	72	0	10
2024.03.13	19:08:00	1.09293	1.09322	1.09280	1.09305	141	0	11
2024.03.13	19:09:00	1.09305	1.09311	1.09300	1.09311	66	0	9
2024.03.13	19:10:00	1.09311	1.09324	1.09306	1.09320	136	0	10
2024.03.13	19:11:00	1.09320	1.09323	1.09317	1.09321	11	0	8
2024.03.13	19:12:00	1.09321	1.09324	1.09287	1.09299	169	0	8
2024.03.13	19:13:00	1.09299	1.09304	1.09287	1.09290	43	0	11
2024.03.13	19:14:00	1.09290	1.09300	1.09285	1.09297	50	0	9
2024.03.13	19:15:00	1.09297	1.09304	1.09288	1.09303	56	0	8
2024.03.13	19:16:00	1.09303	1.09311	1.09298	1.09306	95	0	11
2024.03.13	19:17:00	1.09306	1.09332	1.09300	1.09328	56	0	12
2024.03.13	19:18:00	1.09328	1.09349	1.09321	1.09344	110	0	8
2024.03.13	19:19:00	1.09344	1.09351	1.09336	1.09341	23	0	12
2024.03.13	19:20:00	1.09341	1.09345	1.09330	1.09334	14	0	10
2024.03.13	19:21:00	1.09334	1.09342	1.09330	1.09333	85	0	12
2024.03.13	19:22:00	1.09333	1.09346	1.09314	1.09322	177	0	9
2024.03.13	19:23:00	1.09322	1.09342	1.09313	1.09336	177	0	10
2024.03.13	19:24:00	1.09336	1.09351	1.09330	1.09349	150	0	11
2024.03.13	19:25:00	1.09349	1.09360	1.09347	1.09348	9	0	12
2024.03.13	19:26:00	1.09348	1.09357	1.09347	1.09351	168	0	8
2024.03.13	19:27:00	1.09351	1.09354	1.09344	1.09354	86	0	11
2024.03.13	19:28:00	1.09354	1.09361	1.09348	1.09349	14	0	10
2024.03.13	19:29:00	1.09349	1.09357	1.09347	1.09355	143	0	10
2024.03.13	19:30:00	1.09355	1.09363	1.09354	1.09357	62	0	10
2024.03.13	19:31:00	1.09357	1.09371	1.09354	1.09365	103	0	9
2024.03.13	19:32:00	1.09365	1.09385	1.09362	1.09381	111	0	12
2024.03.13	19:33:00	1.09381	1.09401	1.09375	1.09395	64	0	11
2024.03.13	19:34:00	1.09395	1.09412	1.09390	1.09408	98	0	12
2024.03.13	19:35:00	1.09408	1.09421	1.09407	1.09416	78	0	12
2024.03.13	19:36:00	1.09416	1.09430	1.09415	1.09428	32	0	11
2024.03.13	19:37:00	1.09428	1.09454	1.09423	1.09439	141	0	10
2024.03.13	19:38:00	1.09439	1.09443	1.09437	1.09439	154	0	10
2024.03.13	19:39:00	1.09439	1.09452	1.09426	1.09426	56	0	10
2024.03.13	19:40:00	1.09426	1.09434	1.09400	1.09409	77	0	11
2024.03.13	19:41:00	1.09409	1.09427	1.09403	1.09427	39	0	10
2024.03.13	19:42:00	1.09427	1.09455	1.09422	1.09450	77	0	9
2024.03.13	19:43:00	1.09450	1.09452	1.09427	1.09433	162	0	10
2024.03.13	19:44:00	1.09433	1.09435	1.09399	1.09401	122	0	10
2024.03.13	19:45:00	1.09401	1.09406	1.09394	1.09395	135	0	12
2024.03.13	19:46:00	1.09395	1.09417	1.09391	1.09409	25	0	10
2024.03.13	19:47:00	1.09409	1.09429	1.09403	1.09426	9	0	10
2024.03.13	19:48:00	1.09426	1.09439	1.09421	1.09431	102	0	8
2024.03.13	19:49:00	1.09431	1.09443	1.09427	1.09439	149	0	9
2024.03.13	19:50:00	1.09439	1.09447	1.09434	1.09442	57	0	12
2024.03.13	19:51:00	1.09442	1.09462	1.09441	1.09461	80	0	10
2024.03.13	19:52:00	1.09461	1.09493	1.09460	1.09490	31	0	10
2024.03.13	19:53:00	1.09490	1.09491	1.09487	1.09488	73	0	11
2024.03.13	19:54:00	1.09488	1.09499	1.09485	1.09497	125	0	11
2024.03.13	19:55:00	1.09497	1.09509	1.09490	1.09500	73	0	8
2024.03.13	19:56:00	1.09500	1.09514	1.09500	1.09509	161	0	12
2024.03.13	19:57:00	1.09509	1.09525	1.09504	1.09514	160	0	10
2024.03.13	19:58:00	1.09514	1.09520	1.09499	1.09502	110	0	11
2024.03.13	19:59:00	1.09502	1.09507	1.09499	1.09501	47	0	11
2024.03.13	20:00:00	1.09501	1.09518	1.09500	1.09511	24	0	10
2024.03.13	20:01:00	1.09511	1.09513	1.09507	1.09507	142	0	10
2024.03.13	20:02:00	1.09507	1.09507	1.09502	1.09504	60	0	9
2024.03.13	20:03:00	1.09504	1.09517	1.09498	1.09508	71	0	9
2024.03.13	20:04:00	1.09508	1.09508	1.09494	1.09505	101	0	11
2024.03.13	20:05:00	1.09505	1.09522	1.09499	1.09517	131	0	12
2024.03.13	20:06:00	1.09517	1.09536	1.09515	1.09527	86	0	9
2024.03.13	20:07:00	1.09527	1.09539	1.09524	1.09533	159	0	9
2024.03.13	20:08:00	1.09533	1.09537	1.09514	1.09518	93	0	9
2024.03.13	20:09:00	1.09518	1.09518	1.09490	1.09496	147	0	10
2024.03.13	20:10:00	1.09496	1.09504	1.09489	1.09498	133	0	12
2024.03.13	20:11:00	1.09498	1.09516	1.09492	1.09510	75	0	8
2024.03.13	20:12:00	1.09510	1.09524	1.09505	1.09523	11	0	11
2024.03.13	20:13:00	1.09523	1.09530	1.09513	1.09514	66	0	9
2024.03.13	20:14:00	1.09514	1.09523	1.09511	1.09522	75	0	11
2024.03.13	20:15:00	1.09522	1.09537	1.09521	1.09536	176	0	11
2024.03.13	20:16:00	1.09536	1.09536	1.09519	1.09528	102	0	12
2024.03.13	20:17:00	1.09528	1.09534	1.09519	1.09527	124	0	10
2024.03.13	20:18:00	1.09527	1.09548	1.09524	1.09545	90	0	9
2024.03.13	20:19:00	1.09545	1.09557	1.09531	1.09553	43	0	8
2024.03.13	20:20:00	1.09553	1.09563	1.09545	1.09557	38	0	11
2024.03.13	20:21:00	1.09557	1.09558	1.09551	1.09555	80	0	8
2024.03.13	20:22:00	1.09555	1.09558	1.09551	1.09552	45	0	12
2024.03.13	20:23:00	1.09552	1.09569	1.09542	1.09545	73	0	11
2024.03.13	20:24:00	1.09545	1.09579	1.09545	1.09577	146	0	10
2024.03.13	20:25:00	1.09577	1.09598	1.09567	1.09585	20	0	8
2024.03.13	20:26:00	1.09585	1.09585	1.09579	1.09583	73	0	9
2024.03.13	20:27:00	1.09583	1.09592	1.09578	1.09591	14	0	11
2024.03.13	20:28:00	1.09591	1.09595	1.09575	1.09578	147	0	10
2024.03.13	20:29:00	1.09578	1.09578	1.09552	1.09558	21	0	10
2024.03.13	20:30:00	1.09558	1.09560	1.09530	1.09538	64	0	9
2024.03.13	20:31:00	1.09538	1.09541	1.09533	1.09534	39	0	8
2024.03.13	20:32:00	1.09534	1.09538	1.09528	1.09537	141	0	12
2024.03.13	20:33:00	1.09537	1.09566	1.09530	1.09559	32	0	9
2024.03.13	20:34:00	1.09559	1.09571	1.09550	1.09564	147	0	10
2024.03.13	20:35:00	1.09564	1.09571	1.09557	1.09562	173	0	10
2024.03.13	20:36:00	1.09562	1.09569	1.09554	1.09555	70	0	10
2024.03.13	20:37:00	1.09555	1.09581	1.09545	1.09576	85	0	10
2024.03.13	20:38:00	1.09576	1.09592	1.09571	1.09591	121	0	11
2024.03.13	20:39:00	1.09591	1.09606	1.09590	1.09592	105	0	11
2024.03.13	20:40:00	1.09592	1.09597	1.09576	1.09582	12	0	10
2024.03.13	20:41:00	1.09582	1.09585	1.09571	1.09574	11	0	8
2024.03.13	20:42:00	1.09574	1.09587	1.09573	1.09581	90	0	11
2024.03.13	20:43:00	1.09581	1.09582	1.09566	1.09567	127	0	10
2024.03.13	20:44:00	1.09567	1.09568	1.09548	1.09550	173	0	11
2024.03.13	20:45:00	1.09550	1.09564	1.09550	1.09555	148	0	12
2024.03.13	20:46:00	1.09555	1.09559	1.09540	1.09542	21	0	8
2024.03.13	20:47:00	1.09542	1.09559	1.09538	1.09558	158	0	10
2024.03.13	20:48:00	1.09558	1.09564	1.09552	1.09553	103	0	10
2024.03.13	20:49:00	1.09553	1.09557	1.09541	1.09545	141	0	12
2024.03.13	20:50:00	1.09545	1.09552	1.09537	1.09550	67	0	10
2024.03.13	20:51:00	1.09550	1.09555	1.09543	1.09551	71	0	10
2024.03.13	20:52:00	1.09551	1.09554	1.09537	1.09548	172	0	8
2024.03.13	20:53:00	1.09548	1.09552	1.09539	1.09539	114	0	11
2024.03.13	20:54:00	1.09539	1.09542	1.09538	1.09539	116	0	11
2024.03.13	20:55:00	1.09539	1.09543	1.09529	1.09532	8	0	8
2024.03.13	20:56:00	1.09532	1.09550	1.09531	1.09543	56	0	11
2024.03.13	20:57:00	1.09543	1.09552	1.09540	1.09552	53	0	8
2024.03.13	20:58:00	1.09552	1.09566	1.09542	1.09554	82	0	10
2024.03.13	20:59:00	1.09554	1.09555	1.09516	1.09524	170	0	8
2024.03.13	21:00:00	1.09524	1.09541	1.09516	1.09534	74	0	8
2024.03.13	21:01:00	1.09534	1.09541	1.09514	1.09525	16	0	9
2024.03.13	21:02:00	1.09525	1.09535	1.09516	1.09521	91	0	9
2024.03.13	21:03:00	1.09521	1.09529	1.09513	1.09528	120	0	8
2024.03.13	21:04:00	1.09528	1.09536	1.09527	1.09530	31	0	12
2024.03.13	21:05:00	1.09530	1.09532	1.09526	1.09530	28	0	12
2024.03.13	21:06:00	1.09530	1.09550	1.09526	1.09538	96	0	12
2024.03.13	21:07:00	1.09538	1.09546	1.09527	1.09528	14	0	10
2024.03.13	21:08:00	1.09528	1.09548	1.09528	1.09533	161	0	12
2024.03.13	21:09:00	1.09533	1.09540	1.09529	1.09532	8	0	8
2024.03.13	21:10:00	1.09532	1.09534	1.09511	1.09515	120	0	10
2024.03.13	21:11:00	1.09515	1.09525	1.09512	1.09513	70	0	11
2024.03.13	21:12:00	1.09513	1.09528	1.09510	1.09525	84	0	11
2024.03.13	21:13:00	1.09525	1.09537	1.09522	1.09530	62	0	11
2024.03.13	21:14:00	1.09530	1.09530	1.09525	1.09525	121	0	11
2024.03.13	21:15:00	1.09525	1.09540	1.09520	1.09531	166	0	9
2024.03.13	21:16:00	1.09531	1.09547	1.09523	1.09541	134	0	8
2024.03.13	21:17:00	1.09541	1.09543	1.09523	1.09529	64	0	10
2024.03.13	21:18:00	1.09529	1.09538	1.09529	1.09535	37	0	11
2024.03.13	21:19:00	1.09535	1.09541	1.09518	1.09521	144	0	12
2024.03.13	21:20:00	1.09521	1.09535	1.09519	1.09533	123	0	11
2024.03.13	21:21:00	1.09533	1.09537	1.09530	1.09537	170	0	10
2024.03.13	21:22:00	1.09537	1.09547	1.09525	1.09541	23	0	9
2024.03.13	21:23:00	1.09541	1.09549	1.09524	1.09536	9	0	11
2024.03.13	21:24:00	1.09536	1.09537	1.09521	1.09523	139	0	10
2024.03.13	21:25:00	1.09523	1.09541	1.09514	1.09533	66	0	10
2024.03.13	21:26:00	1.09533	1.09551	1.09530	1.09550	38	0	12
2024.03.13	21:27:00	1.09550	1.09558	1.09550	1.09552	19	0	10
2024.03.13	21:28:00	1.09552	1.09566	1.09549	1.09561	14	0	11
2024.03.13	21:29:00	1.09561	1.09573	1.09557	1.09566	33	0	10
2024.03.13	21:30:00	1.09566	1.09611	1.09565	1.09605	155	0	11
2024.03.13	21:31:00	1.09605	1.09617	1.09602	1.09616	57	0	10
2024.03.13	21:32:00	1.09616	1.09619	1.09613	1.09618	135	0	11
2024.03.13	21:33:00	1.09618	1.09641	1.09617	1.09633	102	0	8
2024.03.13	21:34:00	1.09633	1.09637	1.09627	1.09629	178	0	12
2024.03.13	21:35:00	1.09629	1.09641	1.09628	1.09636	73	0	11
2024.03.13	21:36:00	1.09636	1.09643	1.09624	1.09640	156	0	12
2024.03.13	21:37:00	1.09640	1.09642	1.09618	1.09619	44	0	8
2024.03.13	21:38:00	1.09619	1.09623	1.09609	1.09615	69	0	10
2024.03.13	21:39:00	1.09615	1.09616	1.09587	1.09588	130	0	11
2024.03.13	21:40:00	1.09588	1.09590	1.09576	1.09587	25	0	9
2024.03.13	21:41:00	1.09587	1.09602	1.09571	1.09594	116	0	9
2024.03.13	21:42:00	1.09594	1.09630	1.09587	1.09628	149	0	11
2024.03.13	21:43:00	1.09628	1.09639	1.09617	1.09636	102	0	10
2024.03.13	21:44:00	1.09636	1.09641	1.09625	1.09631	167	0	10
2024.03.13	21:45:00	1.09631	1.09641	1.09627	1.09635	151	0	9
2024.03.13	21:46:00	1.09635	1.09661	1.09635	1.09658	151	0	8
2024.03.13	21:47:00	1.09658	1.09682	1.09654	1.09674	114	0	9
2024.03.13	21:48:00	1.09674	1.09694	1.09667	1.09681	93	0	10
2024.03.13	21:49:00	1.09681	1.09711	1.09677	1.09706	51	0	12
2024.03.13	21:50:00	1.09706	1.09714	1.09702	1.09711	168	0	9
2024.03.13	21:51:00	1.09711	1.09719	1.09711	1.09715	121	0	10
2024.03.13	21:52:00	1.09715	1.09717	1.09707	1.09708	136	0	9
2024.03.13	21:53:00	1.09708	1.09722	1.09701	1.09715	29	0	10
2024.03.13	21:54:00	1.09715	1.09719	1.09696	1.09700	62	0	9
2024.03.13	21:55:00	1.09700	1.09713	1.09695	1.09711	85	0	12
2024.03.13	21:56:00	1.09711	1.09720	1.09682	1.09692	163	0	11
2024.03.13	21:57:00	1.09692	1.09710	1.09689	1.09697	43	0	12
2024.03.13	21:58:00	1.09697	1.09704	1.09668	1.09673	87	0	9
2024.03.13	21:59:00	1.09673	1.09680	1.09669	1.09677	95	0	11
2024.03.13	23:00:00	1.09677	1.09678	1.09657	1.09662	155	0	10
2024.03.13	23:01:00	1.09662	1.09666	1.09652	1.09656	178	0	12
2024.03.13	23:02:00	1.09656	1.09682	1.09654	1.09677	17	0	11
2024.03.13	23:03:00	1.09677	1.09703	1.09675	1.09694	180	0	11
2024.03.13	23:04:00	1.09694	1.09726	1.09689	1.09715	97	0	10
2024.03.13	23:05:00	1.09715	1.09722	1.09704	1.09707	143	0	8
2024.03.13	23:06:00	1.09707	1.09713	1.09672	1.09676	149	0	11
2024.03.13	23:07:00	1.09676	1.09683	1.09663	1.09676	79	0	10
2024.03.13	23:08:00	1.09676	1.09693	1.09671	1.09691	95	0	9
2024.03.13	23:09:00	1.09691	1.09694	1.09681	1.09682	29	0	10
2024.03.13	23:10:00	1.09682	1.09695	1.09681	1.09687	118	0	8
2024.03.13	23:11:00	1.09687	1.09724	1.09679	1.09715	29	0	11
2024.03.13	23:12:00	1.09715	1.09731	1.09711	1.09719	149	0	9
2024.03.13	23:13:00	1.09719	1.09729	1.09704	1.09711	49	0	10
2024.03.13	23:14:00	1.09711	1.09724	1.09705	1.09716	176	0	9
2024.03.13	23:15:00	1.09716	1.09718	1.09688	1.09689	145	0	11
2024.03.13	23:16:00	1.09689	1.09706	1.09681	1.09699	87	0	10
2024.03.13	23:17:00	1.09699	1.09706	1.09685	1.09688	110	0	8
2024.03.13	23:18:00	1.09688	1.09700	1.09673	1.09692	153	0	10
2024.03.13	23:19:00	1.09692	1.09693	1.09671	1.09677	122	0	8
2024.03.13	23:20:00	1.09677	1.09681	1.09665	1.09665	109	0	10
2024.03.13	23:21:00	1.09665	1.09678	1.09655	1.09677	64	0	8
2024.03.13	23:22:00	1.09677	1.09686	1.09658	1.09666	153	0	11
2024.03.13	23:23:00	1.09666	1.09691	1.09654	1.09680	121	0	10
2024.03.13	23:24:00	1.09680	1.09695	1.09679	1.09693	176	0	10
2024.03.13	23:25:00	1.09693	1.09721	1.09690	1.09713	147	0	10
2024.03.13	23:26:00	1.09713	1.09733	1.09711	1.09727	70	0	10
2024.03.13	23:27:00	1.09727	1.09728	1.09712	1.09712	145	0	9
2024.03.13	23:28:00	1.09712	1.09736	1.09709	1.09724	89	0	11
2024.03.13	23:29:00	1.09724	1.09737	1.09721	1.09734	106	0	11
2024.03.13	23:30:00	1.09734	1.09737	1.09730	1.09732	99	0	9
2024.03.13	23:31:00	1.09732	1.09748	1.09732	1.09739	121	0	10
2024.03.13	23:32:00	1.09739	1.09746	1.09731	1.09731	161	0	10
2024.03.13	23:33:00	1.09731	1.09735	1.09722	1.09727	131	0	10
2024.03.13	23:34:00	1.09727	1.09738	1.09722	1.09730	50	0	12
2024.03.13	23:35:00	1.09730	1.09737	1.09729	1.09737	23	0	11
2024.03.13	23:36:00	1.09737	1.09749	1.09737	1.09747	118	0	10
2024.03.13	23:37:00	1.09747	1.09782	1.09743	1.09768	43	0	12
2024.03.13	23:38:00	1.09768	1.09791	1.09761	1.09790	28	0	11
2024.03.13	23:39:00	1.09790	1.09805	1.09783	1.09792	34	0	11
2024.03.13	23:40:00	1.09792	1.09794	1.09774	1.09783	33	0	9
2024.03.13	23:41:00	1.09783	1.09785	1.09764	1.09768	166	0	11
2024.03.13	23:42:00	1.09768	1.09772	1.09746	1.09751	70	0	12
2024.03.13	23:43:00	1.09751	1.09756	1.09751	1.09751	138	0	10
2024.03.13	23:44:00	1.09751	1.09776	1.09750	1.09773	170	0	11
2024.03.13	23:45:00	1.09773	1.09777	1.09760	1.09770	157	0	10
2024.03.13	23:46:00	1.09770	1.09770	1.09758	1.09766	145	0	8
2024.03.13	23:47:00	1.09766	1.09792	1.09766	1.09791	154	0	10
2024.03.13	23:48:00	1.09791	1.09793	1.09772	1.09781	132	0	10
2024.03.13	23:49:00	1.09781	1.09785	1.09771	1.09773	115	0	10
2024.03.13	23:50:00	1.09773	1.09787	1.09767	1.09781	104	0	10
2024.03.13	23:51:00	1.09781	1.09805	1.09774	1.09794	150	0	10
2024.03.13	23:52:00	1.09794	1.09802	1.09776	1.09779	119	0	11
2024.03.13	23:53:00	1.09779	1.09784	1.09750	1.09758	151	0	10
2024.03.13	23:54:00	1.09758	1.09770	1.09746	1.09749	156	0	9
2024.03.13	23:55:00	1.09749	1.09750	1.09732	1.09739	146	0	8
2024.03.13	23:56:00	1.09739	1.09744	1.09737	1.09737	40	0	10
2024.03.13	23:57:00	1.09737	1.09746	1.09732	1.09744	71	0	12
2024.03.13	23:58:00	1.09744	1.09764	1.09743	1.09757	122	0	10
2024.03.13	23:59:00	1.09757	1.09763	1.09750	1.09755	29	0	8
2024.03.14	00:00:00	1.09755	1.09757	1.09737	1.09747	39	0	12
2024.03.14	00:01:00	1.09747	1.09750	1.09732	1.09737	138	0	12
2024.03.14	00:02:00	1.09737	1.09753	1.09731	1.09752	126	0	10
2024.03.14	00:03:00	1.09752	1.09756	1.09737	1.09745	138	0	12
2024.03.14	00:04:00	1.09745	1.09745	1.09735	1.09743	87	0	10
2024.03.14	00:05:00	1.09743	1.09756	1.09739	1.09754	37	0	9
2024.03.14	00:06:00	1.09754	1.09771	1.09745	1.09760	99	0	9
2024.03.14	00:07:00	1.09760	1.09774	1.09756	1.09772	98	0	9
2024.03.14	00:08:00	1.09772	1.09781	1.09770	1.09777	119	0	9
2024.03.14	00:09:00	1.09777	1.09781	1.09737	1.09748	17	0	12
2024.03.14	00:10:00	1.09748	1.09759	1.09733	1.09755	156	0	9
2024.03.14	00:11:00	1.09755	1.09756	1.09741	1.09746	122	0	12
2024.03.14	00:12:00	1.09746	1.09747	1.09740	1.09743	171	0	10
2024.03.14	00:13:00	1.09743	1.09746	1.09737	1.09739	93	0	10
2024.03.14	00:14:00	1.09739	1.09744	1.09736	1.09740	42	0	8
2024.03.14	00:15:00	1.09740	1.09741	1.09737	1.09739	22	0	8
2024.03.14	00:16:00	1.09739	1.09740	1.09710	1.09713	42	0	9
2024.03.14	00:17:00	1.09713	1.09724	1.09709	1.09720	115	0	10
2024.03.14	00:18:00	1.09720	1.09725	1.09697	1.09717	55	0	8
2024.03.14	00:19:00	1.09717	1.09722	1.09711	1.09716	17	0	9
2024.03.14	00:20:00	1.09716	1.09726	1.09689	1.09700	134	0	10
2024.03.14	00:21:00	1.09700	1.09701	1.09690	1.09698	111	0	10
2024.03.14	00:22:00	1.09698	1.09701	1.09671	1.09674	22	0	11
2024.03.14	00:23:00	1.09674	1.09678	1.09673	1.09678	130	0	9
2024.03.14	00:24:00	1.09678	1.09696	1.09668	1.09686	122	0	8
2024.03.14	00:25:00	1.09686	1.09712	1.09680	1.09711	143	0	10
2024.03.14	00:26:00	1.09711	1.09715	1.09692	1.09700	89	0	10
2024.03.14	00:27:00	1.09700	1.09701	1.09699	1.09700	44	0	10
2024.03.14	00:28:00	1.09700	1.09707	1.09689	1.09698	24	0	10
2024.03.14	00:29:00	1.09698	1.09736	1.09692	1.09724	132	0	9
2024.03.14	00:30:00	1.09724	1.09738	1.09720	1.09727	86	0	10
2024.03.14	00:31:00	1.09727	1.09741	1.09727	1.09741	90	0	11
2024.03.14	00:32:00	1.09741	1.09748	1.09722	1.09727	125	0	11
2024.03.14	00:33:00	1.09727	1.09738	1.09715	1.09723	102	0	8
2024.03.14	00:34:00	1.09723	1.09729	1.09699	1.09702	82	0	9
2024.03.14	00:35:00	1.09702	1.09703	1.09695	1.09695	66	0	10
2024.03.14	00:36:00	1.09695	1.09704	1.09683	1.09699	67	0	10
2024.03.14	00:37:00	1.09699	1.09702	1.09686	1.09686	125	0	8
2024.03.14	00:38:00	1.09686	1.09693	1.09666	1.09669	171	0	9
2024.03.14	00:39:00	1.09669	1.09675	1.09644	1.09644	150	0	9
2024.03.14	00:40:00	1.09644	1.09649	1.09620	1.09628	60	0	8
2024.03.14	00:41:00	1.09628	1.09641	1.09620	1.09634	90	0	8
2024.03.14	00:42:00	1.09634	1.09638	1.09610	1.09614	161	0	8
2024.03.14	00:43:00	1.09614	1.09617	1.09610	1.09614	163	0	9
2024.03.14	00:44:00	1.09614	1.09617	1.09602	1.09611	28	0	10
2024.03.14	00:45:00	1.09611	1.09615	1.09583	1.09585	40	0	12
2024.03.14	00:46:00	1.09585	1.09593	1.09583	1.09589	175	0	10
2024.03.14	00:47:00	1.09589	1.09598	1.09579	1.09580	64	0	9
2024.03.14	00:48:00	1.09580	1.09599	1.09579	1.09594	43	0	9
2024.03.14	00:49:00	1.09594	1.09613	1.09590	1.09607	141	0	12
2024.03.14	00:50:00	1.09607	1.09611	1.09598	1.09609	91	0	8
2024.03.14	00:51:00	1.09609	1.09613	1.09595	1.09611	41	0	11
2024.03.14	00:52:00	1.09611	1.09615	1.09606	1.09613	72	0	10
2024.03.14	00:53:00	1.09613	1.09617	1.09613	1.09613	93	0	10
2024.03.14	00:54:00	1.09613	1.09613	1.09608	1.09612	43	0	8
2024.03.14	00:55:00	1.09612	1.09616	1.09607	1.09613	171	0	10
2024.03.14	00:56:00	1.09613	1.09622	1.09612	1.09617	114	0	10
2024.03.14	00:57:00	1.09617	1.09641	1.09615	1.09634	48	0	9
2024.03.14	00:58:00	1.09634	1.09654	1.09628	1.09651	74	0	11
2024.03.14	00:59:00	1.09651	1.09673	1.09650	1.09656	35	0	9
2024.03.14	01:00:00	1.09656	1.09658	1.09642	1.09650	31	0	9
2024.03.14	01:01:00	1.09650	1.09671	1.09643	1.09665	116	0	9
2024.03.14	01:02:00	1.09665	1.09670	1.09661	1.09667	152	0	9
2024.03.14	01:03:00	1.09667	1.09671	1.09657	1.09662	54	0	8
2024.03.14	01:04:00	1.09662	1.09663	1.09657	1.09663	13	0	8
2024.03.14	01:05:00	1.09663	1.09666	1.09656	1.09659	17	0	10
2024.03.14	01:06:00	1.09659	1.09673	1.09659	1.09661	136	0	10
2024.03.14	01:07:00	1.09661	1.09671	1.09656	1.09662	140	0	9
2024.03.14	01:08:00	1.09662	1.09670	1.09661	1.09665	32	0	10
2024.03.14	01:09:00	1.09665	1.09676	1.09658	1.09663	169	0	12
2024.03.14	01:10:00	1.09663	1.09667	1.09660	1.09662	144	0	11
2024.03.14	01:11:00	1.09662	1.09668	1.09656	1.09660	142	0	8
2024.03.14	01:12:00	1.09660	1.09677	1.09651	1.09669	115	0	9
2024.03.14	01:13:00	1.09669	1.09691	1.09668	1.09685	33	0	9
2024.03.14	01:14:00	1.09685	1.09689	1.09671	1.09676	26	0	12
2024.03.14	01:15:00	1.09676	1.09677	1.09649	1.09657	178	0	8
2024.03.14	01:16:00	1.09657	1.09670	1.09651	1.09653	21	0	11
2024.03.14	01:17:00	1.09653	1.09660	1.09651	1.09660	175	0	10
2024.03.14	01:18:00	1.09660	1.09664	1.09645	1.09650	47	0	10
2024.03.14	01:19:00	1.09650	1.09653	1.09631	1.09634	23	0	9
2024.03.14	01:20:00	1.09634	1.09635	1.09633	1.09634	72	0	10
2024.03.14	01:21:00	1.09634	1.09638	1.09631	1.09635	140	0	12
2024.03.14	01:22:00	1.09635	1.09644	1.09631	1.09643	93	0	10
2024.03.14	01:23:00	1.09643	1.09647	1.09641	1.09645	165	0	12
2024.03.14	01:24:00	1.09645	1.09654	1.09641	1.09654	21	0	8
2024.03.14	01:25:00	1.09654	1.09656	1.09650	1.09654	64	0	9
2024.03.14	01:26:00	1.09654	1.09656	1.09639	1.09647	33	0	10
2024.03.14	01:27:00	1.09647	1.09650	1.09639	1.09640	125	0	11
2024.03.14	01:28:00	1.09640	1.09642	1.09606	1.09618	113	0	10
2024.03.14	01:29:00	1.09618	1.09618	1.09608	1.09614	123	0	12
2024.03.14	01:30:00	1.09614	1.09637	1.09600	1.09626	142	0	10
2024.03.14	01:31:00	1.09626	1.09627	1.09603	1.09619	159	0	11
2024.03.14	01:32:00	1.09619	1.09623	1.09598	1.09602	19	0	11
2024.03.14	01:33:00	1.09602	1.09611	1.09592	1.09602	134	0	8
2024.03.14	01:34:00	1.09602	1.09619	1.09598	1.09618	166	0	10
2024.03.14	01:35:00	1.09618	1.09633	1.09617	1.09624	18	0	8
2024.03.14	01:36:00	1.09624	1.09640	1.09622	1.09638	88	0	12
2024.03.14	01:37:00	1.09638	1.09669	1.09633	1.09661	128	0	10
2024.03.14	01:38:00	1.09661	1.09667	1.09657	1.09666	22	0	11
2024.03.14	01:39:00	1.09666	1.09673	1.09648	1.09660	14	0	10
2024.03.14	01:40:00	1.09660	1.09671	1.09659	1.09666	99	0	12
2024.03.14	01:41:00	1.09666	1.09669	1.09632	1.09635	94	0	11
2024.03.14	01:42:00	1.09635	1.09653	1.09635	1.09648	169	0	10
2024.03.14	01:43:00	1.09648	1.09680	1.09644	1.09675	35	0	8
2024.03.14	01:44:00	1.09675	1.09699	1.09672	1.09690	126	0	10
2024.03.14	01:45:00	1.09690	1.09726	1.09681	1.09717	159	0	8
2024.03.14	01:46:00	1.09717	1.09725	1.09717	1.09722	17	0	12
2024.03.14	01:47:00	1.09722	1.09722	1.09721	1.09722	166	0	10
2024.03.14	01:48:00	1.09722	1.09729	1.09703	1.09704	98	0	11
2024.03.14	01:49:00	1.09704	1.09712	1.09695	1.09695	31	0	9
2024.03.14	01:50:00	1.09695	1.09705	1.09681	1.09681	72	0	10
2024.03.14	01:51:00	1.09681	1.09684	1.09674	1.09680	44	0	10
2024.03.14	01:52:00	1.09680	1.09705	1.09678	1.09695	27	0	10
2024.03.14	01:53:00	1.09695	1.09696	1.09679	1.09690	118	0	11
2024.03.14	01:54:00	1.09690	1.09691	1.09689	1.09690	90	0	9
2024.03.14	01:55:00	1.09690	1.09692	1.09684	1.09691	142	0	10
2024.03.14	01:56:00	1.09691	1.09699	1.09681	1.09686	56	0	12
2024.03.14	01:57:00	1.09686	1.09687	1.09678	1.09682	102	0	8
2024.03.14	01:58:00	1.09682	1.09683	1.09667	1.09669	161	0	10
2024.03.14	01:59:00	1.09669	1.09677	1.09657	1.09676	62	0	10
2024.03.14	02:00:00	1.09676	1.09678	1.09640	1.09657	168	0	8
2024.03.14	02:01:00	1.09657	1.09664	1.09650	1.09660	76	0	10
2024.03.14	02:02:00	1.09660	1.09680	1.09653	1.09674	137	0	10
2024.03.14	02:03:00	1.09674	1.09687	1.09658	1.09661	157	0	8
2024.03.14	02:04:00	1.09661	1.09686	1.09654	1.09679	30	0	10
2024.03.14	02:05:00	1.09679	1.09686	1.09658	1.09661	123	0	11
2024.03.14	02:06:00	1.09661	1.09665	1.09646	1.09661	51	0	8
2024.03.14	02:07:00	1.09661	1.09670	1.09653	1.09658	30	0	12
2024.03.14	02:08:00	1.09658	1.09691	1.09655	1.09690	115	0	12
2024.03.14	02:09:00	1.09690	1.09710	1.09689	1.09705	133	0	10
2024.03.14	02:10:00	1.09705	1.09715	1.09690	1.09700	158	0	12
2024.03.14	02:11:00	1.09700	1.09705	1.09692	1.09696	123	0	8
2024.03.14	02:12:00	1.09696	1.09718	1.09689	1.09715	175	0	8
2024.03.14	02:13:00	1.09715	1.09735	1.09704	1.09718	22	0	12
2024.03.14	02:14:00	1.09718	1.09721	1.09697	1.09699	47	0	9
2024.03.14	02:15:00	1.09699	1.09706	1.09691	1.09698	8	0	9
2024.03.14	02:16:00	1.09698	1.09705	1.09693	1.09696	129	0	12
2024.03.14	02:17:00	1.09696	1.09704	1.09691	1.09698	106	0	12
2024.03.14	02:18:00	1.09698	1.09704	1.09689	1.09693	148	0	10
2024.03.14	02:19:00	1.09693	1.09711	1.09692	1.09707	128	0	10
2024.03.14	02:20:00	1.09707	1.09715	1.09703	1.09712	96	0	10
2024.03.14	02:21:00	1.09712	1.09730	1.09711	1.09721	25	0	8
2024.03.14	02:22:00	1.09721	1.09734	1.09716	1.09729	118	0	10
2024.03.14	02:23:00	1.09729	1.09747	1.09725	1.09740	152	0	10
2024.03.14	02:24:00	1.09740	1.09744	1.09714	1.09718	56	0	10
2024.03.14	02:25:00	1.09718	1.09720	1.09704	1.09714	146	0	9
2024.03.14	02:26:00	1.09714	1.09718	1.09684	1.09690	49	0	10
2024.03.14	02:27:00	1.09690	1.09710	1.09687	1.09710	135	0	10
2024.03.14	02:28:00	1.09710	1.09732	1.09706	1.09729	73	0	10
2024.03.14	02:29:00	1.09729	1.09744	1.09729	1.09736	33	0	11
2024.03.14	02:30:00	1.09736	1.09738	1.09729	1.09733	143	0	9
2024.03.14	02:31:00	1.09733	1.09747	1.09733	1.09737	82	0	12
2024.03.14	02:32:00	1.09737	1.09742	1.09734	1.09737	109	0	10
2024.03.14	02:33:00	1.09737	1.09751	1.09735	1.09744	141	0	9
2024.03.14	02:34:00	1.09744	1.09763	1.09744	1.09756	98	0	8
2024.03.14	02:35:00	1.09756	1.09766	1.09753	1.09761	146	0	12
2024.03.14	02:36:00	1.09761	1.09772	1.09754	1.09766	176	0	11
2024.03.14	02:37:00	1.09766	1.09789	1.09765	1.09780	129	0	12
2024.03.14	02:38:00	1.09780	1.09794	1.09774	1.09791	52	0	10
2024.03.14	02:39:00	1.09791	1.09797	1.09775	1.09776	166	0	9
2024.03.14	02:40:00	1.09776	1.09777	1.09765	1.09767	63	0	10
2024.03.14	02:41:00	1.09767	1.09786	1.09758	1.09784	65	0	9
2024.03.14	02:42:00	1.09784	1.09789	1.09768	1.09779	72	0	8
2024.03.14	02:43:00	1.09779	1.09799	1.09767	1.09794	71	0	10
2024.03.14	02:44:00	1.09794	1.09808	1.09781	1.09786	42	0	12
2024.03.14	02:45:00	1.09786	1.09798	1.09781	1.09786	35	0	10
2024.03.14	02:46:00	1.09786	1.09793	1.09785	1.09786	144	0	12
2024.03.14	02:47:00	1.09786	1.09815	1.09779	1.09808	73	0	9
2024.03.14	02:48:00	1.09808	1.09810	1.09801	1.09809	140	0	8
2024.03.14	02:49:00	1.09809	1.09837	1.09799	1.09832	125	0	10
2024.03.14	02:50:00	1.09832	1.09836	1.09819	1.09833	47	0	10
2024.03.14	02:51:00	1.09833	1.09833	1.09830	1.09833	111	0	11
2024.03.14	02:52:00	1.09833	1.09833	1.09819	1.09828	10	0	12
2024.03.14	02:53:00	1.09828	1.09831	1.09822	1.09824	144	0	10
2024.03.14	02:54:00	1.09824	1.09825	1.09801	1.09801	65	0	9
2024.03.14	02:55:00	1.09801	1.09812	1.09785	1.09789	180	0	11
2024.03.14	02:56:00	1.09789	1.09790	1.09782	1.09784	9	0	9
2024.03.14	02:57:00	1.09784	1.09807	1.09778	1.09800	17	0	10
2024.03.14	02:58:00	1.09800	1.09821	1.09797	1.09814	37	0	8
2024.03.14	02:59:00	1.09814	1.09838	1.09800	1.09829	78	0	10
2024.03.14	03:00:00	1.09829	1.09843	1.09821	1.09837	142	0	10
2024.03.14	03:01:00	1.09837	1.09839	1.09833	1.09835	66	0	9
2024.03.14	03:02:00	1.09835	1.09843	1.09829	1.09841	139	0	11
2024.03.14	03:03:00	1.09841	1.09846	1.09836	1.09841	35	0	9
2024.03.14	03:04:00	1.09841	1.09850	1.09831	1.09833	178	0	8
2024.03.14	03:05:00	1.09833	1.09834	1.09821	1.09824	34	0	10
2024.03.14	03:06:00	1.09824	1.09829	1.09821	1.09822	119	0	10
2024.03.14	03:07:00	1.09822	1.09835	1.09814	1.09833	50	0	8
2024.03.14	03:08:00	1.09833	1.09845	1.09829	1.09844	54	0	8
2024.03.14	03:09:00	1.09844	1.09846	1.09835	1.09835	59	0	8
2024.03.14	03:10:00	1.09835	1.09839	1.09832	1.09837	18	0	10
2024.03.14	03:11:00	1.09837	1.09848	1.09830	1.09842	91	0	9
2024.03.14	03:12:00	1.09842	1.09862	1.09839	1.09857	106	0	10
2024.03.14	03:13:00	1.09857	1.09857	1.09852	1.09857	49	0	12
2024.03.14	03:14:00	1.09857	1.09861	1.09853	1.09859	61	0	9
2024.03.14	03:15:00	1.09859	1.09904	1.09851	1.09899	26	0	8
2024.03.14	03:16:00	1.09899	1.09906	1.09891	1.09901	140	0	10
2024.03.14	03:17:00	1.09901	1.09910	1.09899	1.09907	93	0	11
2024.03.14	03:18:00	1.09907	1.09918	1.09904	1.09911	173	0	9
2024.03.14	03:19:00	1.09911	1.09915	1.09904	1.09904	49	0	12
2024.03.14	03:20:00	1.09904	1.09911	1.09894	1.09895	12	0	12
2024.03.14	03:21:00	1.09895	1.09908	1.09890	1.09891	61	0	8
2024.03.14	03:22:00	1.09891	1.09892	1.09850	1.09852	35	0	10
2024.03.14	03:23:00	1.09852	1.09870	1.09847	1.09867	19	0	10
2024.03.14	03:24:00	1.09867	1.09869	1.09856	1.09859	179	0	10
2024.03.14	03:25:00	1.09859	1.09869	1.09856	1.09865	89	0	10
2024.03.14	03:26:00	1.09865	1.09866	1.09856	1.09864	131	0	10
2024.03.14	03:27:00	1.09864	1.09865	1.09851	1.09853	31	0	10
2024.03.14	03:28:00	1.09853	1.09860	1.09850	1.09854	39	0	8
2024.03.14	03:29:00	1.09854	1.09860	1.09839	1.09841	12	0	10
2024.03.14	03:30:00	1.09841	1.09854	1.09836	1.09851	141	0	10
2024.03.14	03:31:00	1.09851	1.09851	1.09831	1.09834	112	0	10
2024.03.14	03:32:00	1.09834	1.09840	1.09826	1.09827	179	0	8
2024.03.14	03:33:00	1.09827	1.09838	1.09827	1.09827	174	0	11
2024.03.14	03:34:00	1.09827	1.09834	1.09804	1.09811	175	0	11
2024.03.14	03:35:00	1.09811	1.09813	1.09795	1.09799	84	0	10
2024.03.14	03:36:00	1.09799	1.09803	1.09788	1.09796	137	0	8
2024.03.14	03:37:00	1.09796	1.09798	1.09780	1.09781	97	0	8
2024.03.14	03:38:00	1.09781	1.09793	1.09773	1.09790	136	0	10
2024.03.14	03:39:00	1.09790	1.09803	1.09775	1.09781	179	0	8
2024.03.14	03:40:00	1.09781	1.09787	1.09765	1.09771	57	0	11
2024.03.14	03:41:00	1.09771	1.09789	1.09770	1.09781	62	0	9
2024.03.14	03:42:00	1.09781	1.09789	1.09776	1.09788	122	0	10
2024.03.14	03:43:00	1.09788	1.09790	1.09772	1.09772	84	0	10
2024.03.14	03:44:00	1.09772	1.09791	1.09768	1.09783	121	0	8
2024.03.14	03:45:00	1.09783	1.09786	1.09761	1.09771	92	0	10
2024.03.14	03:46:00	1.09771	1.09776	1.09768	1.09774	70	0	9
2024.03.14	03:47:00	1.09774	1.09787	1.09771	1.09774	16	0	12
2024.03.14	03:48:00	1.09774	1.09785	1.09768	1.09780	80	0	11
2024.03.14	03:49:00	1.09780	1.09782	1.09741	1.09754	83	0	8
2024.03.14	03:50:00	1.09754	1.09756	1.09748	1.09755	61	0	8
2024.03.14	03:51:00	1.09755	1.09771	1.09751	1.09757	72	0	10
2024.03.14	03:52:00	1.09757	1.09763	1.09749	1.09760	57	0	10
2024.03.14	03:53:00	1.09760	1.09763	1.09749	1.09750	131	0	8
2024.03.14	03:54:00	1.09750	1.09768	1.09738	1.09765	110	0	9
2024.03.14	03:55:00	1.09765	1.09777	1.09764	1.09774	83	0	12
2024.03.14	03:56:00	1.09774	1.09780	1.09773	1.09777	115	0	12
2024.03.14	03:57:00	1.09777	1.09777	1.09772	1.09774	77	0	11
2024.03.14	03:58:00	1.09774	1.09780	1.09737	1.09742	117	0	10
2024.03.14	03:59:00	1.09742	1.09748	1.09722	1.09723	48	0	8
2024.03.14	04:00:00	1.09723	1.09729	1.09721	1.09728	142	0	9
2024.03.14	04:01:00	1.09728	1.09741	1.09715	1.09718	59	0	8
2024.03.14	04:02:00	1.09718	1.09721	1.09708	1.09716	118	0	12
2024.03.14	04:03:00	1.09716	1.09720	1.09691	1.09695	71	0	10
2024.03.14	04:04:00	1.09695	1.09697	1.09667	1.09679	135	0	12
2024.03.14	04:05:00	1.09679	1.09681	1.09675	1.09677	39	0	11
2024.03.14	04:06:00	1.09677	1.09694	1.09672	1.09691	109	0	9
2024.03.14	04:07:00	1.09691	1.09692	1.09655	1.09659	70	0	12
2024.03.14	04:08:00	1.09659	1.09659	1.09636	1.09650	98	0	10
2024.03.14	04:09:00	1.09650	1.09654	1.09636	1.09637	158	0	9
2024.03.14	04:10:00	1.09637	1.09641	1.09621	1.09629	71	0	8
2024.03.14	04:11:00	1.09629	1.09639	1.09620	1.09621	52	0	8
2024.03.14	04:12:00	1.09621	1.09625	1.09600	1.09605	92	0	10
2024.03.14	04:13:00	1.09605	1.09617	1.09601	1.09616	24	0	10
2024.03.14	04:14:00	1.09616	1.09620	1.09607	1.09611	31	0	11
2024.03.14	04:15:00	1.09611	1.09628	1.09605	1.09609	149	0	8
2024.03.14	04:16:00	1.09609	1.09622	1.09608	1.09617	133	0	8
2024.03.14	04:17:00	1.09617	1.09629	1.09611	1.09612	71	0	10
2024.03.14	04:18:00	1.09612	1.09628	1.09611	1.09615	45	0	10
2024.03.14	04:19:00	1.09615	1.09622	1.09613	1.09613	46	0	11
2024.03.14	04:20:00	1.09613	1.09623	1.09608	1.09616	96	0	8
2024.03.14	04:21:00	1.09616	1.09619	1.09583	1.09600	177	0	12
2024.03.14	04:22:00	1.09600	1.09623	1.09594	1.09609	117	0	11
2024.03.14	04:23:00	1.09609	1.09615	1.09606	1.09606	17	0	10
2024.03.14	04:24:00	1.09606	1.09610	1.09592	1.09594	69	0	12
2024.03.14	04:25:00	1.09594	1.09603	1.09586	1.09601	153	0	12
2024.03.14	04:26:00	1.09601	1.09606	1.09565	1.09574	139	0	8
2024.03.14	04:27:00	1.09574	1.09593	1.09571	1.09585	108	0	12
2024.03.14	04:28:00	1.09585	1.09588	1.09571	1.09576	176	0	9
2024.03.14	04:29:00	1.09576	1.09583	1.09571	1.09574	110	0	10
2024.03.14	04:30:00	1.09574	1.09579	1.09524	1.09530	72	0	8
2024.03.14	04:31:00	1.09530	1.09531	1.09528	1.09531	105	0	10
2024.03.14	04:32:00	1.09531	1.09537	1.09525	1.09533	120	0	10
2024.03.14	04:33:00	1.09533	1.09545	1.09525	1.09540	128	0	11
2024.03.14	04:34:00	1.09540	1.09541	1.09536	1.09540	138	0	8
2024.03.14	04:35:00	1.09540	1.09541	1.09533	1.09539	122	0	10
2024.03.14	04:36:00	1.09539	1.09540	1.09509	1.09516	66	0	8
2024.03.14	04:37:00	1.09516	1.09520	1.09511	1.09511	180	0	8
2024.03.14	04:38:00	1.09511	1.09525	1.09508	1.09518	18	0	10
2024.03.14	04:39:00	1.09518	1.09529	1.09502	1.09508	176	0	9
2024.03.14	04:40:00	1.09508	1.09514	1.09500	1.09510	150	0	11
2024.03.14	04:41:00	1.09510	1.09519	1.09501	1.09501	13	0	11
2024.03.14	04:42:00	1.09501	1.09508	1.09500	1.09504	166	0	12
2024.03.14	04:43:00	1.09504	1.09505	1.09476	1.09478	179	0	8
2024.03.14	04:44:00	1.09478	1.09485	1.09476	1.09477	109	0	10
2024.03.14	04:45:00	1.09477	1.09484	1.09472	1.09482	180	0	10
2024.03.14	04:46:00	1.09482	1.09485	1.09476	1.09483	85	0	8
2024.03.14	04:47:00	1.09483	1.09492	1.09472	1.09491	166	0	12
2024.03.14	04:48:00	1.09491	1.09492	1.09477	1.09481	141	0	8
2024.03.14	04:49:00	1.09481	1.09497	1.09477	1.09485	9	0	12
2024.03.14	04:50:00	1.09485	1.09504	1.09481	1.09496	177	0	11
2024.03.14	04:51:00	1.09496	1.09500	1.09483	1.09485	82	0	11
2024.03.14	04:52:00	1.09485	1.09514	1.09483	1.09507	39	0	12
2024.03.14	04:53:00	1.09507	1.09522	1.09500	1.09519	154	0	9
2024.03.14	04:54:00	1.09519	1.09523	1.09507	1.09515	66	0	12
2024.03.14	04:55:00	1.09515	1.09531	1.09514	1.09529	172	0	12
2024.03.14	04:56:00	1.09529	1.09541	1.09528	1.09533	106	0	11
2024.03.14	04:57:00	1.09533	1.09536	1.09532	1.09535	14	0	9
2024.03.14	04:58:00	1.09535	1.09540	1.09532	1.09538	63	0	8
2024.03.14	04:59:00	1.09538	1.09544	1.09522	1.09532	177	0	12
2024.03.14	05:00:00	1.09532	1.09545	1.09531	1.09543	77	0	8
2024.03.14	05:01:00	1.09543	1.09552	1.09537	1.09551	49	0	12
2024.03.14	05:02:00	1.09551	1.09555	1.09540	1.09542	26	0	12
2024.03.14	05:03:00	1.09542	1.09551	1.09529	1.09529	172	0	10
2024.03.14	05:04:00	1.09529	1.09543	1.09521	1.09537	142	0	8
2024.03.14	05:05:00	1.09537	1.09558	1.09530	1.09550	52	0	9
2024.03.14	05:06:00	1.09550	1.09565	1.09542	1.09564	40	0	9
2024.03.14	05:07:00	1.09564	1.09578	1.09560	1.09574	17	0	12
2024.03.14	05:08:00	1.09574	1.09596	1.09573	1.09591	153	0	12
2024.03.14	05:09:00	1.09591	1.09591	1.09575	1.09576	44	0	10
2024.03.14	05:10:00	1.09576	1.09604	1.09574	1.09602	151	0	8
2024.03.14	05:11:00	1.09602	1.09622	1.09593	1.09620	112	0	10
2024.03.14	05:12:00	1.09620	1.09625	1.09612	1.09614	85	0	10
2024.03.14	05:13:00	1.09614	1.09616	1.09602	1.09607	33	0	12
2024.03.14	05:14:00	1.09607	1.09626	1.09602	1.09620	154	0	8
2024.03.14	05:15:00	1.09620	1.09626	1.09605	1.09606	58	0	10
2024.03.14	05:16:00	1.09606	1.09607	1.09579	1.09588	175	0	9
2024.03.14	05:17:00	1.09588	1.09590	1.09577	1.09588	48	0	11
2024.03.14	05:18:00	1.09588	1.09602	1.09582	1.09595	101	0	9
2024.03.14	05:19:00	1.09595	1.09610	1.09592	1.09604	41	0	11
2024.03.14	05:20:00	1.09604	1.09608	1.09600	1.09603	9	0	9
2024.03.14	05:21:00	1.09603	1.09606	1.09598	1.09605	34	0	8
2024.03.14	05:22:00	1.09605	1.09608	1.09594	1.09604	160	0	10
2024.03.14	05:23:00	1.09604	1.09612	1.09604	1.09604	156	0	10
2024.03.14	05:24:00	1.09604	1.09605	1.09591	1.09594	174	0	9
2024.03.14	05:25:00	1.09594	1.09601	1.09583	1.09586	22	0	12
2024.03.14	05:26:00	1.09586	1.09590	1.09567	1.09574	127	0	9
2024.03.14	05:27:00	1.09574	1.09583	1.09572	1.09573	127	0	8
2024.03.14	05:28:00	1.09573	1.09596	1.09569	1.09583	20	0	9
2024.03.14	05:29:00	1.09583	1.09586	1.09562	1.09564	28	0	9
2024.03.14	05:30:00	1.09564	1.09587	1.09555	1.09585	67	0	9
2024.03.14	05:31:00	1.09585	1.09590	1.09580	1.09590	146	0	11
2024.03.14	05:32:00	1.09590	1.09595	1.09588	1.09591	63	0	10
2024.03.14	05:33:00	1.09591	1.09596	1.09584	1.09592	139	0	11
2024.03.14	05:34:00	1.09592	1.09620	1.09576	1.09617	72	0	11
2024.03.14	05:35:00	1.09617	1.09625	1.09611	1.09619	45	0	12
2024.03.14	05:36:00	1.09619	1.09629	1.09614	1.09621	168	0	10
2024.03.14	05:37:00	1.09621	1.09653	1.09620	1.09651	8	0	10
2024.03.14	05:38:00	1.09651	1.09663	1.09649	1.09662	43	0	9
2024.03.14	05:39:00	1.09662	1.09670	1.09657	1.09666	58	0	10
2024.03.14	05:40:00	1.09666	1.09680	1.09662	1.09671	25	0	10
2024.03.14	05:41:00	1.09671	1.09671	1.09662	1.09662	34	0	10
2024.03.14	05:42:00	1.09662	1.09668	1.09662	1.09663	89	0	9
2024.03.14	05:43:00	1.09663	1.09675	1.09657	1.09672	27	0	10
2024.03.14	05:44:00	1.09672	1.09687	1.09666	1.09678	29	0	8
2024.03.14	05:45:00	1.09678	1.09680	1.09668	1.09678	166	0	9
2024.03.14	05:46:00	1.09678	1.09678	1.09670	1.09674	134	0	8
2024.03.14	05:47:00	1.09674	1.09681	1.09663	1.09668	62	0	10
2024.03.14	05:48:00	1.09668	1.09672	1.09667	1.09670	136	0	8
2024.03.14	05:49:00	1.09670	1.09691	1.09663	1.09682	111	0	8
2024.03.14	05:50:00	1.09682	1.09692	1.09675	1.09677	125	0	10
2024.03.14	05:51:00	1.09677	1.09685	1.09676	1.09678	53	0	11
2024.03.14	05:52:00	1.09678	1.09688	1.09675	1.09687	132	0	10
2024.03.14	05:53:00	1.09687	1.09692	1.09672	1.09690	47	0	11
2024.03.14	05:54:00	1.09690	1.09692	1.09679	1.09684	160	0	10
2024.03.14	05:55:00	1.09684	1.09686	1.09665	1.09673	154	0	9
2024.03.14	05:56:00	1.09673	1.09680	1.09669	1.09678	123	0	11
2024.03.14	05:57:00	1.09678	1.09705	1.09675	1.09694	74	0	10
2024.03.14	05:58:00	1.09694	1.09708	1.09687	1.09697	57	0	9
2024.03.14	05:59:00	1.09697	1.09708	1.09688	1.09700	20	0	8
2024.03.14	06:00:00	1.09700	1.09709	1.09699	1.09703	39	0	12
2024.03.14	06:01:00	1.09703	1.09715	1.09699	1.09712	177	0	11
2024.03.14	06:02:00	1.09712	1.09728	1.09703	1.09723	103	0	8
2024.03.14	06:03:00	1.09723	1.09730	1.09718	1.09721	148	0	9
2024.03.14	06:04:00	1.09721	1.09723	1.09702	1.09708	156	0	10
2024.03.14	06:05:00	1.09708	1.09710	1.09705	1.09707	131	0	10
2024.03.14	06:06:00	1.09707	1.09724	1.09706	1.09707	137	0	10
2024.03.14	06:07:00	1.09707	1.09723	1.09687	1.09702	149	0	8
2024.03.14	06:08:00	1.09702	1.09711	1.09680	1.09689	35	0	9
2024.03.14	06:09:00	1.09689	1.09699	1.09687	1.09687	25	0	11
2024.03.14	06:10:00	1.09687	1.09696	1.09683	1.09693	153	0	10
2024.03.14	06:11:00	1.09693	1.09702	1.09679	1.09685	96	0	10
2024.03.14	06:12:00	1.09685	1.09705	1.09654	1.09655	132	0	9
2024.03.14	06:13:00	1.09655	1.09664	1.09651	1.09663	162	0	11
2024.03.14	06:14:00	1.09663	1.09665	1.09653	1.09661	88	0	9
2024.03.14	06:15:00	1.09661	1.09699	1.09657	1.09680	83	0	10
2024.03.14	06:16:00	1.09680	1.09698	1.09677	1.09692	155	0	11
2024.03.14	06:17:00	1.09692	1.09694	1.09692	1.09692	23	0	8
2024.03.14	06:18:00	1.09692	1.09712	1.09689	1.09706	66	0	12
2024.03.14	06:19:00	1.09706	1.09716	1.09683	1.09688	68	0	10
2024.03.14	06:20:00	1.09688	1.09705	1.09683	1.09701	74	0	8
2024.03.14	06:21:00	1.09701	1.09715	1.09691	1.09712	128	0	8
2024.03.14	06:22:00	1.09712	1.09713	1.09700	1.09705	68	0	11
2024.03.14	06:23:00	1.09705	1.09715	1.09701	1.09714	30	0	10
2024.03.14	06:24:00	1.09714	1.09753	1.09712	1.09734	85	0	8
2024.03.14	06:25:00	1.09734	1.09747	1.09733	1.09742	132	0	12
2024.03.14	06:26:00	1.09742	1.09750	1.09735	1.09749	81	0	10
2024.03.14	06:27:00	1.09749	1.09762	1.09748	1.09756	21	0	12
2024.03.14	06:28:00	1.09756	1.09779	1.09752	1.09774	136	0	10
2024.03.14	06:29:00	1.09774	1.09784	1.09757	1.09766	23	0	12
2024.03.14	06:30:00	1.09766	1.09772	1.09764	1.09766	31	0	9
2024.03.14	06:31:00	1.09766	1.09768	1.09725	1.09733	108	0	9
2024.03.14	06:32:00	1.09733	1.09740	1.09728	1.09740	148	0	12
2024.03.14	06:33:00	1.09740	1.09764	1.09737	1.09761	46	0	10
2024.03.14	06:34:00	1.09761	1.09793	1.09759	1.09781	89	0	9
2024.03.14	06:35:00	1.09781	1.09783	1.09776	1.09778	134	0	10
2024.03.14	06:36:00	1.09778	1.09780	1.09746	1.09757	111	0	9
2024.03.14	06:37:00	1.09757	1.09769	1.09746	1.09750	79	0	10
2024.03.14	06:38:00	1.09750	1.09761	1.09738	1.09746	156	0	11
2024.03.14	06:39:00	1.09746	1.09762	1.09743	1.09757	169	0	11
2024.03.14	06:40:00	1.09757	1.09763	1.09747	1.09761	73	0	11
2024.03.14	06:41:00	1.09761	1.09774	1.09758	1.09766	59	0	11
2024.03.14	06:42:00	1.09766	1.09800	1.09764	1.09789	63	0	11
2024.03.14	06:43:00	1.09789	1.09794	1.09779	1.09783	49	0	11
2024.03.14	06:44:00	1.09783	1.09793	1.09753	1.09757	113	0	10
2024.03.14	06:45:00	1.09757	1.09763	1.09734	1.09742	175	0	10
2024.03.14	06:46:00	1.09742	1.09753	1.09719	1.09727	87	0	8
2024.03.14	06:47:00	1.09727	1.09733	1.09725	1.09727	118	0	8
2024.03.14	06:48:00	1.09727	1.09733	1.09724	1.09729	25	0	8
2024.03.14	06:49:00	1.09729	1.09743	1.09722	1.09739	87	0	10
2024.03.14	06:50:00	1.09739	1.09742	1.09733	1.09742	138	0	12
2024.03.14	06:51:00	1.09742	1.09748	1.09733	1.09734	65	0	12
2024.03.14	06:52:00	1.09734	1.09750	1.09727	1.09746	155	0	10
2024.03.14	06:53:00	1.09746	1.09764	1.09734	1.09759	52	0	8
2024.03.14	06:54:00	1.09759	1.09761	1.09749	1.09753	164	0	8
2024.03.14	06:55:00	1.09753	1.09783	1.09748	1.09779	173	0	10
2024.03.14	06:56:00	1.09779	1.09801	1.09776	1.09795	83	0	9
2024.03.14	06:57:00	1.09795	1.09809	1.09789	1.09804	122	0	12
2024.03.14	06:58:00	1.09804	1.09805	1.09775	1.09779	120	0	10
2024.03.14	06:59:00	1.09779	1.09780	1.09741	1.09752	114	0	11
2024.03.14	07:00:00	1.09752	1.09755	1.09742	1.09743	174	0	10
2024.03.14	07:01:00	1.09743	1.09746	1.09738	1.09740	167	0	10
2024.03.14	07:02:00	1.09740	1.09746	1.09713	1.09719	98	0	10
2024.03.14	07:03:00	1.09719	1.09728	1.09688	1.09693	110	0	10
2024.03.14	07:04:00	1.09693	1.09702	1.09675	1.09680	148	0	9
2024.03.14	07:05:00	1.09680	1.09690	1.09673	1.09677	77	0	10
2024.03.14	07:06:00	1.09677	1.09687	1.09664	1.09673	86	0	10
2024.03.14	07:07:00	1.09673	1.09679	1.09671	1.09678	108	0	10
2024.03.14	07:08:00	1.09678	1.09686	1.09667	1.09677	58	0	8
2024.03.14	07:09:00	1.09677	1.09679	1.09652	1.09654	172	0	11
2024.03.14	07:10:00	1.09654	1.09659	1.09635	1.09636	76	0	9
2024.03.14	07:11:00	1.09636	1.09657	1.09626	1.09651	168	0	9
2024.03.14	07:12:00	1.09651	1.09655	1.09647	1.09649	150	0	11
2024.03.14	07:13:00	1.09649	1.09663	1.09638	1.09654	82	0	9
2024.03.14	07:14:00	1.09654	1.09665	1.09647	1.09650	91	0	10
2024.03.14	07:15:00	1.09650	1.09652	1.09646	1.09649	62	0	11
2024.03.14	07:16:00	1.09649	1.09652	1.09633	1.09638	91	0	12
2024.03.14	07:17:00	1.09638	1.09651	1.09626	1.09628	84	0	10
2024.03.14	07:18:00	1.09628	1.09641	1.09627	1.09638	149	0	9
2024.03.14	07:19:00	1.09638	1.09642	1.09621	1.09624	101	0	10
2024.03.14	07:20:00	1.09624	1.09626	1.09611	1.09620	38	0	11
2024.03.14	07:21:00	1.09620	1.09645	1.09613	1.09643	38	0	9
2024.03.14	07:22:00	1.09643	1.09647	1.09632	1.09647	138	0	11
2024.03.14	07:23:00	1.09647	1.09655	1.09640	1.09653	168	0	11
2024.03.14	07:24:00	1.09653	1.09659	1.09642	1.09657	156	0	11
2024.03.14	07:25:00	1.09657	1.09659	1.09651	1.09654	46	0	10
2024.03.14	07:26:00	1.09654	1.09657	1.09645	1.09657	104	0	11
2024.03.14	07:27:00	1.09657	1.09658	1.09654	1.09655	86	0	9
2024.03.14	07:28:00	1.09655	1.09665	1.09647	1.09657	102	0	12
2024.03.14	07:29:00	1.09657	1.09685	1.09640	1.09673	117	0	10
2024.03.14	07:30:00	1.09673	1.09692	1.09667	1.09686	20	0	12
2024.03.14	07:31:00	1.09686	1.09688	1.09679	1.09683	37	0	12
2024.03.14	07:32:00	1.09683	1.09690	1.09682	1.09685	113	0	8
2024.03.14	07:33:00	1.09685	1.09697	1.09681	1.09693	73	0	10
2024.03.14	07:34:00	1.09693	1.09710	1.09691	1.09700	72	0	10
2024.03.14	07:35:00	1.09700	1.09712	1.09691	1.09708	47	0	12
2024.03.14	07:36:00	1.09708	1.09711	1.09698	1.09701	30	0	11
2024.03.14	07:37:00	1.09701	1.09719	1.09689	1.09713	75	0	10
2024.03.14	07:38:00	1.09713	1.09714	1.09712	1.09714	88	0	8
2024.03.14	07:39:00	1.09714	1.09733	1.09707	1.09727	9	0	12
2024.03.14	07:40:00	1.09727	1.09734	1.09720	1.09727	146	0	9
2024.03.14	07:41:00	1.09727	1.09737	1.09724	1.09730	42	0	12
2024.03.14	07:42:00	1.09730	1.09741	1.09721	1.09737	126	0	8
2024.03.14	07:43:00	1.09737	1.09747	1.09731	1.09733	126	0	11
2024.03.14	07:44:00	1.09733	1.09741	1.09720	1.09731	13	0	10
2024.03.14	07:45:00	1.09731	1.09737	1.09720	1.09727	157	0	10
2024.03.14	07:46:00	1.09727	1.09734	1.09724	1.09728	54	0	10
2024.03.14	07:47:00	1.09728	1.09730	1.09723	1.09725	68	0	10
2024.03.14	07:48:00	1.09725	1.09736	1.09719	1.09726	110	0	8
2024.03.14	07:49:00	1.09726	1.09733	1.09716	1.09720	120	0	12
2024.03.14	07:50:00	1.09720	1.09724	1.09700	1.09708	119	0	9
2024.03.14	07:51:00	1.09708	1.09708	1.09701	1.09706	177	0	9
2024.03.14	07:52:00	1.09706	1.09707	1.09697	1.09697	101	0	12
2024.03.14	07:53:00	1.09697	1.09701	1.09678	1.09690	44	0	10
2024.03.14	07:54:00	1.09690	1.09693	1.09651	1.09660	37	0	12
2024.03.14	07:55:00	1.09660	1.09661	1.09659	1.09660	122	0	10
2024.03.14	07:56:00	1.09660	1.09666	1.09637	1.09653	54	0	9
2024.03.14	07:57:00	1.09653	1.09653	1.09642	1.09645	8	0	10
2024.03.14	07:58:00	1.09645	1.09648	1.09617	1.09629	65	0	11
2024.03.14	07:59:00	1.09629	1.09666	1.09622	1.09653	141	0	10
2024.03.14	08:00:00	1.09653	1.09680	1.09647	1.09664	32	0	12
2024.03.14	08:01:00	1.09664	1.09666	1.09656	1.09665	157	0	10
2024.03.14	08:02:00	1.09665	1.09684	1.09661	1.09675	95	0	8
2024.03.14	08:03:00	1.09675	1.09687	1.09674	1.09677	86	0	8
2024.03.14	08:04:00	1.09677	1.09677	1.09661	1.09670	78	0	9
2024.03.14	08:05:00	1.09670	1.09675	1.09662	1.09663	38	0	12
2024.03.14	08:06:00	1.09663	1.09678	1.09660	1.09674	37	0	10
2024.03.14	08:07:00	1.09674	1.09676	1.09651	1.09652	131	0	12
2024.03.14	08:08:00	1.09652	1.09654	1.09632	1.09633	163	0	8
2024.03.14	08:09:00	1.09633	1.09644	1.09631	1.09639	10	0	10
2024.03.14	08:10:00	1.09639	1.09650	1.09632	1.09641	35	0	11
2024.03.14	08:11:00	1.09641	1.09645	1.09634	1.09642	147	0	12
2024.03.14	08:12:00	1.09642	1.09645	1.09630	1.09639	20	0	10
2024.03.14	08:13:00	1.09639	1.09658	1.09635	1.09641	16	0	8
2024.03.14	08:14:00	1.09641	1.09648	1.09620	1.09626	107	0	11
2024.03.14	08:15:00	1.09626	1.09637	1.09626	1.09630	42	0	12
2024.03.14	08:16:00	1.09630	1.09645	1.09626	1.09626	46	0	8
2024.03.14	08:17:00	1.09626	1.09640	1.09618	1.09637	18	0	12
2024.03.14	08:18:00	1.09637	1.09642	1.09612	1.09615	140	0	8
2024.03.14	08:19:00	1.09615	1.09623	1.09614	1.09618	158	0	8
2024.03.14	08:20:00	1.09618	1.09631	1.09612	1.09623	97	0	12
2024.03.14	08:21:00	1.09623	1.09654	1.09612	1.09646	35	0	8
2024.03.14	08:22:00	1.09646	1.09657	1.09640	1.09650	97	0	12
2024.03.14	08:23:00	1.09650	1.09653	1.09642	1.09642	17	0	12
2024.03.14	08:24:00	1.09642	1.09649	1.09631	1.09635	55	0	10
2024.03.14	08:25:00	1.09635	1.09653	1.09625	1.09646	175	0	12
2024.03.14	08:26:00	1.09646	1.09656	1.09631	1.09632	20	0	10
2024.03.14	08:27:00	1.09632	1.09640	1.09632	1.09638	124	0	11
2024.03.14	08:28:00	1.09638	1.09644	1.09631	1.09633	138	0	9
2024.03.14	08:29:00	1.09633	1.09639	1.09623	1.09636	38	0	10
2024.03.14	08:30:00	1.09636	1.09640	1.09628	1.09633	110	0	9
2024.03.14	08:31:00	1.09633	1.09634	1.09608	1.09612	113	0	12
2024.03.14	08:32:00	1.09612	1.09617	1.09583	1.09591	13	0	8
2024.03.14	08:33:00	1.09591	1.09592	1.09576	1.09576	108	0	10
2024.03.14	08:34:00	1.09576	1.09582	1.09567	1.09572	25	0	8
2024.03.14	08:35:00	1.09572	1.09582	1.09569	1.09576	150	0	11
2024.03.14	08:36:00	1.09576	1.09584	1.09574	1.09579	61	0	12
2024.03.14	08:37:00	1.09579	1.09592	1.09565	1.09575	132	0	10
2024.03.14	08:38:00	1.09575	1.09588	1.09566	1.09581	32	0	8
2024.03.14	08:39:00	1.09581	1.09606	1.09579	1.09603	44	0	11
2024.03.14	08:40:00	1.09603	1.09608	1.09579	1.09592	63	0	10
2024.03.14	08:41:00	1.09592	1.09593	1.09589	1.09593	153	0	10
2024.03.14	08:42:00	1.09593	1.09600	1.09591	1.09595	120	0	9
2024.03.14	08:43:00	1.09595	1.09609	1.09591	1.09600	159	0	10
2024.03.14	08:44:00	1.09600	1.09620	1.09592	1.09610	57	0	10
2024.03.14	08:45:00	1.09610	1.09613	1.09606	1.09609	124	0	11
2024.03.14	08:46:00	1.09609	1.09621	1.09609	1.09619	121	0	12
2024.03.14	08:47:00	1.09619	1.09625	1.09609	1.09616	17	0	10
2024.03.14	08:48:00	1.09616	1.09618	1.09606	1.09607	149	0	12
2024.03.14	08:49:00	1.09607	1.09608	1.09579	1.09586	116	0	11
2024.03.14	08:50:00	1.09586	1.09604	1.09582	1.09597	47	0	11
2024.03.14	08:51:00	1.09597	1.09611	1.09596	1.09597	32	0	10
2024.03.14	08:52:00	1.09597	1.09603	1.09573	1.09574	179	0	12
2024.03.14	08:53:00	1.09574	1.09578	1.09567	1.09569	102	0	12
2024.03.14	08:54:00	1.09569	1.09585	1.09564	1.09577	158	0	8
2024.03.14	08:55:00	1.09577	1.09577	1.09552	1.09559	31	0	11
2024.03.14	08:56:00	1.09559	1.09589	1.09552	1.09582	155	0	11
2024.03.14	08:57:00	1.09582	1.09587	1.09568	1.09570	41	0	12
2024.03.14	08:58:00	1.09570	1.09605	1.09569	1.09590	97	0	12
2024.03.14	08:59:00	1.09590	1.09593	1.09578	1.09592	89	0	11
2024.03.14	09:00:00	1.09592	1.09616	1.09588	1.09603	18	0	10
2024.03.14	09:01:00	1.09603	1.09615	1.09582	1.09612	18	0	9
2024.03.14	09:02:00	1.09612	1.09613	1.09592	1.09598	118	0	8
2024.03.14	09:03:00	1.09598	1.09606	1.09597	1.09601	88	0	8
2024.03.14	09:04:00	1.09601	1.09621	1.09600	1.09615	177	0	11
2024.03.14	09:05:00	1.09615	1.09629	1.09611	1.09628	96	0	8
2024.03.14	09:06:00	1.09628	1.09639	1.09621	1.09627	114	0	8
2024.03.14	09:07:00	1.09627	1.09638	1.09622	1.09632	91	0	10
2024.03.14	09:08:00	1.09632	1.09637	1.09632	1.09633	25	0	9
2024.03.14	09:09:00	1.09633	1.09637	1.09628	1.09635	72	0	10
2024.03.14	09:10:00	1.09635	1.09649	1.09625	1.09646	85	0	10
2024.03.14	09:11:00	1.09646	1.09652	1.09627	1.09633	9	0	11
2024.03.14	09:12:00	1.09633	1.09634	1.09613	1.09624	108	0	10
2024.03.14	09:13:00	1.09624	1.09630	1.09608	1.09617	63	0	10
2024.03.14	09:14:00	1.09617	1.09627	1.09608	1.09617	96	0	9
2024.03.14	09:15:00	1.09617	1.09629	1.09611	1.09625	66	0	10
2024.03.14	09:16:00	1.09625	1.09644	1.09624	1.09642	167	0	9
2024.03.14	09:17:00	1.09642	1.09642	1.09632	1.09635	149	0	12
2024.03.14	09:18:00	1.09635	1.09643	1.09617	1.09621	172	0	9
2024.03.14	09:19:00	1.09621	1.09624	1.09617	1.09619	42	0	11
2024.03.14	09:20:00	1.09619	1.09639	1.09610	1.09636	120	0	10
2024.03.14	09:21:00	1.09636	1.09640	1.09635	1.09640	17	0	12
2024.03.14	09:22:00	1.09640	1.09641	1.09628	1.09636	127	0	11
2024.03.14	09:23:00	1.09636	1.09639	1.09632	1.09633	115	0	8
2024.03.14	09:24:00	1.09633	1.09648	1.09623	1.09645	144	0	10
2024.03.14	09:25:00	1.09645	1.09650	1.09637	1.09639	29	0	10
2024.03.14	09:26:00	1.09639	1.09639	1.09632	1.09635	36	0	10
2024.03.14	09:27:00	1.09635	1.09648	1.09631	1.09644	11	0	12
2024.03.14	09:28:00	1.09644	1.09652	1.09633	1.09636	54	0	8
2024.03.14	09:29:00	1.09636	1.09649	1.09634	1.09640	179	0	10
2024.03.14	09:30:00	1.09640	1.09647	1.09624	1.09644	157	0	11
2024.03.14	09:31:00	1.09644	1.09646	1.09635	1.09640	10	0	9
2024.03.14	09:32:00	1.09640	1.09644	1.09613	1.09622	99	0	8
2024.03.14	09:33:00	1.09622	1.09623	1.09614	1.09618	176	0	8
2024.03.14	09:34:00	1.09618	1.09621	1.09613	1.09615	102	0	11
2024.03.14	09:35:00	1.09615	1.09621	1.09612	1.09613	133	0	10
2024.03.14	09:36:00	1.09613	1.09613	1.09604	1.09607	159	0	10
2024.03.14	09:37:00	1.09607	1.09608	1.09576	1.09581	8	0	8
2024.03.14	09:38:00	1.09581	1.09584	1.09575	1.09582	143	0	9
2024.03.14	09:39:00	1.09582	1.09614	1.09576	1.09598	16	0	10
2024.03.14	09:40:00	1.09598	1.09613	1.09596	1.09604	67	0	10
2024.03.14	09:41:00	1.09604	1.09611	1.09596	1.09596	46	0	11
2024.03.14	09:42:00	1.09596	1.09602	1.09592	1.09600	163	0	10
2024.03.14	09:43:00	1.09600	1.09607	1.09588	1.09589	56	0	11
2024.03.14	09:44:00	1.09589	1.09592	1.09575	1.09579	170	0	11
2024.03.14	09:45:00	1.09579	1.09584	1.09564	1.09565	178	0	9
2024.03.14	09:46:00	1.09565	1.09590	1.09565	1.09589	66	0	10
2024.03.14	09:47:00	1.09589	1.09591	1.09583	1.09586	50	0	10
2024.03.14	09:48:00	1.09586	1.09607	1.09583	1.09600	20	0	10
2024.03.14	09:49:00	1.09600	1.09609	1.09594	1.09604	58	0	9
2024.03.14	09:50:00	1.09604	1.09614	1.09597	1.09609	26	0	8
2024.03.14	09:51:00	1.09609	1.09615	1.09603	1.09612	178	0	10
2024.03.14	09:52:00	1.09612	1.09629	1.09612	1.09625	92	0	8
2024.03.14	09:53:00	1.09625	1.09626	1.09620	1.09621	163	0	9
2024.03.14	09:54:00	1.09621	1.09640	1.09615	1.09636	13	0	10
2024.03.14	09:55:00	1.09636	1.09645	1.09615	1.09617	12	0	9
2024.03.14	09:56:00	1.09617	1.09621	1.09595	1.09601	172	0	12
2024.03.14	09:57:00	1.09601	1.09618	1.09598	1.09616	174	0	9
2024.03.14	09:58:00	1.09616	1.09623	1.09611	1.09620	29	0	10
2024.03.14	09:59:00	1.09620	1.09622	1.09610	1.09612	87	0	9
2024.03.14	10:00:00	1.09612	1.09618	1.09611	1.09617	120	0	8
2024.03.14	10:01:00	1.09617	1.09634	1.09616	1.09632	19	0	9
2024.03.14	10:02:00	1.09632	1.09636	1.09628	1.09635	30	0	8
2024.03.14	10:03:00	1.09635	1.09658	1.09633	1.09651	15	0	11
2024.03.14	10:04:00	1.09651	1.09659	1.09644	1.09658	172	0	9
2024.03.14	10:05:00	1.09658	1.09661	1.09640	1.09645	42	0	12
2024.03.14	10:06:00	1.09645	1.09657	1.09620	1.09621	60	0	8
2024.03.14	10:07:00	1.09621	1.09625	1.09604	1.09611	139	0	9
2024.03.14	10:08:00	1.09611	1.09616	1.09609	1.09610	118	0	12
2024.03.14	10:09:00	1.09610	1.09615	1.09604	1.09613	117	0	10
2024.03.14	10:10:00	1.09613	1.09622	1.09609	1.09610	122	0	11
2024.03.14	10:11:00	1.09610	1.09622	1.09602	1.09616	144	0	8
2024.03.14	10:12:00	1.09616	1.09637	1.09610	1.09628	147	0	9
2024.03.14	10:13:00	1.09628	1.09640	1.09620	1.09638	168	0	9
2024.03.14	10:14:00	1.09638	1.09646	1.09635	1.09642	55	0	11
2024.03.14	10:15:00	1.09642	1.09659	1.09642	1.09656	34	0	9
2024.03.14	10:16:00	1.09656	1.09680	1.09649	1.09680	176	0	8
2024.03.14	10:17:00	1.09680	1.09718	1.09677	1.09711	50	0	12
2024.03.14	10:18:00	1.09711	1.09725	1.09710	1.09723	54	0	12
2024.03.14	10:19:00	1.09723	1.09733	1.09720	1.09731	34	0	11
2024.03.14	10:20:00	1.09731	1.09745	1.09728	1.09738	63	0	12
2024.03.14	10:21:00	1.09738	1.09743	1.09732	1.09735	45	0	10
2024.03.14	10:22:00	1.09735	1.09739	1.09728	1.09729	123	0	8
2024.03.14	10:23:00	1.09729	1.09733	1.09713	1.09714	171	0	10
2024.03.14	10:24:00	1.09714	1.09721	1.09709	1.09709	134	0	9
2024.03.14	10:25:00	1.09709	1.09728	1.09709	1.09724	175	0	10
2024.03.14	10:26:00	1.09724	1.09732	1.09717	1.09720	179	0	9
2024.03.14	10:27:00	1.09720	1.09722	1.09696	1.09697	153	0	9
2024.03.14	10:28:00	1.09697	1.09699	1.09684	1.09689	17	0	10
2024.03.14	10:29:00	1.09689	1.09723	1.09684	1.09707	83	0	12
2024.03.14	10:30:00	1.09707	1.09718	1.09705	1.09715	41	0	8
2024.03.14	10:31:00	1.09715	1.09744	1.09712	1.09735	103	0	9
2024.03.14	10:32:00	1.09735	1.09744	1.09730	1.09740	178	0	10
2024.03.14	10:33:00	1.09740	1.09764	1.09735	1.09755	106	0	10
2024.03.14	10:34:00	1.09755	1.09766	1.09751	1.09756	13	0	12
2024.03.14	10:35:00	1.09756	1.09764	1.09755	1.09757	39	0	9
2024.03.14	10:36:00	1.09757	1.09758	1.09749	1.09758	49	0	9
2024.03.14	10:37:00	1.09758	1.09791	1.09754	1.09782	174	0	9
2024.03.14	10:38:00	1.09782	1.09785	1.09777	1.09784	92	0	10
2024.03.14	10:39:00	1.09784	1.09793	1.09776	1.09786	30	0	8
2024.03.14	10:40:00	1.09786	1.09788	1.09775	1.09781	169	0	8
2024.03.14	10:41:00	1.09781	1.09828	1.09776	1.09825	49	0	12
2024.03.14	10:42:00	1.09825	1.09834	1.09818	1.09831	28	0	10
2024.03.14	10:43:00	1.09831	1.09839	1.09819	1.09838	36	0	9
2024.03.14	10:44:00	1.09838	1.09852	1.09834	1.09851	161	0	8
2024.03.14	10:45:00	1.09851	1.09858	1.09832	1.09844	66	0	8
2024.03.14	10:46:00	1.09844	1.09880	1.09839	1.09876	116	0	12
2024.03.14	10:47:00	1.09876	1.09882	1.09867	1.09868	37	0	8
2024.03.14	10:48:00	1.09868	1.09873	1.09855	1.09862	115	0	8
2024.03.14	10:49:00	1.09862	1.09868	1.09850	1.09863	125	0	10
2024.03.14	10:50:00	1.09863	1.09866	1.09854	1.09858	134	0	12
2024.03.14	10:51:00	1.09858	1.09875	1.09857	1.09866	167	0	11
2024.03.14	10:52:00	1.09866	1.09874	1.09859	1.09869	107	0	10
2024.03.14	10:53:00	1.09869	1.09882	1.09857	1.09857	123	0	9
2024.03.14	10:54:00	1.09857	1.09875	1.09857	1.09859	146	0	8
2024.03.14	10:55:00	1.09859	1.09862	1.09839	1.09842	18	0	12
2024.03.14	10:56:00	1.09842	1.09846	1.09823	1.09835	132	0	10
2024.03.14	10:57:00	1.09835	1.09844	1.09824	1.09826	123	0	11
2024.03.14	10:58:00	1.09826	1.09828	1.09820	1.09822	150	0	10
2024.03.14	10:59:00	1.09822	1.09837	1.09816	1.09829	50	0	8
2024.03.14	11:00:00	1.09829	1.09832	1.09800	1.09804	125	0	10
2024.03.14	11:01:00	1.09804	1.09810	1.09800	1.09809	143	0	10
2024.03.14	11:02:00	1.09809	1.09822	1.09792	1.09793	29	0	9
2024.03.14	11:03:00	1.09793	1.09812	1.09790	1.09811	131	0	9
2024.03.14	11:04:00	1.09811	1.09817	1.09800	1.09802	155	0	12
2024.03.14	11:05:00	1.09802	1.09813	1.09794	1.09812	72	0	8
2024.03.14	11:06:00	1.09812	1.09838	1.09809	1.09832	38	0	10
2024.03.14	11:07:00	1.09832	1.09833	1.09823	1.09830	159	0	8
2024.03.14	11:08:00	1.09830	1.09843	1.09824	1.09837	77	0	10
2024.03.14	11:09:00	1.09837	1.09842	1.09824	1.09833	45	0	11
2024.03.14	11:10:00	1.09833	1.09839	1.09818	1.09822	64	0	11
2024.03.14	11:11:00	1.09822	1.09823	1.09811	1.09821	162	0	12
2024.03.14	11:12:00	1.09821	1.09827	1.09806	1.09808	132	0	10
2024.03.14	11:13:00	1.09808	1.09814	1.09798	1.09800	83	0	10
2024.03.14	11:14:00	1.09800	1.09801	1.09777	1.09778	19	0	10
2024.03.14	11:15:00	1.09778	1.09780	1.09765	1.09766	96	0	11
2024.03.14	11:16:00	1.09766	1.09774	1.09764	1.09766	131	0	10
2024.03.14	11:17:00	1.09766	1.09768	1.09745	1.09752	146	0	10
2024.03.14	11:18:00	1.09752	1.09762	1.09750	1.09754	67	0	12
2024.03.14	11:19:00	1.09754	1.09761	1.09753	1.09759	123	0	10
2024.03.14	11:20:00	1.09759	1.09762	1.09735	1.09736	105	0	11
2024.03.14	11:21:00	1.09736	1.09762	1.09731	1.09753	45	0	10
2024.03.14	11:22:00	1.09753	1.09779	1.09750	1.09771	156	0	8
2024.03.14	11:23:00	1.09771	1.09779	1.09764	1.09779	80	0	11
2024.03.14	11:24:00	1.09779	1.09785	1.09774	1.09777	135	0	10
2024.03.14	11:25:00	1.09777	1.09781	1.09775	1.09780	15	0	10
2024.03.14	11:26:00	1.09780	1.09780	1.09760	1.09766	89	0	12
2024.03.14	11:27:00	1.09766	1.09772	1.09756	1.09760	24	0	10
2024.03.14	11:28:00	1.09760	1.09768	1.09734	1.09738	64	0	9
2024.03.14	11:29:00	1.09738	1.09764	1.09738	1.09754	100	0	9
2024.03.14	11:30:00	1.09754	1.09772	1.09750	1.09770	77	0	8
2024.03.14	11:31:00	1.09770	1.09782	1.09763	1.09772	74	0	10
2024.03.14	11:32:00	1.09772	1.09783	1.09768	1.09780	158	0	8
2024.03.14	11:33:00	1.09780	1.09782	1.09760	1.09764	19	0	8
2024.03.14	11:34:00	1.09764	1.09777	1.09753	1.09753	54	0	10
2024.03.14	11:35:00	1.09753	1.09757	1.09731	1.09742	104	0	11
2024.03.14	11:36:00	1.09742	1.09746	1.09729	1.09737	69	0	11
2024.03.14	11:37:00	1.09737	1.09767	1.09733	1.09755	131	0	12
2024.03.14	11:38:00	1.09755	1.09773	1.09754	1.09771	10	0	10
2024.03.14	11:39:00	1.09771	1.09776	1.09765	1.09774	154	0	11
2024.03.14	11:40:00	1.09774	1.09786	1.09755	1.09761	35	0	11
2024.03.14	11:41:00	1.09761	1.09762	1.09747	1.09750	176	0	9
2024.03.14	11:42:00	1.09750	1.09768	1.09749	1.09752	79	0	11
2024.03.14	11:43:00	1.09752	1.09754	1.09750	1.09751	21	0	12
2024.03.14	11:44:00	1.09751	1.09752	1.09749	1.09749	111	0	11
2024.03.14	11:45:00	1.09749	1.09754	1.09726	1.09735	31	0	10
2024.03.14	11:46:00	1.09735	1.09737	1.09723	1.09737	135	0	11
2024.03.14	11:47:00	1.09737	1.09757	1.09736	1.09751	179	0	11
2024.03.14	11:48:00	1.09751	1.09760	1.09744	1.09757	113	0	10
2024.03.14	11:49:00	1.09757	1.09767	1.09748	1.09767	110	0	8
2024.03.14	11:50:00	1.09767	1.09773	1.09751	1.09755	130	0	12
2024.03.14	11:51:00	1.09755	1.09758	1.09735	1.09744	74	0	10
2024.03.14	11:52:00	1.09744	1.09759	1.09723	1.09730	171	0	12
2024.03.14	11:53:00	1.09730	1.09735	1.09728	1.09732	171	0	10
2024.03.14	11:54:00	1.09732	1.09738	1.09713	1.09723	120	0	10
2024.03.14	11:55:00	1.09723	1.09743	1.09722	1.09736	79	0	10
2024.03.14	11:56:00	1.09736	1.09742	1.09733	1.09741	28	0	8
2024.03.14	11:57:00	1.09741	1.09752	1.09735	1.09746	71	0	12
2024.03.14	11:58:00	1.09746	1.09753	1.09744	1.09744	102	0	12
2024.03.14	11:59:00	1.09744	1.09747	1.09739	1.09745	138	0	11
2024.03.14	12:00:00	1.09745	1.09747	1.09711	1.09715	176	0	11
2024.03.14	12:01:00	1.09715	1.09725	1.09703	1.09723	150	0	10
2024.03.14	12:02:00	1.09723	1.09735	1.09711	1.09731	11	0	9
2024.03.14	12:03:00	1.09731	1.09739	1.09718	1.09719	70	0	11
2024.03.14	12:04:00	1.09719	1.09721	1.09711	1.09712	141	0	8
2024.03.14	12:05:00	1.09712	1.09730	1.09702	1.09721	139	0	9
2024.03.14	12:06:00	1.09721	1.09734	1.09715	1.09728	168	0	10
2024.03.14	12:07:00	1.09728	1.09733	1.09715	1.09724	140	0	10
2024.03.14	12:08:00	1.09724	1.09737	1.09721	1.09734	115	0	8
2024.03.14	12:09:00	1.09734	1.09753	1.09729	1.09751	157	0	12
2024.03.14	12:10:00	1.09751	1.09764	1.09749	1.09757	165	0	10
2024.03.14	12:11:00	1.09757	1.09758	1.09747	1.09753	97	0	10
2024.03.14	12:12:00	1.09753	1.09762	1.09752	1.09754	85	0	8
2024.03.14	12:13:00	1.09754	1.09767	1.09752	1.09763	162	0	11
2024.03.14	12:14:00	1.09763	1.09765	1.09753	1.09753	40	0	9
2024.03.14	12:15:00	1.09753	1.09762	1.09752	1.09761	132	0	12
2024.03.14	12:16:00	1.09761	1.09771	1.09755	1.09769	82	0	11
2024.03.14	12:17:00	1.09769	1.09778	1.09764	1.09775	117	0	10
2024.03.14	12:18:00	1.09775	1.09778	1.09772	1.09777	168	0	10
2024.03.14	12:19:00	1.09777	1.09787	1.09774	1.09779	173	0	11
2024.03.14	12:20:00	1.09779	1.09789	1.09773	1.09773	24	0	9
2024.03.14	12:21:00	1.09773	1.09774	1.09753	1.09763	157	0	9
2024.03.14	12:22:00	1.09763	1.09772	1.09758	1.09770	146	0	11
2024.03.14	12:23:00	1.09770	1.09774	1.09743	1.09749	40	0	8
2024.03.14	12:24:00	1.09749	1.09754	1.09723	1.09733	113	0	11
2024.03.14	12:25:00	1.09733	1.09738	1.09714	1.09724	177	0	11
2024.03.14	12:26:00	1.09724	1.09749	1.09721	1.09743	131	0	8
2024.03.14	12:27:00	1.09743	1.09746	1.09734	1.09736	150	0	11
2024.03.14	12:28:00	1.09736	1.09769	1.09724	1.09765	52	0	9
2024.03.14	12:29:00	1.09765	1.09787	1.09752	1.09782	171	0	8
2024.03.14	12:30:00	1.09782	1.09795	1.09782	1.09790	83	0	11
2024.03.14	12:31:00	1.09790	1.09792	1.09781	1.09791	111	0	8
2024.03.14	12:32:00	1.09791	1.09794	1.09789	1.09794	88	0	10
2024.03.14	12:33:00	1.09794	1.09802	1.09788	1.09795	119	0	12
2024.03.14	12:34:00	1.09795	1.09801	1.09781	1.09793	9	0	8
2024.03.14	12:35:00	1.09793	1.09798	1.09776	1.09780	163	0	10
2024.03.14	12:36:00	1.09780	1.09784	1.09779	1.09782	119	0	10
2024.03.14	12:37:00	1.09782	1.09787	1.09773	1.09776	42	0	8
2024.03.14	12:38:00	1.09776	1.09813	1.09771	1.09805	38	0	8
2024.03.14	12:39:00	1.09805	1.09816	1.09796	1.09797	13	0	11
2024.03.14	12:40:00	1.09797	1.09798	1.09786	1.09787	94	0	9
2024.03.14	12:41:00	1.09787	1.09792	1.09778	1.09786	159	0	10
2024.03.14	12:42:00	1.09786	1.09792	1.09776	1.09777	70	0	9
2024.03.14	12:43:00	1.09777	1.09781	1.09764	1.09769	83	0	8
2024.03.14	12:44:00	1.09769	1.09782	1.09767	1.09779	18	0	11
2024.03.14	12:45:00	1.09779	1.09787	1.09774	1.09778	145	0	10
2024.03.14	12:46:00	1.09778	1.09820	1.09774	1.09810	165	0	10
2024.03.14	12:47:00	1.09810	1.09840	1.09803	1.09823	93	0	10
2024.03.14	12:48:00	1.09823	1.09831	1.09816	1.09819	114	0	10
2024.03.14	12:49:00	1.09819	1.09828	1.09819	1.09823	82	0	8
2024.03.14	12:50:00	1.09823	1.09840	1.09820	1.09832	122	0	9
2024.03.14	12:51:00	1.09832	1.09835	1.09810	1.09812	166	0	10
2024.03.14	12:52:00	1.09812	1.09828	1.09804	1.09819	28	0	9
2024.03.14	12:53:00	1.09819	1.09827	1.09809	1.09826	30	0	10
2024.03.14	12:54:00	1.09826	1.09828	1.09800	1.09812	16	0	11
2024.03.14	12:55:00	1.09812	1.09814	1.09802	1.09804	43	0	11
2024.03.14	12:56:00	1.09804	1.09815	1.09797	1.09805	80	0	9
2024.03.14	12:57:00	1.09805	1.09815	1.09795	1.09812	53	0	11
2024.03.14	12:58:00	1.09812	1.09830	1.09808	1.09821	65	0	10
2024.03.14	12:59:00	1.09821	1.09823	1.09799	1.09804	166	0	11
2024.03.14	13:00:00	1.09804	1.09806	1.09784	1.09789	31	0	8
2024.03.14	13:01:00	1.09789	1.09811	1.09786	1.09811	53	0	9
2024.03.14	13:02:00	1.09811	1.09822	1.09807	1.09821	81	0	8
2024.03.14	13:03:00	1.09821	1.09828	1.09805	1.09820	177	0	11
2024.03.14	13:04:00	1.09820	1.09825	1.09800	1.09802	56	0	10
2024.03.14	13:05:00	1.09802	1.09802	1.09772	1.09786	67	0	12
2024.03.14	13:06:00	1.09786	1.09801	1.09784	1.09793	75	0	10
2024.03.14	13:07:00	1.09793	1.09800	1.09788	1.09790	20	0	8
2024.03.14	13:08:00	1.09790	1.09791	1.09776	1.09790	31	0	9
2024.03.14	13:09:00	1.09790	1.09810	1.09784	1.09807	145	0	11
2024.03.14	13:10:00	1.09807	1.09813	1.09795	1.09809	139	0	9
2024.03.14	13:11:00	1.09809	1.09810	1.09771	1.09786	113	0	10
2024.03.14	13:12:00	1.09786	1.09788	1.09772	1.09779	56	0	10
2024.03.14	13:13:00	1.09779	1.09793	1.09775	1.09789	118	0	10
2024.03.14	13:14:00	1.09789	1.09792	1.09780	1.09782	10	0	10
2024.03.14	13:15:00	1.09782	1.09800	1.09779	1.09794	160	0	12
2024.03.14	13:16:00	1.09794	1.09804	1.09791	1.09799	175	0	8
2024.03.14	13:17:00	1.09799	1.09812	1.09798	1.09807	65	0	10
2024.03.14	13:18:00	1.09807	1.09814	1.09800	1.09812	149	0	10
2024.03.14	13:19:00	1.09812	1.09822	1.09801	1.09801	176	0	8
2024.03.14	13:20:00	1.09801	1.09825	1.09801	1.09824	40	0	12
2024.03.14	13:21:00	1.09824	1.09828	1.09817	1.09822	168	0	10
2024.03.14	13:22:00	1.09822	1.09825	1.09812	1.09815	14	0	11
2024.03.14	13:23:00	1.09815	1.09842	1.09814	1.09837	102	0	12
2024.03.14	13:24:00	1.09837	1.09853	1.09836	1.09847	100	0	9
2024.03.14	13:25:00	1.09847	1.09862	1.09847	1.09862	9	0	10
2024.03.14	13:26:00	1.09862	1.09867	1.09838	1.09848	22	0	12
2024.03.14	13:27:00	1.09848	1.09852	1.09828	1.09829	27	0	8
2024.03.14	13:28:00	1.09829	1.09836	1.09828	1.09830	147	0	10
2024.03.14	13:29:00	1.09830	1.09831	1.09811	1.09813	33	0	10
2024.03.14	13:30:00	1.09813	1.09825	1.09808	1.09808	94	0	12
2024.03.14	13:31:00	1.09808	1.09820	1.09803	1.09815	154	0	10
2024.03.14	13:32:00	1.09815	1.09816	1.09800	1.09809	56	0	10
2024.03.14	13:33:00	1.09809	1.09821	1.09798	1.09816	148	0	8
2024.03.14	13:34:00	1.09816	1.09825	1.09810	1.09814	47	0	11
2024.03.14	13:35:00	1.09814	1.09820	1.09778	1.09782	117	0	11
2024.03.14	13:36:00	1.09782	1.09786	1.09779	1.09782	39	0	10
2024.03.14	13:37:00	1.09782	1.09799	1.09778	1.09788	119	0	10
2024.03.14	13:38:00	1.09788	1.09797	1.09780	1.09796	17	0	10
2024.03.14	13:39:00	1.09796	1.09801	1.09791	1.09793	10	0	10
2024.03.14	13:40:00	1.09793	1.09815	1.09784	1.09813	114	0	9
2024.03.14	13:41:00	1.09813	1.09824	1.09811	1.09814	153	0	9
2024.03.14	13:42:00	1.09814	1.09819	1.09810	1.09814	154	0	10
2024.03.14	13:43:00	1.09814	1.09814	1.09782	1.09790	149	0	10
2024.03.14	13:44:00	1.09790	1.09809	1.09790	1.09806	73	0	10
2024.03.14	13:45:00	1.09806	1.09821	1.09805	1.09817	79	0	10
2024.03.14	13:46:00	1.09817	1.09821	1.09814	1.09819	31	0	11
2024.03.14	13:47:00	1.09819	1.09831	1.09817	1.09823	172	0	10
2024.03.14	13:48:00	1.09823	1.09824	1.09810	1.09822	49	0	8
2024.03.14	13:49:00	1.09822	1.09841	1.09817	1.09837	94	0	9
2024.03.14	13:50:00	1.09837	1.09857	1.09832	1.09847	8	0	11
2024.03.14	13:51:00	1.09847	1.09859	1.09837	1.09846	66	0	10
2024.03.14	13:52:00	1.09846	1.09852	1.09838	1.09844	14	0	10
2024.03.14	13:53:00	1.09844	1.09845	1.09836	1.09843	167	0	12
2024.03.14	13:54:00	1.09843	1.09846	1.09838	1.09840	174	0	10
2024.03.14	13:55:00	1.09840	1.09842	1.09825	1.09828	90	0	12
2024.03.14	13:56:00	1.09828	1.09845	1.09823	1.09843	147	0	11
2024.03.14	13:57:00	1.09843	1.09843	1.09832	1.09835	127	0	10
2024.03.14	13:58:00	1.09835	1.09845	1.09832	1.09842	50	0	12
2024.03.14	13:59:00	1.09842	1.09855	1.09838	1.09855	142	0	11
2024.03.14	14:00:00	1.09855	1.09864	1.09848	1.09855	82	0	12
2024.03.14	14:01:00	1.09855	1.09866	1.09837	1.09846	9	0	10
2024.03.14	14:02:00	1.09846	1.09861	1.09838	1.09856	36	0	10
2024.03.14	14:03:00	1.09856	1.09871	1.09852	1.09863	54	0	8
2024.03.14	14:04:00	1.09863	1.09876	1.09859	1.09873	167	0	10
2024.03.14	14:05:00	1.09873	1.09874	1.09846	1.09853	10	0	12
2024.03.14	14:06:00	1.09853	1.09860	1.09849	1.09853	73	0	10
2024.03.14	14:07:00	1.09853	1.09858	1.09844	1.09858	112	0	9
2024.03.14	14:08:00	1.09858	1.09859	1.09854	1.09854	167	0	8
2024.03.14	14:09:00	1.09854	1.09861	1.09850	1.09851	60	0	10
2024.03.14	14:10:00	1.09851	1.09851	1.09838	1.09843	28	0	10
2024.03.14	14:11:00	1.09843	1.09869	1.09837	1.09858	83	0	8
2024.03.14	14:12:00	1.09858	1.09867	1.09856	1.09862	173	0	9
2024.03.14	14:13:00	1.09862	1.09869	1.09858	1.09865	115	0	8
2024.03.14	14:14:00	1.09865	1.09875	1.09862	1.09872	98	0	11
2024.03.14	14:15:00	1.09872	1.09874	1.09866	1.09873	163	0	12
2024.03.14	14:16:00	1.09873	1.09877	1.09869	1.09871	141	0	9
2024.03.14	14:17:00	1.09871	1.09876	1.09863	1.09865	149	0	10
2024.03.14	14:18:00	1.09865	1.09880	1.09850	1.09873	51	0	8
2024.03.14	14:19:00	1.09873	1.09875	1.09859	1.09871	136	0	11
2024.03.14	14:20:00	1.09871	1.09880	1.09867	1.09876	32	0	10
2024.03.14	14:21:00	1.09876	1.09878	1.09870	1.09877	120	0	10
2024.03.14	14:22:00	1.09877	1.09887	1.09872	1.09877	58	0	10
2024.03.14	14:23:00	1.09877	1.09904	1.09868	1.09887	55	0	12
2024.03.14	14:24:00	1.09887	1.09891	1.09881	1.09885	14	0	11
2024.03.14	14:25:00	1.09885	1.09892	1.09878	1.09880	109	0	12
2024.03.14	14:26:00	1.09880	1.09883	1.09866	1.09871	12	0	9
2024.03.14	14:27:00	1.09871	1.09890	1.09858	1.09887	156	0	10
2024.03.14	14:28:00	1.09887	1.09901	1.09886	1.09891	77	0	10
2024.03.14	14:29:00	1.09891	1.09893	1.09872	1.09878	89	0	9
2024.03.14	14:30:00	1.09878	1.09908	1.09867	1.09893	160	0	8
2024.03.14	14:31:00	1.09893	1.09902	1.09885	1.09898	47	0	12
2024.03.14	14:32:00	1.09898	1.09910	1.09889	1.09904	126	0	12
2024.03.14	14:33:00	1.09904	1.09919	1.09899	1.09900	158	0	8
2024.03.14	14:34:00	1.09900	1.09905	1.09889	1.09895	122	0	10
2024.03.14	14:35:00	1.09895	1.09905	1.09893	1.09901	48	0	8
2024.03.14	14:36:00	1.09901	1.09909	1.09900	1.09904	175	0	11
2024.03.14	14:37:00	1.09904	1.09914	1.09899	1.09909	109	0	12
2024.03.14	14:38:00	1.09909	1.09937	1.09905	1.09934	123	0	11
2024.03.14	14:39:00	1.09934	1.09935	1.09924	1.09925	127	0	11
2024.03.14	14:40:00	1.09925	1.09931	1.09922	1.09928	48	0	8
2024.03.14	14:41:00	1.09928	1.09930	1.09910	1.09926	21	0	10
2024.03.14	14:42:00	1.09926	1.09936	1.09918	1.09933	161	0	10
2024.03.14	14:43:00	1.09933	1.09934	1.09923	1.09928	22	0	9
2024.03.14	14:44:00	1.09928	1.09946	1.09926	1.09939	12	0	12
2024.03.14	14:45:00	1.09939	1.09943	1.09925	1.09929	167	0	8
2024.03.14	14:46:00	1.09929	1.09932	1.09917	1.09918	125	0	8
2024.03.14	14:47:00	1.09918	1.09924	1.09905	1.09912	109	0	8
2024.03.14	14:48:00	1.09912	1.09914	1.09889	1.09891	135	0	10
2024.03.14	14:49:00	1.09891	1.09900	1.09884	1.09890	91	0	12
2024.03.14	14:50:00	1.09890	1.09898	1.09890	1.09898	80	0	11
2024.03.14	14:51:00	1.09898	1.09902	1.09892	1.09901	145	0	10
2024.03.14	14:52:00	1.09901	1.09923	1.09896	1.09910	114	0	12
2024.03.14	14:53:00	1.09910	1.09928	1.09897	1.09913	103	0	10
2024.03.14	14:54:00	1.09913	1.09919	1.09904	1.09905	112	0	10
2024.03.14	14:55:00	1.09905	1.09926	1.09905	1.09913	122	0	12
2024.03.14	14:56:00	1.09913	1.09930	1.09906	1.09925	154	0	11
2024.03.14	14:57:00	1.09925	1.09933	1.09925	1.09932	20	0	9
2024.03.14	14:58:00	1.09932	1.09944	1.09931	1.09942	64	0	12
2024.03.14	14:59:00	1.09942	1.09968	1.09936	1.09966	128	0	11
2024.03.14	15:00:00	1.09966	1.09975	1.09966	1.09971	147	0	10
2024.03.14	15:01:00	1.09971	1.09974	1.09962	1.09969	39	0	9
2024.03.14	15:02:00	1.09969	1.09973	1.09959	1.09963	24	0	10
2024.03.14	15:03:00	1.09963	1.09971	1.09958	1.09971	71	0	10
2024.03.14	15:04:00	1.09971	1.09977	1.09970	1.09973	119	0	8
2024.03.14	15:05:00	1.09973	1.09984	1.09952	1.09961	136	0	9
2024.03.14	15:06:00	1.09961	1.09967	1.09953	1.09961	79	0	10
2024.03.14	15:07:00	1.09961	1.09969	1.09941	1.09952	143	0	10
2024.03.14	15:08:00	1.09952	1.09955	1.09940	1.09945	126	0	10
2024.03.14	15:09:00	1.09945	1.09946	1.09939	1.09942	166	0	8
2024.03.14	15:10:00	1.09942	1.09950	1.09927	1.09939	163	0	11
2024.03.14	15:11:00	1.09939	1.09944	1.09939	1.09943	90	0	10
2024.03.14	15:12:00	1.09943	1.09943	1.09934	1.09934	161	0	10
2024.03.14	15:13:00	1.09934	1.09940	1.09901	1.09903	40	0	9
2024.03.14	15:14:00	1.09903	1.09927	1.09899	1.09918	108	0	12
2024.03.14	15:15:00	1.09918	1.09922	1.09911	1.09918	64	0	9
2024.03.14	15:16:00	1.09918	1.09920	1.09905	1.09905	136	0	11
2024.03.14	15:17:00	1.09905	1.09916	1.09900	1.09907	45	0	11
2024.03.14	15:18:00	1.09907	1.09925	1.09900	1.09914	53	0	10
2024.03.14	15:19:00	1.09914	1.09915	1.09903	1.09913	154	0	8
2024.03.14	15:20:00	1.09913	1.09915	1.09900	1.09906	77	0	10
2024.03.14	15:21:00	1.09906	1.09924	1.09879	1.09884	131	0	9
2024.03.14	15:22:00	1.09884	1.09904	1.09877	1.09898	90	0	12
2024.03.14	15:23:00	1.09898	1.09905	1.09898	1.09903	89	0	10
2024.03.14	15:24:00	1.09903	1.09919	1.09900	1.09910	178	0	12
2024.03.14	15:25:00	1.09910	1.09922	1.09904	1.09904	66	0	11
2024.03.14	15:26:00	1.09904	1.09912	1.09902	1.09910	18	0	9
2024.03.14	15:27:00	1.09910	1.09946	1.09906	1.09937	169	0	10
2024.03.14	15:28:00	1.09937	1.09944	1.09924	1.09940	165	0	12
2024.03.14	15:29:00	1.09940	1.09942	1.09927	1.09928	98	0	9
2024.03.14	15:30:00	1.09928	1.09933	1.09919	1.09922	107	0	11
2024.03.14	15:31:00	1.09922	1.09925	1.09919	1.09920	47	0	10
2024.03.14	15:32:00	1.09920	1.09926	1.09907	1.09922	96	0	12
2024.03.14	15:33:00	1.09922	1.09924	1.09912	1.09920	88	0	11
2024.03.14	15:34:00	1.09920	1.09924	1.09907	1.09910	22	0	12
2024.03.14	15:35:00	1.09910	1.09917	1.09904	1.09917	126	0	10
2024.03.14	15:36:00	1.09917	1.09923	1.09904	1.09912	146	0	9
2024.03.14	15:37:00	1.09912	1.09913	1.09887	1.09897	33	0	11
2024.03.14	15:38:00	1.09897	1.09903	1.09892	1.09899	173	0	11
2024.03.14	15:39:00	1.09899	1.09922	1.09899	1.09911	69	0	11
2024.03.14	15:40:00	1.09911	1.09915	1.09897	1.09899	178	0	10
2024.03.14	15:41:00	1.09899	1.09904	1.09886	1.09900	47	0	9
2024.03.14	15:42:00	1.09900	1.09900	1.09882	1.09888	73	0	8
2024.03.14	15:43:00	1.09888	1.09892	1.09872	1.09876	160	0	11
2024.03.14	15:44:00	1.09876	1.09896	1.09874	1.09884	78	0	11
2024.03.14	15:45:00	1.09884	1.09886	1.09883	1.09884	154	0	10
2024.03.14	15:46:00	1.09884	1.09890	1.09882	1.09888	175	0	11
2024.03.14	15:47:00	1.09888	1.09913	1.09882	1.09907	34	0	8
2024.03.14	15:48:00	1.09907	1.09918	1.09907	1.09917	50	0	12
2024.03.14	15:49:00	1.09917	1.09919	1.09902	1.09911	33	0	9
2024.03.14	15:50:00	1.09911	1.09922	1.09910	1.09919	146	0	8
2024.03.14	15:51:00	1.09919	1.09929	1.09919	1.09923	31	0	10
2024.03.14	15:52:00	1.09923	1.09940	1.09917	1.09936	98	0	11
2024.03.14	15:53:00	1.09936	1.09963	1.09934	1.09963	101	0	8
2024.03.14	15:54:00	1.09963	1.09963	1.09937	1.09946	108	0	8
2024.03.14	15:55:00	1.09946	1.09950	1.09923	1.09931	53	0	9
2024.03.14	15:56:00	1.09931	1.09937	1.09927	1.09936	78	0	8
2024.03.14	15:57:00	1.09936	1.09961	1.09930	1.09954	145	0	10
2024.03.14	15:58:00	1.09954	1.09964	1.09952	1.09962	82	0	9
2024.03.14	15:59:00	1.09962	1.09964	1.09951	1.09954	13	0	11
2024.03.14	16:00:00	1.09954	1.09963	1.09954	1.09954	49	0	10
2024.03.14	16:01:00	1.09954	1.09957	1.09945	1.09950	148	0	9
2024.03.14	16:02:00	1.09950	1.09954	1.09909	1.09913	122	0	9
2024.03.14	16:03:00	1.09913	1.09914	1.09891	1.09906	106	0	10
2024.03.14	16:04:00	1.09906	1.09927	1.09900	1.09921	88	0	10
2024.03.14	16:05:00	1.09921	1.09927	1.09913	1.09923	128	0	10
2024.03.14	16:06:00	1.09923	1.09926	1.09918	1.09924	14	0	9
2024.03.14	16:07:00	1.09924	1.09934	1.09914	1.09917	173	0	8
2024.03.14	16:08:00	1.09917	1.09941	1.09917	1.09938	73	0	10
2024.03.14	16:09:00	1.09938	1.09943	1.09934	1.09939	49	0	11
2024.03.14	16:10:00	1.09939	1.09946	1.09921	1.09925	38	0	9
2024.03.14	16:11:00	1.09925	1.09949	1.09921	1.09940	141	0	11
2024.03.14	16:12:00	1.09940	1.09967	1.09934	1.09962	176	0	11
2024.03.14	16:13:00	1.09962	1.09964	1.09954	1.09961	52	0	10
2024.03.14	16:14:00	1.09961	1.09981	1.09954	1.09974	68	0	9
2024.03.14	16:15:00	1.09974	1.09976	1.09960	1.09964	162	0	10
2024.03.14	16:16:00	1.09964	1.09965	1.09944	1.09949	13	0	10
2024.03.14	16:17:00	1.09949	1.09976	1.09944	1.09972	111	0	8
2024.03.14	16:18:00	1.09972	1.09976	1.09952	1.09954	13	0	11
2024.03.14	16:19:00	1.09954	1.09966	1.09938	1.09940	73	0	12
2024.03.14	16:20:00	1.09940	1.09963	1.09937	1.09956	58	0	8
2024.03.14	16:21:00	1.09956	1.09966	1.09954	1.09962	83	0	10
2024.03.14	16:22:00	1.09962	1.09972	1.09958	1.09964	113	0	12
2024.03.14	16:23:00	1.09964	1.09983	1.09962	1.09980	70	0	10
2024.03.14	16:24:00	1.09980	1.09987	1.09976	1.09982	38	0	12
2024.03.14	16:25:00	1.09982	1.09987	1.09978	1.09980	37	0	10
2024.03.14	16:26:00	1.09980	1.09984	1.09975	1.09977	130	0	9
2024.03.14	16:27:00	1.09977	1.09981	1.09954	1.09965	81	0	8
2024.03.14	16:28:00	1.09965	1.09984	1.09955	1.09976	129	0	8
2024.03.14	16:29:00	1.09976	1.10003	1.09969	1.09989	51	0	8
2024.03.14	16:30:00	1.09989	1.09994	1.09966	1.09970	88	0	10
2024.03.14	16:31:00	1.09970	1.09976	1.09957	1.09962	60	0	11
2024.03.14	16:32:00	1.09962	1.09966	1.09947	1.09947	98	0	12
2024.03.14	16:33:00	1.09947	1.09970	1.09947	1.09961	178	0	11
2024.03.14	16:34:00	1.09961	1.09967	1.09940	1.09948	41	0	10
2024.03.14	16:35:00	1.09948	1.09948	1.09944	1.09946	164	0	12
2024.03.14	16:36:00	1.09946	1.09948	1.09943	1.09946	119	0	10
2024.03.14	16:37:00	1.09946	1.09946	1.09941	1.09944	71	0	11
2024.03.14	16:38:00	1.09944	1.09945	1.09919	1.09936	96	0	12
2024.03.14	16:39:00	1.09936	1.09947	1.09928	1.09936	157	0	9
2024.03.14	16:40:00	1.09936	1.09941	1.09934	1.09938	32	0	10
2024.03.14	16:41:00	1.09938	1.09938	1.09920	1.09928	159	0	10
2024.03.14	16:42:00	1.09928	1.09942	1.09924	1.09931	69	0	9
2024.03.14	16:43:00	1.09931	1.09951	1.09922	1.09946	150	0	12
2024.03.14	16:44:00	1.09946	1.09946	1.09925	1.09932	91	0	9
2024.03.14	16:45:00	1.09932	1.09946	1.09929	1.09944	125	0	11
2024.03.14	16:46:00	1.09944	1.09962	1.09938	1.09949	132	0	11
2024.03.14	16:47:00	1.09949	1.09950	1.09942	1.09945	137	0	10
2024.03.14	16:48:00	1.09945	1.09960	1.09939	1.09959	15	0	10
2024.03.14	16:49:00	1.09959	1.09961	1.09950	1.09956	50	0	9
2024.03.14	16:50:00	1.09956	1.09961	1.09946	1.09951	150	0	9
2024.03.14	16:51:00	1.09951	1.09973	1.09935	1.09968	176	0	10
2024.03.14	16:52:00	1.09968	1.09973	1.09957	1.09959	124	0	9
2024.03.14	16:53:00	1.09959	1.09971	1.09959	1.09961	54	0	11
2024.03.14	16:54:00	1.09961	1.09972	1.09950	1.09951	162	0	12
2024.03.14	16:55:00	1.09951	1.09955	1.09941	1.09945	54	0	11
2024.03.14	16:56:00	1.09945	1.09946	1.09936	1.09943	135	0	11
2024.03.14	16:57:00	1.09943	1.09964	1.09941	1.09959	145	0	11
2024.03.14	16:58:00	1.09959	1.09971	1.09942	1.09946	122	0	10
2024.03.14	16:59:00	1.09946	1.09946	1.09940	1.09942	62	0	10
2024.03.14	17:00:00	1.09942	1.09963	1.09942	1.09963	46	0	10
2024.03.14	17:01:00	1.09963	1.09976	1.09958	1.09974	54	0	10
2024.03.14	17:02:00	1.09974	1.09981	1.09972	1.09978	130	0	9
2024.03.14	17:03:00	1.09978	1.09983	1.09947	1.09957	116	0	11
2024.03.14	17:04:00	1.09957	1.09970	1.09956	1.09965	160	0	12
2024.03.14	17:05:00	1.09965	1.09977	1.09933	1.09944	61	0	11
2024.03.14	17:06:00	1.09944	1.09951	1.09926	1.09938	167	0	8
2024.03.14	17:07:00	1.09938	1.09940	1.09929	1.09934	66	0	9
2024.03.14	17:08:00	1.09934	1.09951	1.09930	1.09946	53	0	12
2024.03.14	17:09:00	1.09946	1.09978	1.09944	1.09978	33	0	11
2024.03.14	17:10:00	1.09978	1.09979	1.09972	1.09976	11	0	10
2024.03.14	17:11:00	1.09976	1.09987	1.09970	1.09982	10	0	12
2024.03.14	17:12:00	1.09982	1.09985	1.09949	1.09958	80	0	10
2024.03.14	17:13:00	1.09958	1.09973	1.09951	1.09968	152	0	11
2024.03.14	17:14:00	1.09968	1.09975	1.09957	1.09973	65	0	12
2024.03.14	17:15:00	1.09973	1.09990	1.09965	1.09979	125	0	8
2024.03.14	17:16:00	1.09979	1.09981	1.09961	1.09963	21	0	12
2024.03.14	17:17:00	1.09963	1.09985	1.09960	1.09983	93	0	11
2024.03.14	17:18:00	1.09983	1.10004	1.09976	1.09995	175	0	12
2024.03.14	17:19:00	1.09995	1.10007	1.09992	1.10003	124	0	8
2024.03.14	17:20:00	1.10003	1.10009	1.09991	1.09994	157	0	10
2024.03.14	17:21:00	1.09994	1.09999	1.09993	1.09997	178	0	8
2024.03.14	17:22:00	1.09997	1.10001	1.09978	1.09984	39	0	10
2024.03.14	17:23:00	1.09984	1.09986	1.09966	1.09972	53	0	12
2024.03.14	17:24:00	1.09972	1.09975	1.09964	1.09971	20	0	8
2024.03.14	17:25:00	1.09971	1.09999	1.09970	1.09994	171	0	12
2024.03.14	17:26:00	1.09994	1.09999	1.09987	1.09996	78	0	9
2024.03.14	17:27:00	1.09996	1.10003	1.09990	1.09994	38	0	12
2024.03.14	17:28:00	1.09994	1.09997	1.09984	1.09985	117	0	8
2024.03.14	17:29:00	1.09985	1.09999	1.09981	1.09995	48	0	9
2024.03.14	17:30:00	1.09995	1.10010	1.09986	1.10009	21	0	9
2024.03.14	17:31:00	1.10009	1.10013	1.09999	1.10005	73	0	10
2024.03.14	17:32:00	1.10005	1.10005	1.10001	1.10004	17	0	10
2024.03.14	17:33:00	1.10004	1.10014	1.09987	1.09990	78	0	12
2024.03.14	17:34:00	1.09990	1.10010	1.09982	1.10008	153	0	11
2024.03.14	17:35:00	1.10008	1.10018	1.09992	1.10001	139	0	8
2024.03.14	17:36:00	1.10001	1.10022	1.09999	1.10015	31	0	8
2024.03.14	17:37:00	1.10015	1.10021	1.10010	1.10021	87	0	9
2024.03.14	17:38:00	1.10021	1.10025	1.10018	1.10020	171	0	12
2024.03.14	17:39:00	1.10020	1.10028	1.10020	1.10024	77	0	10
2024.03.14	17:40:00	1.10024	1.10039	1.10020	1.10037	77	0	12
2024.03.14	17:41:00	1.10037	1.10040	1.10030	1.10036	59	0	10
2024.03.14	17:42:00	1.10036	1.10041	1.10034	1.10038	136	0	8
2024.03.14	17:43:00	1.10038	1.10040	1.10032	1.10038	163	0	11
2024.03.14	17:44:00	1.10038	1.10048	1.10038	1.10041	133	0	10
2024.03.14	17:45:00	1.10041	1.10043	1.10038	1.10041	55	0	11
2024.03.14	17:46:00	1.10041	1.10063	1.10037	1.10049	91	0	11
2024.03.14	17:47:00	1.10049	1.10064	1.10045	1.10062	10	0	10
2024.03.14	17:48:00	1.10062	1.10064	1.10061	1.10063	64	0	8
2024.03.14	17:49:00	1.10063	1.10069	1.10042	1.10045	76	0	10
2024.03.14	17:50:00	1.10045	1.10045	1.10033	1.10045	148	0	11
2024.03.14	17:51:00	1.10045	1.10051	1.10036	1.10045	164	0	10
2024.03.14	17:52:00	1.10045	1.10071	1.10042	1.10056	178	0	10
2024.03.14	17:53:00	1.10056	1.10069	1.10055	1.10061	17	0	10
2024.03.14	17:54:00	1.10061	1.10076	1.10049	1.10051	65	0	8
2024.03.14	17:55:00	1.10051	1.10069	1.10045	1.10065	9	0	12
2024.03.14	17:56:00	1.10065	1.10067	1.10056	1.10061	175	0	8
2024.03.14	17:57:00	1.10061	1.10067	1.10050	1.10054	40	0	11
2024.03.14	17:58:00	1.10054	1.10069	1.10046	1.10065	111	0	11
2024.03.14	17:59:00	1.10065	1.10080	1.10063	1.10073	61	0	11
2024.03.14	18:00:00	1.10073	1.10080	1.10066	1.10076	63	0	8
2024.03.14	18:01:00	1.10076	1.10080	1.10069	1.10074	37	0	12
2024.03.14	18:02:00	1.10074	1.10100	1.10064	1.10099	167	0	12
2024.03.14	18:03:00	1.10099	1.10122	1.10094	1.10118	162	0	8
2024.03.14	18:04:00	1.10118	1.10129	1.10114	1.10125	17	0	8
2024.03.14	18:05:00	1.10125	1.10146	1.10107	1.10139	147	0	12
2024.03.14	18:06:00	1.10139	1.10141	1.10109	1.10122	124	0	8
2024.03.14	18:07:00	1.10122	1.10133	1.10119	1.10129	103	0	12
2024.03.14	18:08:00	1.10129	1.10138	1.10119	1.10137	51	0	10
2024.03.14	18:09:00	1.10137	1.10151	1.10131	1.10151	159	0	11
2024.03.14	18:10:00	1.10151	1.10152	1.10139	1.10143	139	0	10
2024.03.14	18:11:00	1.10143	1.10154	1.10127	1.10137	24	0	12
2024.03.14	18:12:00	1.10137	1.10141	1.10118	1.10123	67	0	10
2024.03.14	18:13:00	1.10123	1.10128	1.10103	1.10112	78	0	12
2024.03.14	18:14:00	1.10112	1.10114	1.10095	1.10098	18	0	10
2024.03.14	18:15:00	1.10098	1.10104	1.10093	1.10097	109	0	8
2024.03.14	18:16:00	1.10097	1.10126	1.10087	1.10113	27	0	8
2024.03.14	18:17:00	1.10113	1.10125	1.10097	1.10100	28	0	11
2024.03.14	18:18:00	1.10100	1.10101	1.10075	1.10075	168	0	8
2024.03.14	18:19:00	1.10075	1.10109	1.10074	1.10100	11	0	8
2024.03.14	18:20:00	1.10100	1.10103	1.10097	1.10101	139	0	9
2024.03.14	18:21:00	1.10101	1.10102	1.10078	1.10086	179	0	10
2024.03.14	18:22:00	1.10086	1.10095	1.10084	1.10085	67	0	12
2024.03.14	18:23:00	1.10085	1.10092	1.10082	1.10084	137	0	10
2024.03.14	18:24:00	1.10084	1.10099	1.10083	1.10093	157	0	10
2024.03.14	18:25:00	1.10093	1.10104	1.10083	1.10101	117	0	9
2024.03.14	18:26:00	1.10101	1.10102	1.10086	1.10087	144	0	8
2024.03.14	18:27:00	1.10087	1.10101	1.10075	1.10101	130	0	11
2024.03.14	18:28:00	1.10101	1.10117	1.10100	1.10114	112	0	8
2024.03.14	18:29:00	1.10114	1.10123	1.10111	1.10116	138	0	12
2024.03.14	18:30:00	1.10116	1.10142	1.10106	1.10130	100	0	11
2024.03.14	18:31:00	1.10130	1.10136	1.10121	1.10122	80	0	9
2024.03.14	18:32:00	1.10122	1.10128	1.10100	1.10108	171	0	8
2024.03.14	18:33:00	1.10108	1.10108	1.10086	1.10095	52	0	11
2024.03.14	18:34:00	1.10095	1.10111	1.10092	1.10108	161	0	10
2024.03.14	18:35:00	1.10108	1.10110	1.10101	1.10101	158	0	11
2024.03.14	18:36:00	1.10101	1.10109	1.10097	1.10105	124	0	10
2024.03.14	18:37:00	1.10105	1.10131	1.10104	1.10119	37	0	11
2024.03.14	18:38:00	1.10119	1.10127	1.10114	1.10126	159	0	8
2024.03.14	18:39:00	1.10126	1.10129	1.10122	1.10129	145	0	10
2024.03.14	18:40:00	1.10129	1.10130	1.10120	1.10121	128	0	8
2024.03.14	18:41:00	1.10121	1.10137	1.10113	1.10135	92	0	11
2024.03.14	18:42:00	1.10135	1.10136	1.10128	1.10133	121	0	10
2024.03.14	18:43:00	1.10133	1.10136	1.10121	1.10126	46	0	8
2024.03.14	18:44:00	1.10126	1.10141	1.10113	1.10122	55	0	9
2024.03.14	18:45:00	1.10122	1.10135	1.10094	1.10094	140	0	12
2024.03.14	18:46:00	1.10094	1.10124	1.10091	1.10122	157	0	10
2024.03.14	18:47:00	1.10122	1.10129	1.10112	1.10116	155	0	9
2024.03.14	18:48:00	1.10116	1.10140	1.10107	1.10137	36	0	12
2024.03.14	18:49:00	1.10137	1.10144	1.10108	1.10116	62	0	10
2024.03.14	18:50:00	1.10116	1.10116	1.10104	1.10113	68	0	10
2024.03.14	18:51:00	1.10113	1.10122	1.10112	1.10120	13	0	9
2024.03.14	18:52:00	1.10120	1.10129	1.10097	1.10108	57	0	10
2024.03.14	18:53:00	1.10108	1.10114	1.10091	1.10096	160	0	12
2024.03.14	18:54:00	1.10096	1.10100	1.10073	1.10078	51	0	9
2024.03.14	18:55:00	1.10078	1.10084	1.10069	1.10074	137	0	12
2024.03.14	18:56:00	1.10074	1.10087	1.10067	1.10085	172	0	9
2024.03.14	18:57:00	1.10085	1.10096	1.10065	1.10065	31	0	9
2024.03.14	18:58:00	1.10065	1.10075	1.10050	1.10057	46	0	9
2024.03.14	18:59:00	1.10057	1.10058	1.10047	1.10049	179	0	11
2024.03.14	19:00:00	1.10049	1.10058	1.10044	1.10052	18	0	10
2024.03.14	19:01:00	1.10052	1.10070	1.10051	1.10067	105	0	10
2024.03.14	19:02:00	1.10067	1.10084	1.10054	1.10061	55	0	10
2024.03.14	19:03:00	1.10061	1.10082	1.10049	1.10076	113	0	9
2024.03.14	19:04:00	1.10076	1.10080	1.10060	1.10066	140	0	8
2024.03.14	19:05:00	1.10066	1.10070	1.10064	1.10068	137	0	11
2024.03.14	19:06:00	1.10068	1.10078	1.10058	1.10074	32	0	11
2024.03.14	19:07:00	1.10074	1.10079	1.10073	1.10075	87	0	11
2024.03.14	19:08:00	1.10075	1.10096	1.10069	1.10092	146	0	9
2024.03.14	19:09:00	1.10092	1.10112	1.10092	1.10106	27	0	12
2024.03.14	19:10:00	1.10106	1.10120	1.10102	1.10116	45	0	10
2024.03.14	19:11:00	1.10116	1.10131	1.10114	1.10128	134	0	12
2024.03.14	19:12:00	1.10128	1.10136	1.10113	1.10121	8	0	12
2024.03.14	19:13:00	1.10121	1.10131	1.10121	1.10131	143	0	11
2024.03.14	19:14:00	1.10131	1.10151	1.10126	1.10141	123	0	11
2024.03.14	19:15:00	1.10141	1.10145	1.10136	1.10139	74	0	9
2024.03.14	19:16:00	1.10139	1.10162	1.10128	1.10155	158	0	10
2024.03.14	19:17:00	1.10155	1.10162	1.10153	1.10161	74	0	10
2024.03.14	19:18:00	1.10161	1.10164	1.10156	1.10156	151	0	8
2024.03.14	19:19:00	1.10156	1.10164	1.10152	1.10163	98	0	10
2024.03.14	19:20:00	1.10163	1.10190	1.10160	1.10177	55	0	8
2024.03.14	19:21:00	1.10177	1.10191	1.10164	1.10187	104	0	8
2024.03.14	19:22:00	1.10187	1.10208	1.10175	1.10205	48	0	11
2024.03.14	19:23:00	1.10205	1.10207	1.10201	1.10203	84	0	8
2024.03.14	19:24:00	1.10203	1.10205	1.10188	1.10197	156	0	11
2024.03.14	19:25:00	1.10197	1.10204	1.10168	1.10172	101	0	12
2024.03.14	19:26:00	1.10172	1.10175	1.10160	1.10162	106	0	10
2024.03.14	19:27:00	1.10162	1.10170	1.10152	1.10154	166	0	8
2024.03.14	19:28:00	1.10154	1.10164	1.10144	1.10160	118	0	11
2024.03.14	19:29:00	1.10160	1.10163	1.10148	1.10158	65	0	10
2024.03.14	19:30:00	1.10158	1.10163	1.10154	1.10157	58	0	12
2024.03.14	19:31:00	1.10157	1.10170	1.10146	1.10150	125	0	10
2024.03.14	19:32:00	1.10150	1.10159	1.10145	1.10151	136	0	10
2024.03.14	19:33:00	1.10151	1.10163	1.10142	1.10161	139	0	10
2024.03.14	19:34:00	1.10161	1.10172	1.10160	1.10170	40	0	10
2024.03.14	19:35:00	1.10170	1.10179	1.10139	1.10152	114	0	11
2024.03.14	19:36:00	1.10152	1.10157	1.10140	1.10143	34	0	8
2024.03.14	19:37:00	1.10143	1.10173	1.10136	1.10170	173	0	11
2024.03.14	19:38:00	1.10170	1.10189	1.10159	1.10179	180	0	8
2024.03.14	19:39:00	1.10179	1.10185	1.10171	1.10175	84	0	8
2024.03.14	19:40:00	1.10175	1.10177	1.10163	1.10164	142	0	10
2024.03.14	19:41:00	1.10164	1.10171	1.10154	1.10167	113	0	8
2024.03.14	19:42:00	1.10167	1.10185	1.10166	1.10173	76	0	9
2024.03.14	19:43:00	1.10173	1.10186	1.10170	1.10179	115	0	11
2024.03.14	19:44:00	1.10179	1.10205	1.10173	1.10197	93	0	11
2024.03.14	19:45:00	1.10197	1.10206	1.10197	1.10205	79	0	10
2024.03.14	19:46:00	1.10205	1.10235	1.10200	1.10222	44	0	9
2024.03.14	19:47:00	1.10222	1.10233	1.10218	1.10226	154	0	12
2024.03.14	19:48:00	1.10226	1.10233	1.10219	1.10220	38	0	12
2024.03.14	19:49:00	1.10220	1.10221	1.10214	1.10217	23	0	11
2024.03.14	19:50:00	1.10217	1.10225	1.10208	1.10213	138	0	11
2024.03.14	19:51:00	1.10213	1.10221	1.10209	1.10219	17	0	8
2024.03.14	19:52:00	1.10219	1.10223	1.10206	1.10214	8	0	9
2024.03.14	19:53:00	1.10214	1.10222	1.10213	1.10216	125	0	11
2024.03.14	19:54:00	1.10216	1.10239	1.10209	1.10235	141	0	10
2024.03.14	19:55:00	1.10235	1.10242	1.10234	1.10241	162	0	9
2024.03.14	19:56:00	1.10241	1.10249	1.10228	1.10246	30	0	8
2024.03.14	19:57:00	1.10246	1.10246	1.10233	1.10237	34	0	10
2024.03.14	19:58:00	1.10237	1.10259	1.10236	1.10251	96	0	8
2024.03.14	19:59:00	1.10251	1.10258	1.10243	1.10246	171	0	9
2024.03.14	20:00:00	1.10246	1.10263	1.10242	1.10261	147	0	12
2024.03.14	20:01:00	1.10261	1.10276	1.10260	1.10275	41	0	11
2024.03.14	20:02:00	1.10275	1.10284	1.10271	1.10279	153	0	10
2024.03.14	20:03:00	1.10279	1.10294	1.10273	1.10291	122	0	8
2024.03.14	20:04:00	1.10291	1.10294	1.10279	1.10288	162	0	9
2024.03.14	20:05:00	1.10288	1.10309	1.10285	1.10297	52	0	11
2024.03.14	20:06:00	1.10297	1.10298	1.10283	1.10284	14	0	12
2024.03.14	20:07:00	1.10284	1.10289	1.10282	1.10287	84	0	11
2024.03.14	20:08:00	1.10287	1.10293	1.10273	1.10281	171	0	9
2024.03.14	20:09:00	1.10281	1.10291	1.10262	1.10267	85	0	11
2024.03.14	20:10:00	1.10267	1.10270	1.10259	1.10260	145	0	8
2024.03.14	20:11:00	1.10260	1.10269	1.10254	1.10262	39	0	10
2024.03.14	20:12:00	1.10262	1.10268	1.10256	1.10260	137	0	9
2024.03.14	20:13:00	1.10260	1.10260	1.10249	1.10255	9	0	9
2024.03.14	20:14:00	1.10255	1.10276	1.10250	1.10270	77	0	9
2024.03.14	20:15:00	1.10270	1.10288	1.10268	1.10278	105	0	10
2024.03.14	20:16:00	1.10278	1.10298	1.10277	1.10297	56	0	11
2024.03.14	20:17:00	1.10297	1.10325	1.10288	1.10325	104	0	10
2024.03.14	20:18:00	1.10325	1.10328	1.10317	1.10318	104	0	8
2024.03.14	20:19:00	1.10318	1.10331	1.10316	1.10325	105	0	10
2024.03.14	20:20:00	1.10325	1.10327	1.10316	1.10323	173	0	10
2024.03.14	20:21:00	1.10323	1.10348	1.10315	1.10339	165	0	10
2024.03.14	20:22:00	1.10339	1.10349	1.10331	1.10348	75	0	12
2024.03.14	20:23:00	1.10348	1.10370	1.10345	1.10357	48	0	8
2024.03.14	20:24:00	1.10357	1.10383	1.10355	1.10379	49	0	11
2024.03.14	20:25:00	1.10379	1.10379	1.10372	1.10378	151	0	10
2024.03.14	20:26:00	1.10378	1.10378	1.10369	1.10372	87	0	10
2024.03.14	20:27:00	1.10372	1.10374	1.10350	1.10354	68	0	9
2024.03.14	20:28:00	1.10354	1.10364	1.10348	1.10356	71	0	10
2024.03.14	20:29:00	1.10356	1.10366	1.10341	1.10365	47	0	10
2024.03.14	20:30:00	1.10365	1.10371	1.10344	1.10345	162	0	12
2024.03.14	20:31:00	1.10345	1.10352	1.10336	1.10339	89	0	10
2024.03.14	20:32:00	1.10339	1.10353	1.10333	1.10344	109	0	10
2024.03.14	20:33:00	1.10344	1.10349	1.10344	1.10347	82	0	10
2024.03.14	20:34:00	1.10347	1.10357	1.10341	1.10357	60	0	8
2024.03.14	20:35:00	1.10357	1.10375	1.10349	1.10361	104	0	12
2024.03.14	20:36:00	1.10361	1.10371	1.10354	1.10363	75	0	12
2024.03.14	20:37:00	1.10363	1.10366	1.10359	1.10360	15	0	9
2024.03.14	20:38:00	1.10360	1.10365	1.10350	1.10354	139	0	10
2024.03.14	20:39:00	1.10354	1.10364	1.10335	1.10339	83	0	10
2024.03.14	20:40:00	1.10339	1.10351	1.10330	1.10338	57	0	12
2024.03.14	20:41:00	1.10338	1.10342	1.10317	1.10327	112	0	9
2024.03.14	20:42:00	1.10327	1.10327	1.10304	1.10306	118	0	11
2024.03.14	20:43:00	1.10306	1.10307	1.10294	1.10296	90	0	9
2024.03.14	20:44:00	1.10296	1.10305	1.10285	1.10301	16	0	11
2024.03.14	20:45:00	1.10301	1.10305	1.10280	1.10288	72	0	10
2024.03.14	20:46:00	1.10288	1.10301	1.10287	1.10295	126	0	11
2024.03.14	20:47:00	1.10295	1.10303	1.10282	1.10285	121	0	12
2024.03.14	20:48:00	1.10285	1.10302	1.10284	1.10296	113	0	8
2024.03.14	20:49:00	1.10296	1.10298	1.10282	1.10286	20	0	12
2024.03.14	20:50:00	1.10286	1.10287	1.10278	1.10279	123	0	8
2024.03.14	20:51:00	1.10279	1.10280	1.10236	1.10249	22	0	9
2024.03.14	20:52:00	1.10249	1.10259	1.10245	1.10252	150	0	10
2024.03.14	20:53:00	1.10252	1.10261	1.10246	1.10257	21	0	11
2024.03.14	20:54:00	1.10257	1.10268	1.10257	1.10265	45	0	10
2024.03.14	20:55:00	1.10265	1.10284	1.10261	1.10275	141	0	9
2024.03.14	20:56:00	1.10275	1.10281	1.10262	1.10272	176	0	10
2024.03.14	20:57:00	1.10272	1.10289	1.10266	1.10275	73	0	9
2024.03.14	20:58:00	1.10275	1.10276	1.10266	1.10268	120	0	10
2024.03.14	20:59:00	1.10268	1.10276	1.10267	1.10271	67	0	9
2024.03.14	21:00:00	1.10271	1.10273	1.10250	1.10255	111	0	12
2024.03.14	21:01:00	1.10255	1.10260	1.10234	1.10239	171	0	10
2024.03.14	21:02:00	1.10239	1.10248	1.10225	1.10228	115	0	10
2024.03.14	21:03:00	1.10228	1.10238	1.10223	1.10230	113	0	10
2024.03.14	21:04:00	1.10230	1.10230	1.10227	1.10229	123	0	12
2024.03.14	21:05:00	1.10229	1.10233	1.10210	1.10214	73	0	10
2024.03.14	21:06:00	1.10214	1.10220	1.10203	1.10205	126	0	9
2024.03.14	21:07:00	1.10205	1.10234	1.10204	1.10229	120	0	10
2024.03.14	21:08:00	1.10229	1.10257	1.10226	1.10242	73	0	12
2024.03.14	21:09:00	1.10242	1.10261	1.10241	1.10256	157	0	10
2024.03.14	21:10:00	1.10256	1.10258	1.10249	1.10253	97	0	12
2024.03.14	21:11:00	1.10253	1.10255	1.10232	1.10242	82	0	8
2024.03.14	21:12:00	1.10242	1.10245	1.10220	1.10226	8	0	8
2024.03.14	21:13:00	1.10226	1.10241	1.10213	1.10217	106	0	12
2024.03.14	21:14:00	1.10217	1.10229	1.10210	1.10223	35	0	8
2024.03.14	21:15:00	1.10223	1.10225	1.10208	1.10209	142	0	10
2024.03.14	21:16:00	1.10209	1.10224	1.10205	1.10216	85	0	9
2024.03.14	21:17:00	1.10216	1.10241	1.10214	1.10226	45	0	10
2024.03.14	21:18:00	1.10226	1.10229	1.10216	1.10222	18	0	10
2024.03.14	21:19:00	1.10222	1.10232	1.10214	1.10231	70	0	11
2024.03.14	21:20:00	1.10231	1.10232	1.10209	1.10222	145	0	10
2024.03.14	21:21:00	1.10222	1.10234	1.10222	1.10232	152	0	8
2024.03.14	21:22:00	1.10232	1.10248	1.10225	1.10248	77	0	10
2024.03.14	21:23:00	1.10248	1.10251	1.10238	1.10241	139	0	9
2024.03.14	21:24:00	1.10241	1.10247	1.10230	1.10233	164	0	10
2024.03.14	21:25:00	1.10233	1.10242	1.10232	1.10242	138	0	9
2024.03.14	21:26:00	1.10242	1.10261	1.10236	1.10250	121	0	10
2024.03.14	21:27:00	1.10250	1.10250	1.10216	1.10218	89	0	9
2024.03.14	21:28:00	1.10218	1.10234	1.10213	1.10230	109	0	12
2024.03.14	21:29:00	1.10230	1.10238	1.10215	1.10218	164	0	12
2024.03.14	21:30:00	1.10218	1.10222	1.10213	1.10220	9	0	12
2024.03.14	21:31:00	1.10220	1.10223	1.10213	1.10218	13	0	10
2024.03.14	21:32:00	1.10218	1.10243	1.10207	1.10238	95	0	9
2024.03.14	21:33:00	1.10238	1.10238	1.10224	1.10226	37	0	10
2024.03.14	21:34:00	1.10226	1.10239	1.10221	1.10233	143	0	9
2024.03.14	21:35:00	1.10233	1.10234	1.10218	1.10220	86	0	9
2024.03.14	21:36:00	1.10220	1.10229	1.10217	1.10222	102	0	8
2024.03.14	21:37:00	1.10222	1.10246	1.10222	1.10244	172	0	10
2024.03.14	21:38:00	1.10244	1.10246	1.10226	1.10229	77	0	10
2024.03.14	21:39:00	1.10229	1.10237	1.10227	1.10230	121	0	10
2024.03.14	21:40:00	1.10230	1.10245	1.10222	1.10241	157	0	8
2024.03.14	21:41:00	1.10241	1.10243	1.10230	1.10235	15	0	8
2024.03.14	21:42:00	1.10235	1.10240	1.10226	1.10228	180	0	11
2024.03.14	21:43:00	1.10228	1.10240	1.10222	1.10232	180	0	9
2024.03.14	21:44:00	1.10232	1.10237	1.10213	1.10224	77	0	10
2024.03.14	21:45:00	1.10224	1.10228	1.10207	1.10211	87	0	9
2024.03.14	21:46:00	1.10211	1.10226	1.10210	1.10222	47	0	11
2024.03.14	21:47:00	1.10222	1.10224	1.10202	1.10211	23	0	10
2024.03.14	21:48:00	1.10211	1.10222	1.10209	1.10215	160	0	9
2024.03.14	21:49:00	1.10215	1.10218	1.10198	1.10202	139	0	10
2024.03.14	21:50:00	1.10202	1.10207	1.10201	1.10205	127	0	11
2024.03.14	21:51:00	1.10205	1.10219	1.10196	1.10215	93	0	10
2024.03.14	21:52:00	1.10215	1.10235	1.10211	1.10232	169	0	9
2024.03.14	21:53:00	1.10232	1.10247	1.10222	1.10238	180	0	10
2024.03.14	21:54:00	1.10238	1.10238	1.10227	1.10232	133	0	8
2024.03.14	21:55:00	1.10232	1.10254	1.10228	1.10253	97	0	11
2024.03.14	21:56:00	1.10253	1.10264	1.10247	1.10259	9	0	11
2024.03.14	21:57:00	1.10259	1.10259	1.10250	1.10250	172	0	10
2024.03.14	21:58:00	1.10250	1.10253	1.10244	1.10250	64	0	12
2024.03.14	21:59:00	1.10250	1.10265	1.10235	1.10261	167	0	9
2024.03.14	23:00:00	1.10261	1.10285	1.10245	1.10277	65	0	12
2024.03.14	23:01:00	1.10277	1.10283	1.10261	1.10268	34	0	12
2024.03.14	23:02:00	1.10268	1.10277	1.10261	1.10275	141	0	12
2024.03.14	23:03:00	1.10275	1.10300	1.10270	1.10286	114	0	8
2024.03.14	23:04:00	1.10286	1.10291	1.10275	1.10277	133	0	11
2024.03.14	23:05:00	1.10277	1.10293	1.10274	1.10290	119	0	9
2024.03.14	23:06:00	1.10290	1.10324	1.10284	1.10314	139	0	8
2024.03.14	23:07:00	1.10314	1.10330	1.10309	1.10329	17	0	8
2024.03.14	23:08:00	1.10329	1.10329	1.10286	1.10298	37	0	10
2024.03.14	23:09:00	1.10298	1.10303	1.10285	1.10290	139	0	9
2024.03.14	23:10:00	1.10290	1.10298	1.10290	1.10294	11	0	8
2024.03.14	23:11:00	1.10294	1.10301	1.10277	1.10282	73	0	12
2024.03.14	23:12:00	1.10282	1.10289	1.10268	1.10274	23	0	12
2024.03.14	23:13:00	1.10274	1.10281	1.10271	1.10272	36	0	9
2024.03.14	23:14:00	1.10272	1.10274	1.10266	1.10270	120	0	12
2024.03.14	23:15:00	1.10270	1.10270	1.10252	1.10257	47	0	10
2024.03.14	23:16:00	1.10257	1.10258	1.10253	1.10257	70	0	11
2024.03.14	23:17:00	1.10257	1.10258	1.10250	1.10252	77	0	12
2024.03.14	23:18:00	1.10252	1.10255	1.10251	1.10253	146	0	10
2024.03.14	23:19:00	1.10253	1.10264	1.10237	1.10257	59	0	11
2024.03.14	23:20:00	1.10257	1.10265	1.10250	1.10256	48	0	10
2024.03.14	23:21:00	1.10256	1.10273	1.10241	1.10270	76	0	10
2024.03.14	23:22:00	1.10270	1.10274	1.10254	1.10256	30	0	12
2024.03.14	23:23:00	1.10256	1.10260	1.10246	1.10253	89	0	10
2024.03.14	23:24:00	1.10253	1.10275	1.10252	1.10260	12	0	11
2024.03.14	23:25:00	1.10260	1.10271	1.10243	1.10245	101	0	12
2024.03.14	23:26:00	1.10245	1.10257	1.10245	1.10251	102	0	10
2024.03.14	23:27:00	1.10251	1.10258	1.10246	1.10246	39	0	11
2024.03.14	23:28:00	1.10246	1.10257	1.10240	1.10252	156	0	8
2024.03.14	23:29:00	1.10252	1.10264	1.10248	1.10259	118	0	8
2024.03.14	23:30:00	1.10259	1.10263	1.10251	1.10256	76	0	10
2024.03.14	23:31:00	1.10256	1.10274	1.10251	1.10271	50	0	9
2024.03.14	23:32:00	1.10271	1.10272	1.10265	1.10271	165	0	12
2024.03.14	23:33:00	1.10271	1.10278	1.10271	1.10275	156	0	10
2024.03.14	23:34:00	1.10275	1.10277	1.10259	1.10262	15	0	9
2024.03.14	23:35:00	1.10262	1.10265	1.10252	1.10262	57	0	9
2024.03.14	23:36:00	1.10262	1.10276	1.10258	1.10275	26	0	10
2024.03.14	23:37:00	1.10275	1.10305	1.10273	1.10303	53	0	10
2024.03.14	23:38:00	1.10303	1.10319	1.10300	1.10317	97	0	12
2024.03.14	23:39:00	1.10317	1.10318	1.10304	1.10307	178	0	8
2024.03.14	23:40:00	1.10307	1.10318	1.10299	1.10310	21	0	12
2024.03.14	23:41:00	1.10310	1.10333	1.10304	1.10330	73	0	9
2024.03.14	23:42:00	1.10330	1.10331	1.10319	1.10323	103	0	10
2024.03.14	23:43:00	1.10323	1.10329	1.10306	1.10314	88	0	10
2024.03.14	23:44:00	1.10314	1.10325	1.10298	1.10302	157	0	9
2024.03.14	23:45:00	1.10302	1.10329	1.10296	1.10314	98	0	11
2024.03.14	23:46:00	1.10314	1.10333	1.10313	1.10328	9	0	11
2024.03.14	23:47:00	1.10328	1.10331	1.10317	1.10318	99	0	10
2024.03.14	23:48:00	1.10318	1.10320	1.10281	1.10283	156	0	8
2024.03.14	23:49:00	1.10283	1.10296	1.10266	1.10287	44	0	10
2024.03.14	23:50:00	1.10287	1.10302	1.10285	1.10297	153	0	10
2024.03.14	23:51:00	1.10297	1.10303	1.10292	1.10301	11	0	10
2024.03.14	23:52:00	1.10301	1.10305	1.10289	1.10296	105	0	10
2024.03.14	23:53:00	1.10296	1.10315	1.10290	1.10310	33	0	9
2024.03.14	23:54:00	1.10310	1.10312	1.10286	1.10292	8	0	9
2024.03.14	23:55:00	1.10292	1.10305	1.10291	1.10302	49	0	9
2024.03.14	23:56:00	1.10302	1.10307	1.10287	1.10287	77	0	8
2024.03.14	23:57:00	1.10287	1.10313	1.10282	1.10308	157	0	10
2024.03.14	23:58:00	1.10308	1.10316	1.10287	1.10297	143	0	10
2024.03.14	23:59:00	1.10297	1.10305	1.10297	1.10305	91	0	8
2024.03.15	00:00:00	1.10305	1.10321	1.10299	1.10309	91	0	10
2024.03.15	00:01:00	1.10309	1.10312	1.10299	1.10303	90	0	12
2024.03.15	00:02:00	1.10303	1.10318	1.10301	1.10314	90	0	10
2024.03.15	00:03:00	1.10314	1.10321	1.10305	1.10308	148	0	8
2024.03.15	00:04:00	1.10308	1.10312	1.10301	1.10309	167	0	10
2024.03.15	00:05:00	1.10309	1.10328	1.10308	1.10327	177	0	10
2024.03.15	00:06:00	1.10327	1.10353	1.10325	1.10343	141	0	12
2024.03.15	00:07:00	1.10343	1.10349	1.10332	1.10338	161	0	10
2024.03.15	00:08:00	1.10338	1.10340	1.10326	1.10327	156	0	12
2024.03.15	00:09:00	1.10327	1.10334	1.10305	1.10315	97	0	11
2024.03.15	00:10:00	1.10315	1.10338	1.10315	1.10329	106	0	10
2024.03.15	00:11:00	1.10329	1.10337	1.10327	1.10331	158	0	10
2024.03.15	00:12:00	1.10331	1.10338	1.10292	1.10302	130	0	11
2024.03.15	00:13:00	1.10302	1.10303	1.10292	1.10298	148	0	11
2024.03.15	00:14:00	1.10298	1.10305	1.10290	1.10305	130	0	8
2024.03.15	00:15:00	1.10305	1.10307	1.10284	1.10288	53	0	8
2024.03.15	00:16:00	1.10288	1.10299	1.10269	1.10278	134	0	8
2024.03.15	00:17:00	1.10278	1.10292	1.10268	1.10278	37	0	9
2024.03.15	00:18:00	1.10278	1.10294	1.10276	1.10290	107	0	9
2024.03.15	00:19:00	1.10290	1.10300	1.10286	1.10299	95	0	10
2024.03.15	00:20:00	1.10299	1.10305	1.10297	1.10303	141	0	12
2024.03.15	00:21:00	1.10303	1.10329	1.10301	1.10329	82	0	10
2024.03.15	00:22:00	1.10329	1.10345	1.10320	1.10333	106	0	10
2024.03.15	00:23:00	1.10333	1.10354	1.10331	1.10348	138	0	10
2024.03.15	00:24:00	1.10348	1.10352	1.10347	1.10351	12	0	10
2024.03.15	00:25:00	1.10351	1.10359	1.10346	1.10346	21	0	10
2024.03.15	00:26:00	1.10346	1.10361	1.10341	1.10354	161	0	10
2024.03.15	00:27:00	1.10354	1.10355	1.10331	1.10335	79	0	10
2024.03.15	00:28:00	1.10335	1.10339	1.10328	1.10337	80	0	10
2024.03.15	00:29:00	1.10337	1.10342	1.10331	1.10337	147	0	9
2024.03.15	00:30:00	1.10337	1.10345	1.10325	1.10335	154	0	8
2024.03.15	00:31:00	1.10335	1.10336	1.10329	1.10329	157	0	12
2024.03.15	00:32:00	1.10329	1.10344	1.10317	1.10344	68	0	12
2024.03.15	00:33:00	1.10344	1.10354	1.10338	1.10347	156	0	10
2024.03.15	00:34:00	1.10347	1.10354	1.10321	1.10324	136	0	10
2024.03.15	00:35:00	1.10324	1.10326	1.10323	1.10325	113	0	12
2024.03.15	00:36:00	1.10325	1.10330	1.10318	1.10329	94	0	10
2024.03.15	00:37:00	1.10329	1.10349	1.10323	1.10346	149	0	11
2024.03.15	00:38:00	1.10346	1.10361	1.10344	1.10351	120	0	11
2024.03.15	00:39:00	1.10351	1.10359	1.10340	1.10357	24	0	11
2024.03.15	00:40:00	1.10357	1.10370	1.10349	1.10366	71	0	10
2024.03.15	00:41:00	1.10366	1.10375	1.10342	1.10349	134	0	8
2024.03.15	00:42:00	1.10349	1.10357	1.10324	1.10326	123	0	9
2024.03.15	00:43:00	1.10326	1.10345	1.10318	1.10334	178	0	8
2024.03.15	00:44:00	1.10334	1.10351	1.10328	1.10344	60	0	9
2024.03.15	00:45:00	1.10344	1.10348	1.10339	1.10343	126	0	10
2024.03.15	00:46:00	1.10343	1.10343	1.10324	1.10331	167	0	10
2024.03.15	00:47:00	1.10331	1.10337	1.10317	1.10317	13	0	9
2024.03.15	00:48:00	1.10317	1.10332	1.10315	1.10327	138	0	12
2024.03.15	00:49:00	1.10327	1.10345	1.10325	1.10329	159	0	10
2024.03.15	00:50:00	1.10329	1.10331	1.10322	1.10325	109	0	10
2024.03.15	00:51:00	1.10325	1.10336	1.10325	1.10336	101	0	10
2024.03.15	00:52:00	1.10336	1.10371	1.10335	1.10364	11	0	12
2024.03.15	00:53:00	1.10364	1.10388	1.10362	1.10379	35	0	11
2024.03.15	00:54:00	1.10379	1.10388	1.10356	1.10357	100	0	12
2024.03.15	00:55:00	1.10357	1.10367	1.10334	1.10337	164	0	8
2024.03.15	00:56:00	1.10337	1.10358	1.10332	1.10353	59	0	12
2024.03.15	00:57:00	1.10353	1.10359	1.10342	1.10357	39	0	9
2024.03.15	00:58:00	1.10357	1.10359	1.10337	1.10352	14	0	11
2024.03.15	00:59:00	1.10352	1.10365	1.10338	1.10359	85	0	10
2024.03.15	01:00:00	1.10359	1.10361	1.10356	1.10359	50	0	11
2024.03.15	01:01:00	1.10359	1.10363	1.10357	1.10361	94	0	11
2024.03.15	01:02:00	1.10361	1.10363	1.10349	1.10352	24	0	11
2024.03.15	01:03:00	1.10352	1.10360	1.10351	1.10357	168	0	9
2024.03.15	01:04:00	1.10357	1.10376	1.10356	1.10373	105	0	12
2024.03.15	01:05:00	1.10373	1.10384	1.10366	1.10372	36	0	11
2024.03.15	01:06:00	1.10372	1.10386	1.10367	1.10372	132	0	10
2024.03.15	01:07:00	1.10372	1.10376	1.10357	1.10360	109	0	8
2024.03.15	01:08:00	1.10360	1.10364	1.10355	1.10359	149	0	12
2024.03.15	01:09:00	1.10359	1.10366	1.10324	1.10337	29	0	12
2024.03.15	01:10:00	1.10337	1.10347	1.10329	1.10333	143	0	9
2024.03.15	01:11:00	1.10333	1.10344	1.10329	1.10340	37	0	10
2024.03.15	01:12:00	1.10340	1.10343	1.10323	1.10326	24	0	11
2024.03.15	01:13:00	1.10326	1.10342	1.10318	1.10332	120	0	12
2024.03.15	01:14:00	1.10332	1.10349	1.10326	1.10343	10	0	12
2024.03.15	01:15:00	1.10343	1.10348	1.10333	1.10333	50	0	12
2024.03.15	01:16:00	1.10333	1.10356	1.10326	1.10353	163	0	12
2024.03.15	01:17:00	1.10353	1.10359	1.10347	1.10348	53	0	8
2024.03.15	01:18:00	1.10348	1.10355	1.10326	1.10336	46	0	10
2024.03.15	01:19:00	1.10336	1.10350	1.10335	1.10343	150	0	11
2024.03.15	01:20:00	1.10343	1.10359	1.10337	1.10355	54	0	10
2024.03.15	01:21:00	1.10355	1.10377	1.10352	1.10371	106	0	8
2024.03.15	01:22:00	1.10371	1.10382	1.10360	1.10361	165	0	11
2024.03.15	01:23:00	1.10361	1.10361	1.10344	1.10349	18	0	9
2024.03.15	01:24:00	1.10349	1.10357	1.10324	1.10335	120	0	10
2024.03.15	01:25:00	1.10335	1.10341	1.10329	1.10336	43	0	9
2024.03.15	01:26:00	1.10336	1.10340	1.10327	1.10331	134	0	8
2024.03.15	01:27:00	1.10331	1.10332	1.10292	1.10298	46	0	10
2024.03.15	01:28:00	1.10298	1.10309	1.10284	1.10299	97	0	11
2024.03.15	01:29:00	1.10299	1.10305	1.10298	1.10303	24	0	8
2024.03.15	01:30:00	1.10303	1.10309	1.10289	1.10291	179	0	8
2024.03.15	01:31:00	1.10291	1.10309	1.10284	1.10307	82	0	8
2024.03.15	01:32:00	1.10307	1.10320	1.10292	1.10301	88	0	12
2024.03.15	01:33:00	1.10301	1.10307	1.10296	1.10301	154	0	9
2024.03.15	01:34:00	1.10301	1.10313	1.10295	1.10307	37	0	9
2024.03.15	01:35:00	1.10307	1.10314	1.10298	1.10314	179	0	10
2024.03.15	01:36:00	1.10314	1.10321	1.10298	1.10302	179	0	8
2024.03.15	01:37:00	1.10302	1.10307	1.10297	1.10301	106	0	8
2024.03.15	01:38:00	1.10301	1.10305	1.10283	1.10289	80	0	8
2024.03.15	01:39:00	1.10289	1.10307	1.10288	1.10306	112	0	11
2024.03.15	01:40:00	1.10306	1.10327	1.10300	1.10325	144	0	10
2024.03.15	01:41:00	1.10325	1.10335	1.10320	1.10333	28	0	10
2024.03.15	01:42:00	1.10333	1.10345	1.10320	1.10321	46	0	10
2024.03.15	01:43:00	1.10321	1.10323	1.10318	1.10319	112	0	10
2024.03.15	01:44:00	1.10319	1.10329	1.10317	1.10327	63	0	9
2024.03.15	01:45:00	1.10327	1.10340	1.10313	1.10330	41	0	8
2024.03.15	01:46:00	1.10330	1.10337	1.10327	1.10330	141	0	8
2024.03.15	01:47:00	1.10330	1.10338	1.10323	1.10332	96	0	11
2024.03.15	01:48:00	1.10332	1.10339	1.10327	1.10328	79	0	8
2024.03.15	01:49:00	1.10328	1.10348	1.10317	1.10343	87	0	12
2024.03.15	01:50:00	1.10343	1.10353	1.10339	1.10346	68	0	10
2024.03.15	01:51:00	1.10346	1.10352	1.10344	1.10348	9	0	12
2024.03.15	01:52:00	1.10348	1.10366	1.10339	1.10365	178	0	10
2024.03.15	01:53:00	1.10365	1.10378	1.10350	1.10357	46	0	10
2024.03.15	01:54:00	1.10357	1.10359	1.10349	1.10351	153	0	9
2024.03.15	01:55:00	1.10351	1.10365	1.10343	1.10363	133	0	8
2024.03.15	01:56:00	1.10363	1.10371	1.10359	1.10369	30	0	8
2024.03.15	01:57:00	1.10369	1.10381	1.10354	1.10357	89	0	8
2024.03.15	01:58:00	1.10357	1.10383	1.10340	1.10382	21	0	12
2024.03.15	01:59:00	1.10382	1.10392	1.10362	1.10366	158	0	10
2024.03.15	02:00:00	1.10366	1.10377	1.10363	1.10371	25	0	8
2024.03.15	02:01:00	1.10371	1.10395	1.10367	1.10386	108	0	12
2024.03.15	02:02:00	1.10386	1.10391	1.10382	1.10383	149	0	10
2024.03.15	02:03:00	1.10383	1.10386	1.10380	1.10382	128	0	9
2024.03.15	02:04:00	1.10382	1.10398	1.10375	1.10394	13	0	9
2024.03.15	02:05:00	1.10394	1.10397	1.10390	1.10394	124	0	10
2024.03.15	02:06:00	1.10394	1.10402	1.10391	1.10398	15	0	11
2024.03.15	02:07:00	1.10398	1.10409	1.10357	1.10368	38	0	9
2024.03.15	02:08:00	1.10368	1.10368	1.10352	1.10352	154	0	12
2024.03.15	02:09:00	1.10352	1.10356	1.10338	1.10344	153	0	10
2024.03.15	02:10:00	1.10344	1.10354	1.10330	1.10338	92	0	10
2024.03.15	02:11:00	1.10338	1.10347	1.10334	1.10345	164	0	11
2024.03.15	02:12:00	1.10345	1.10349	1.10339	1.10340	81	0	10
2024.03.15	02:13:00	1.10340	1.10344	1.10322	1.10324	138	0	10
2024.03.15	02:14:00	1.10324	1.10332	1.10310	1.10316	36	0	8
2024.03.15	02:15:00	1.10316	1.10316	1.10303	1.10306	97	0	10
2024.03.15	02:16:00	1.10306	1.10317	1.10273	1.10289	83	0	9
2024.03.15	02:17:00	1.10289	1.10309	1.10287	1.10305	94	0	10
2024.03.15	02:18:00	1.10305	1.10324	1.10301	1.10321	146	0	8
2024.03.15	02:19:00	1.10321	1.10328	1.10315	1.10325	29	0	10
2024.03.15	02:20:00	1.10325	1.10339	1.10311	1.10336	79	0	10
2024.03.15	02:21:00	1.10336	1.10354	1.10322	1.10354	41	0	11
2024.03.15	02:22:00	1.10354	1.10358	1.10342	1.10347	81	0	10
2024.03.15	02:23:00	1.10347	1.10360	1.10331	1.10333	160	0	9
2024.03.15	02:24:00	1.10333	1.10338	1.10323	1.10329	157	0	11
2024.03.15	02:25:00	1.10329	1.10336	1.10308	1.10310	156	0	9
2024.03.15	02:26:00	1.10310	1.10340	1.10310	1.10335	18	0	11
2024.03.15	02:27:00	1.10335	1.10335	1.10312	1.10321	62	0	9
2024.03.15	02:28:00	1.10321	1.10323	1.10297	1.10299	171	0	8
2024.03.15	02:29:00	1.10299	1.10303	1.10284	1.10288	63	0	10
2024.03.15	02:30:00	1.10288	1.10288	1.10271	1.10287	37	0	10
2024.03.15	02:31:00	1.10287	1.10305	1.10278	1.10305	95	0	8
2024.03.15	02:32:00	1.10305	1.10306	1.10293	1.10299	16	0	10
2024.03.15	02:33:00	1.10299	1.10310	1.10298	1.10302	42	0	11
2024.03.15	02:34:00	1.10302	1.10306	1.10295	1.10298	168	0	8
2024.03.15	02:35:00	1.10298	1.10306	1.10295	1.10302	11	0	12
2024.03.15	02:36:00	1.10302	1.10320	1.10295	1.10312	121	0	8
2024.03.15	02:37:00	1.10312	1.10316	1.10304	1.10309	98	0	12
2024.03.15	02:38:00	1.10309	1.10309	1.10294	1.10296	101	0	10
2024.03.15	02:39:00	1.10296	1.10301	1.10279	1.10280	147	0	11
2024.03.15	02:40:00	1.10280	1.10289	1.10275	1.10280	110	0	12
2024.03.15	02:41:00	1.10280	1.10285	1.10276	1.10277	77	0	11
2024.03.15	02:42:00	1.10277	1.10313	1.10277	1.10307	63	0	11
2024.03.15	02:43:00	1.10307	1.10309	1.10301	1.10305	79	0	8
2024.03.15	02:44:00	1.10305	1.10313	1.10302	1.10313	144	0	11
2024.03.15	02:45:00	1.10313	1.10316	1.10309	1.10310	51	0	8
2024.03.15	02:46:00	1.10310	1.10331	1.10303	1.10329	159	0	10
2024.03.15	02:47:00	1.10329	1.10336	1.10304	1.10305	72	0	11
2024.03.15	02:48:00	1.10305	1.10306	1.10299	1.10301	28	0	12
2024.03.15	02:49:00	1.10301	1.10331	1.10294	1.10326	129	0	9
2024.03.15	02:50:00	1.10326	1.10333	1.10314	1.10317	27	0	10
2024.03.15	02:51:00	1.10317	1.10325	1.10310	1.10320	45	0	10
2024.03.15	02:52:00	1.10320	1.10323	1.10301	1.10310	24	0	8
2024.03.15	02:53:00	1.10310	1.10310	1.10296	1.10296	53	0	12
2024.03.15	02:54:00	1.10296	1.10303	1.10282	1.10285	24	0	10
2024.03.15	02:55:00	1.10285	1.10288	1.10259	1.10259	54	0	11
2024.03.15	02:56:00	1.10259	1.10279	1.10254	1.10275	176	0	12
2024.03.15	02:57:00	1.10275	1.10277	1.10271	1.10273	24	0	10
2024.03.15	02:58:00	1.10273	1.10296	1.10269	1.10293	113	0	12
2024.03.15	02:59:00	1.10293	1.10311	1.10288	1.10304	38	0	8
2024.03.15	03:00:00	1.10304	1.10315	1.10294	1.10310	175	0	10
2024.03.15	03:01:00	1.10310	1.10316	1.10290	1.10290	119	0	9
2024.03.15	03:02:00	1.10290	1.10316	1.10279	1.10315	124	0	10
2024.03.15	03:03:00	1.10315	1.10345	1.10311	1.10334	109	0	10
2024.03.15	03:04:00	1.10334	1.10335	1.10308	1.10322	13	0	11
2024.03.15	03:05:00	1.10322	1.10323	1.10311	1.10317	60	0	10
2024.03.15	03:06:00	1.10317	1.10329	1.10313	1.10328	30	0	9
2024.03.15	03:07:00	1.10328	1.10354	1.10326	1.10346	61	0	9
2024.03.15	03:08:00	1.10346	1.10352	1.10343	1.10344	91	0	10
2024.03.15	03:09:00	1.10344	1.10352	1.10340	1.10347	45	0	10
2024.03.15	03:10:00	1.10347	1.10386	1.10339	1.10370	45	0	8
2024.03.15	03:11:00	1.10370	1.10375	1.10368	1.10370	115	0	9
2024.03.15	03:12:00	1.10370	1.10371	1.10355	1.10361	179	0	9
2024.03.15	03:13:00	1.10361	1.10364	1.10333	1.10337	19	0	11
2024.03.15	03:14:00	1.10337	1.10338	1.10328	1.10331	136	0	12
2024.03.15	03:15:00	1.10331	1.10354	1.10326	1.10338	30	0	8
2024.03.15	03:16:00	1.10338	1.10338	1.10327	1.10329	64	0	10
2024.03.15	03:17:00	1.10329	1.10333	1.10322	1.10332	96	0	12
2024.03.15	03:18:00	1.10332	1.10354	1.10332	1.10345	101	0	10
2024.03.15	03:19:00	1.10345	1.10356	1.10340	1.10353	178	0	9
2024.03.15	03:20:00	1.10353	1.10379	1.10350	1.10376	41	0	11
2024.03.15	03:21:00	1.10376	1.10377	1.10367	1.10370	101	0	10
2024.03.15	03:22:00	1.10370	1.10378	1.10362	1.10368	65	0	10
2024.03.15	03:23:00	1.10368	1.10372	1.10351	1.10354	28	0	10
2024.03.15	03:24:00	1.10354	1.10363	1.10340	1.10348	118	0	8
2024.03.15	03:25:00	1.10348	1.10357	1.10344	1.10353	180	0	9
2024.03.15	03:26:00	1.10353	1.10356	1.10316	1.10320	72	0	8
2024.03.15	03:27:00	1.10320	1.10325	1.10315	1.10321	109	0	8
2024.03.15	03:28:00	1.10321	1.10321	1.10316	1.10319	19	0	10
2024.03.15	03:29:00	1.10319	1.10327	1.10290	1.10295	88	0	8
2024.03.15	03:30:00	1.10295	1.10299	1.10271	1.10274	74	0	10
2024.03.15	03:31:00	1.10274	1.10286	1.10267	1.10282	86	0	8
2024.03.15	03:32:00	1.10282	1.10295	1.10260	1.10260	61	0	9
2024.03.15	03:33:00	1.10260	1.10270	1.10248	1.10250	131	0	10
2024.03.15	03:34:00	1.10250	1.10252	1.10230	1.10240	44	0	9
2024.03.15	03:35:00	1.10240	1.10247	1.10235	1.10240	74	0	8
2024.03.15	03:36:00	1.10240	1.10243	1.10222	1.10234	12	0	11
2024.03.15	03:37:00	1.10234	1.10236	1.10227	1.10231	122	0	10
2024.03.15	03:38:00	1.10231	1.10250	1.10227	1.10240	128	0	10
2024.03.15	03:39:00	1.10240	1.10249	1.10234	1.10243	115	0	8
2024.03.15	03:40:00	1.10243	1.10247	1.10226	1.10234	51	0	11
2024.03.15	03:41:00	1.10234	1.10238	1.10218	1.10236	78	0	9
2024.03.15	03:42:00	1.10236	1.10241	1.10228	1.10234	148	0	10
2024.03.15	03:43:00	1.10234	1.10243	1.10219	1.10231	71	0	12
2024.03.15	03:44:00	1.10231	1.10234	1.10229	1.10233	168	0	10
2024.03.15	03:45:00	1.10233	1.10264	1.10228	1.10251	83	0	12
2024.03.15	03:46:00	1.10251	1.10259	1.10241	1.10245	119	0	11
2024.03.15	03:47:00	1.10245	1.10249	1.10241	1.10248	49	0	11
2024.03.15	03:48:00	1.10248	1.10260	1.10241	1.10252	38	0	10
2024.03.15	03:49:00	1.10252	1.10262	1.10234	1.10243	88	0	12
2024.03.15	03:50:00	1.10243	1.10259	1.10242	1.10253	154	0	10
2024.03.15	03:51:00	1.10253	1.10253	1.10245	1.10251	140	0	9
2024.03.15	03:52:00	1.10251	1.10267	1.10244	1.10266	61	0	11
2024.03.15	03:53:00	1.10266	1.10274	1.10260	1.10262	170	0	9
2024.03.15	03:54:00	1.10262	1.10272	1.10248	1.10254	116	0	10
2024.03.15	03:55:00	1.10254	1.10262	1.10252	1.10254	83	0	12
2024.03.15	03:56:00	1.10254	1.10258	1.10228	1.10239	99	0	8
2024.03.15	03:57:00	1.10239	1.10245	1.10212	1.10215	115	0	10
2024.03.15	03:58:00	1.10215	1.10224	1.10209	1.10218	16	0	11
2024.03.15	03:59:00	1.10218	1.10220	1.10193	1.10202	45	0	10
2024.03.15	04:00:00	1.10202	1.10215	1.10180	1.10194	69	0	9
2024.03.15	04:01:00	1.10194	1.10202	1.10191	1.10201	148	0	12
2024.03.15	04:02:00	1.10201	1.10203	1.10185	1.10186	86	0	8
2024.03.15	04:03:00	1.10186	1.10190	1.10181	1.10186	47	0	11
2024.03.15	04:04:00	1.10186	1.10186	1.10164	1.10170	91	0	12
2024.03.15	04:05:00	1.10170	1.10175	1.10165	1.10167	171	0	11
2024.03.15	04:06:00	1.10167	1.10189	1.10164	1.10179	15	0	12
2024.03.15	04:07:00	1.10179	1.10183	1.10170	1.10171	9	0	8
2024.03.15	04:08:00	1.10171	1.10184	1.10166	1.10178	124	0	10
2024.03.15	04:09:00	1.10178	1.10182	1.10171	1.10173	78	0	9
2024.03.15	04:10:00	1.10173	1.10175	1.10170	1.10170	87	0	8
2024.03.15	04:11:00	1.10170	1.10182	1.10167	1.10176	69	0	10
2024.03.15	04:12:00	1.10176	1.10182	1.10163	1.10165	171	0	11
2024.03.15	04:13:00	1.10165	1.10181	1.10164	1.10178	138	0	11
2024.03.15	04:14:00	1.10178	1.10180	1.10175	1.10176	15	0	10
2024.03.15	04:15:00	1.10176	1.10191	1.10171	1.10190	107	0	10
2024.03.15	04:16:00	1.10190	1.10197	1.10184	1.10192	135	0	9
2024.03.15	04:17:00	1.10192	1.10192	1.10180	1.10180	94	0	10
2024.03.15	04:18:00	1.10180	1.10194	1.10175	1.10186	134	0	9
2024.03.15	04:19:00	1.10186	1.10189	1.10184	1.10185	41	0	11
2024.03.15	04:20:00	1.10185	1.10199	1.10180	1.10198	128	0	10
2024.03.15	04:21:00	1.10198	1.10203	1.10164	1.10182	155	0	11
2024.03.15	04:22:00	1.10182	1.10187	1.10179	1.10182	38	0	8
2024.03.15	04:23:00	1.10182	1.10194	1.10175	1.10176	141	0	11
2024.03.15	04:24:00	1.10176	1.10189	1.10169	1.10182	10	0	11
2024.03.15	04:25:00	1.10182	1.10200	1.10172	1.10195	150	0	12
2024.03.15	04:26:00	1.10195	1.10201	1.10189	1.10200	78	0	9
2024.03.15	04:27:00	1.10200	1.10232	1.10194	1.10225	101	0	10
2024.03.15	04:28:00	1.10225	1.10237	1.10217	1.10224	161	0	10
2024.03.15	04:29:00	1.10224	1.10228	1.10223	1.10227	105	0	9
2024.03.15	04:30:00	1.10227	1.10231	1.10215	1.10218	107	0	9
2024.03.15	04:31:00	1.10218	1.10220	1.10192	1.10195	145	0	10
2024.03.15	04:32:00	1.10195	1.10209	1.10182	1.10203	121	0	10
2024.03.15	04:33:00	1.10203	1.10221	1.10198	1.10215	136	0	10
2024.03.15	04:34:00	1.10215	1.10216	1.10210	1.10210	93	0	9
2024.03.15	04:35:00	1.10210	1.10216	1.10200	1.10203	30	0	10
2024.03.15	04:36:00	1.10203	1.10213	1.10198	1.10210	135	0	10
2024.03.15	04:37:00	1.10210	1.10219	1.10209	1.10213	171	0	10
2024.03.15	04:38:00	1.10213	1.10241	1.10204	1.10232	134	0	9
2024.03.15	04:39:00	1.10232	1.10239	1.10224	1.10227	35	0	11
2024.03.15	04:40:00	1.10227	1.10232	1.10203	1.10208	47	0	10
2024.03.15	04:41:00	1.10208	1.10209	1.10200	1.10200	100	0	9
2024.03.15	04:42:00	1.10200	1.10206	1.10194	1.10194	77	0	12
2024.03.15	04:43:00	1.10194	1.10198	1.10168	1.10176	79	0	8
2024.03.15	04:44:00	1.10176	1.10191	1.10167	1.10189	66	0	10
2024.03.15	04:45:00	1.10189	1.10216	1.10189	1.10209	161	0	9
2024.03.15	04:46:00	1.10209	1.10230	1.10204	1.10226	78	0	8
2024.03.15	04:47:00	1.10226	1.10242	1.10212	1.10240	86	0	10
2024.03.15	04:48:00	1.10240	1.10241	1.10220	1.10224	40	0	8
2024.03.15	04:49:00	1.10224	1.10225	1.10215	1.10218	46	0	10
2024.03.15	04:50:00	1.10218	1.10227	1.10214	1.10221	81	0	8
2024.03.15	04:51:00	1.10221	1.10226	1.10219	1.10219	164	0	11
2024.03.15	04:52:00	1.10219	1.10220	1.10215	1.10216	72	0	12
2024.03.15	04:53:00	1.10216	1.10229	1.10206	1.10228	57	0	10
2024.03.15	04:54:00	1.10228	1.10249	1.10227	1.10229	74	0	11
2024.03.15	04:55:00	1.10229	1.10249	1.10226	1.10230	16	0	8
2024.03.15	04:56:00	1.10230	1.10251	1.10226	1.10250	84	0	12
2024.03.15	04:57:00	1.10250	1.10263	1.10246	1.10262	87	0	10
2024.03.15	04:58:00	1.10262	1.10264	1.10248	1.10253	29	0	12
2024.03.15	04:59:00	1.10253	1.10272	1.10247	1.10258	68	0	11
2024.03.15	05:00:00	1.10258	1.10262	1.10250	1.10252	137	0	10
2024.03.15	05:01:00	1.10252	1.10253	1.10228	1.10234	132	0	11
2024.03.15	05:02:00	1.10234	1.10238	1.10218	1.10223	176	0	12
2024.03.15	05:03:00	1.10223	1.10246	1.10214	1.10240	119	0	11
2024.03.15	05:04:00	1.10240	1.10246	1.10219	1.10233	85	0	10
2024.03.15	05:05:00	1.10233	1.10239	1.10215	1.10223	59	0	10
2024.03.15	05:06:00	1.10223	1.10225	1.10205	1.10209	160	0	8
2024.03.15	05:07:00	1.10209	1.10215	1.10200	1.10212	19	0	11
2024.03.15	05:08:00	1.10212	1.10217	1.10205	1.10216	177	0	8
2024.03.15	05:09:00	1.10216	1.10238	1.10210	1.10231	69	0	10
2024.03.15	05:10:00	1.10231	1.10260	1.10222	1.10249	77	0	9
2024.03.15	05:11:00	1.10249	1.10283	1.10246	1.10276	160	0	8
2024.03.15	05:12:00	1.10276	1.10278	1.10268	1.10271	96	0	10
2024.03.15	05:13:00	1.10271	1.10291	1.10270	1.10291	28	0	12
2024.03.15	05:14:00	1.10291	1.10294	1.10273	1.10277	41	0	12
2024.03.15	05:15:00	1.10277	1.10281	1.10275	1.10279	71	0	8
2024.03.15	05:16:00	1.10279	1.10284	1.10274	1.10280	56	0	11
2024.03.15	05:17:00	1.10280	1.10280	1.10266	1.10276	110	0	11
2024.03.15	05:18:00	1.10276	1.10279	1.10257	1.10257	148	0	12
2024.03.15	05:19:00	1.10257	1.10258	1.10245	1.10254	127	0	8
2024.03.15	05:20:00	1.10254	1.10276	1.10254	1.10268	127	0	10
2024.03.15	05:21:00	1.10268	1.10292	1.10264	1.10285	64	0	11
2024.03.15	05:22:00	1.10285	1.10302	1.10283	1.10300	54	0	8
2024.03.15	05:23:00	1.10300	1.10311	1.10290	1.10302	41	0	11
2024.03.15	05:24:00	1.10302	1.10316	1.10285	1.10306	90	0	12
2024.03.15	05:25:00	1.10306	1.10332	1.10305	1.10316	62	0	12
2024.03.15	05:26:00	1.10316	1.10332	1.10314	1.10326	150	0	8
2024.03.15	05:27:00	1.10326	1.10331	1.10315	1.10325	66	0	8
2024.03.15	05:28:00	1.10325	1.10331	1.10318	1.10331	19	0	11
2024.03.15	05:29:00	1.10331	1.10355	1.10331	1.10344	128	0	11
2024.03.15	05:30:00	1.10344	1.10349	1.10329	1.10338	91	0	9
2024.03.15	05:31:00	1.10338	1.10354	1.10335	1.10345	85	0	11
2024.03.15	05:32:00	1.10345	1.10361	1.10339	1.10352	178	0	8
2024.03.15	05:33:00	1.10352	1.10371	1.10348	1.10366	16	0	12
2024.03.15	05:34:00	1.10366	1.10373	1.10366	1.10371	113	0	10
2024.03.15	05:35:00	1.10371	1.10374	1.10361	1.10371	84	0	9
2024.03.15	05:36:00	1.10371	1.10382	1.10351	1.10354	132	0	10
2024.03.15	05:37:00	1.10354	1.10359	1.10330	1.10336	175	0	11
2024.03.15	05:38:00	1.10336	1.10340	1.10335	1.10340	65	0	12
2024.03.15	05:39:00	1.10340	1.10344	1.10331	1.10334	10	0	8
2024.03.15	05:40:00	1.10334	1.10345	1.10330	1.10331	46	0	12
2024.03.15	05:41:00	1.10331	1.10334	1.10325	1.10328	149	0	11
2024.03.15	05:42:00	1.10328	1.10337	1.10327	1.10335	61	0	11
2024.03.15	05:43:00	1.10335	1.10347	1.10323	1.10327	38	0	11
2024.03.15	05:44:00	1.10327	1.10347	1.10327	1.10342	93	0	10
2024.03.15	05:45:00	1.10342	1.10354	1.10332	1.10352	155	0	12
2024.03.15	05:46:00	1.10352	1.10366	1.10338	1.10363	83	0	11
2024.03.15	05:47:00	1.10363	1.10374	1.10356	1.10362	155	0	11
2024.03.15	05:48:00	1.10362	1.10389	1.10360	1.10382	170	0	12
2024.03.15	05:49:00	1.10382	1.10404	1.10378	1.10396	167	0	11
2024.03.15	05:50:00	1.10396	1.10403	1.10396	1.10402	85	0	11
2024.03.15	05:51:00	1.10402	1.10405	1.10402	1.10403	46	0	9
2024.03.15	05:52:00	1.10403	1.10417	1.10401	1.10410	120	0	9
2024.03.15	05:53:00	1.10410	1.10428	1.10406	1.10423	55	0	10
2024.03.15	05:54:00	1.10423	1.10433	1.10415	1.10416	109	0	10
2024.03.15	05:55:00	1.10416	1.10417	1.10399	1.10403	149	0	9
2024.03.15	05:56:00	1.10403	1.10405	1.10397	1.10403	99	0	12
2024.03.15	05:57:00	1.10403	1.10424	1.10399	1.10414	31	0	9
2024.03.15	05:58:00	1.10414	1.10418	1.10400	1.10402	152	0	11
2024.03.15	05:59:00	1.10402	1.10419	1.10399	1.10411	91	0	8
2024.03.15	06:00:00	1.10411	1.10411	1.10399	1.10406	32	0	10
2024.03.15	06:01:00	1.10406	1.10435	1.10404	1.10429	52	0	8
2024.03.15	06:02:00	1.10429	1.10443	1.10421	1.10431	104	0	12
2024.03.15	06:03:00	1.10431	1.10437	1.10408	1.10416	102	0	10
2024.03.15	06:04:00	1.10416	1.10416	1.10409	1.10416	138	0	9
2024.03.15	06:05:00	1.10416	1.10416	1.10382	1.10391	136	0	11
2024.03.15	06:06:00	1.10391	1.10391	1.10381	1.10389	14	0	12
2024.03.15	06:07:00	1.10389	1.10390	1.10375	1.10385	50	0	10
2024.03.15	06:08:00	1.10385	1.10394	1.10371	1.10374	16	0	12
2024.03.15	06:09:00	1.10374	1.10377	1.10348	1.10348	147	0	8
2024.03.15	06:10:00	1.10348	1.10348	1.10342	1.10347	9	0	10
2024.03.15	06:11:00	1.10347	1.10366	1.10345	1.10364	30	0	9
2024.03.15	06:12:00	1.10364	1.10368	1.10358	1.10358	130	0	12
2024.03.15	06:13:00	1.10358	1.10372	1.10355	1.10357	114	0	10
2024.03.15	06:14:00	1.10357	1.10366	1.10341	1.10361	153	0	9
2024.03.15	06:15:00	1.10361	1.10367	1.10358	1.10366	66	0	9
2024.03.15	06:16:00	1.10366	1.10379	1.10360	1.10369	21	0	8
2024.03.15	06:17:00	1.10369	1.10375	1.10342	1.10343	167	0	12
2024.03.15	06:18:00	1.10343	1.10345	1.10328	1.10334	148	0	8
2024.03.15	06:19:00	1.10334	1.10343	1.10308	1.10312	148	0	8
2024.03.15	06:20:00	1.10312	1.10314	1.10296	1.10306	142	0	10
2024.03.15	06:21:00	1.10306	1.10311	1.10288	1.10295	91	0	9
2024.03.15	06:22:00	1.10295	1.10300	1.10288	1.10294	143	0	8
2024.03.15	06:23:00	1.10294	1.10308	1.10291	1.10297	159	0	10
2024.03.15	06:24:00	1.10297	1.10300	1.10263	1.10267	139	0	10
2024.03.15	06:25:00	1.10267	1.10280	1.10266	1.10273	36	0	9
2024.03.15	06:26:00	1.10273	1.10276	1.10262	1.10268	90	0	10
2024.03.15	06:27:00	1.10268	1.10289	1.10265	1.10276	32	0	9
2024.03.15	06:28:00	1.10276	1.10283	1.10275	1.10276	79	0	12
2024.03.15	06:29:00	1.10276	1.10283	1.10264	1.10283	94	0	8
2024.03.15	06:30:00	1.10283	1.10288	1.10276	1.10280	55	0	12
2024.03.15	06:31:00	1.10280	1.10291	1.10272	1.10274	94	0	11
2024.03.15	06:32:00	1.10274	1.10276	1.10264	1.10268	144	0	9
2024.03.15	06:33:00	1.10268	1.10270	1.10244	1.10245	152	0	10
2024.03.15	06:34:00	1.10245	1.10251	1.10229	1.10232	109	0	9
2024.03.15	06:35:00	1.10232	1.10242	1.10228	1.10240	163	0	11
2024.03.15	06:36:00	1.10240	1.10263	1.10238	1.10254	96	0	10
2024.03.15	06:37:00	1.10254	1.10260	1.10230	1.10234	174	0	10
2024.03.15	06:38:00	1.10234	1.10235	1.10224	1.10233	102	0	10
2024.03.15	06:39:00	1.10233	1.10243	1.10228	1.10240	93	0	12
2024.03.15	06:40:00	1.10240	1.10247	1.10237	1.10242	40	0	12
2024.03.15	06:41:00	1.10242	1.10248	1.10232	1.10233	104	0	11
2024.03.15	06:42:00	1.10233	1.10242	1.10221	1.10228	68	0	10
2024.03.15	06:43:00	1.10228	1.10233	1.10222	1.10226	24	0	10
2024.03.15	06:44:00	1.10226	1.10227	1.10220	1.10225	59	0	9
2024.03.15	06:45:00	1.10225	1.10241	1.10220	1.10229	104	0	10
2024.03.15	06:46:00	1.10229	1.10260	1.10226	1.10259	127	0	9
2024.03.15	06:47:00	1.10259	1.10261	1.10255	1.10255	35	0	10
2024.03.15	06:48:00	1.10255	1.10257	1.10251	1.10257	31	0	10
2024.03.15	06:49:00	1.10257	1.10266	1.10244	1.10249	121	0	9
2024.03.15	06:50:00	1.10249	1.10252	1.10234	1.10238	174	0	11
2024.03.15	06:51:00	1.10238	1.10242	1.10224	1.10224	21	0	10
2024.03.15	06:52:00	1.10224	1.10233	1.10211	1.10216	17	0	11
2024.03.15	06:53:00	1.10216	1.10218	1.10200	1.10211	162	0	10
2024.03.15	06:54:00	1.10211	1.10228	1.10203	1.10218	141	0	10
2024.03.15	06:55:00	1.10218	1.10230	1.10215	1.10219	26	0	8
2024.03.15	06:56:00	1.10219	1.10228	1.10199	1.10207	11	0	9
2024.03.15	06:57:00	1.10207	1.10217	1.10199	1.10205	9	0	9
2024.03.15	06:58:00	1.10205	1.10205	1.10191	1.10199	70	0	11
2024.03.15	06:59:00	1.10199	1.10204	1.10187	1.10190	36	0	11
2024.03.15	07:00:00	1.10190	1.10190	1.10172	1.10178	144	0	11
2024.03.15	07:01:00	1.10178	1.10198	1.10175	1.10193	95	0	12
2024.03.15	07:02:00	1.10193	1.10198	1.10175	1.10176	147	0	10
2024.03.15	07:03:00	1.10176	1.10184	1.10166	1.10176	92	0	11
2024.03.15	07:04:00	1.10176	1.10196	1.10172	1.10194	28	0	10
2024.03.15	07:05:00	1.10194	1.10208	1.10181	1.10190	180	0	10
2024.03.15	07:06:00	1.10190	1.10204	1.10186	1.10204	25	0	10
2024.03.15	07:07:00	1.10204	1.10217	1.10203	1.10217	135	0	12
2024.03.15	07:08:00	1.10217	1.10227	1.10216	1.10219	180	0	12
2024.03.15	07:09:00	1.10219	1.10233	1.10203	1.10205	77	0	9
2024.03.15	07:10:00	1.10205	1.10220	1.10195	1.10218	45	0	9
2024.03.15	07:11:00	1.10218	1.10236	1.10217	1.10228	134	0	8
2024.03.15	07:12:00	1.10228	1.10243	1.10223	1.10232	164	0	10
2024.03.15	07:13:00	1.10232	1.10235	1.10221	1.10225	38	0	12
2024.03.15	07:14:00	1.10225	1.10247	1.10224	1.10246	63	0	10
2024.03.15	07:15:00	1.10246	1.10252	1.10243	1.10252	13	0	8
2024.03.15	07:16:00	1.10252	1.10256	1.10236	1.10239	158	0	9
2024.03.15	07:17:00	1.10239	1.10242	1.10213	1.10227	146	0	10
2024.03.15	07:18:00	1.10227	1.10238	1.10218	1.10221	152	0	11
2024.03.15	07:19:00	1.10221	1.10224	1.10200	1.10204	21	0	10
2024.03.15	07:20:00	1.10204	1.10212	1.10200	1.10208	46	0	9
2024.03.15	07:21:00	1.10208	1.10236	1.10205	1.10230	67	0	8
2024.03.15	07:22:00	1.10230	1.10236	1.10228	1.10231	15	0	11
2024.03.15	07:23:00	1.10231	1.10233	1.10189	1.10200	179	0	10
2024.03.15	07:24:00	1.10200	1.10210	1.10191	1.10193	77	0	9
2024.03.15	07:25:00	1.10193	1.10193	1.10172	1.10181	145	0	9
2024.03.15	07:26:00	1.10181	1.10192	1.10176	1.10187	150	0	9
2024.03.15	07:27:00	1.10187	1.10208	1.10187	1.10192	171	0	10
2024.03.15	07:28:00	1.10192	1.10200	1.10185	1.10198	38	0	10
2024.03.15	07:29:00	1.10198	1.10212	1.10197	1.10211	27	0	11
2024.03.15	07:30:00	1.10211	1.10213	1.10186	1.10193	136	0	10
2024.03.15	07:31:00	1.10193	1.10196	1.10184	1.10189	38	0	12
2024.03.15	07:32:00	1.10189	1.10209	1.10183	1.10209	157	0	10
2024.03.15	07:33:00	1.10209	1.10213	1.10198	1.10204	136	0	9
2024.03.15	07:34:00	1.10204	1.10206	1.10187	1.10198	83	0	10
2024.03.15	07:35:00	1.10198	1.10201	1.10188	1.10189	69	0	10
2024.03.15	07:36:00	1.10189	1.10192	1.10177	1.10181	46	0	10
2024.03.15	07:37:00	1.10181	1.10185	1.10176	1.10178	177	0	9
2024.03.15	07:38:00	1.10178	1.10181	1.10173	1.10178	107	0	12
2024.03.15	07:39:00	1.10178	1.10196	1.10168	1.10194	101	0	10
2024.03.15	07:40:00	1.10194	1.10198	1.10170	1.10177	151	0	9
2024.03.15	07:41:00	1.10177	1.10182	1.10147	1.10156	23	0	9
2024.03.15	07:42:00	1.10156	1.10170	1.10156	1.10161	133	0	10
2024.03.15	07:43:00	1.10161	1.10170	1.10157	1.10169	133	0	10
2024.03.15	07:44:00	1.10169	1.10181	1.10163	1.10176	136	0	11
2024.03.15	07:45:00	1.10176	1.10196	1.10172	1.10191	54	0	10
2024.03.15	07:46:00	1.10191	1.10199	1.10182	1.10194	110	0	10
2024.03.15	07:47:00	1.10194	1.10203	1.10192	1.10194	75	0	12
2024.03.15	07:48:00	1.10194	1.10209	1.10188	1.10205	180	0	10
2024.03.15	07:49:00	1.10205	1.10207	1.10193	1.10203	42	0	10
2024.03.15	07:50:00	1.10203	1.10225	1.10202	1.10225	48	0	10
2024.03.15	07:51:00	1.10225	1.10239	1.10221	1.10235	159	0	8
2024.03.15	07:52:00	1.10235	1.10239	1.10229	1.10236	107	0	12
2024.03.15	07:53:00	1.10236	1.10239	1.10236	1.10237	166	0	10
2024.03.15	07:54:00	1.10237	1.10265	1.10226	1.10257	168	0	10
2024.03.15	07:55:00	1.10257	1.10260	1.10241	1.10251	56	0	11
2024.03.15	07:56:00	1.10251	1.10261	1.10247	1.10257	115	0	8
2024.03.15	07:57:00	1.10257	1.10273	1.10251	1.10259	162	0	10
2024.03.15	07:58:00	1.10259	1.10262	1.10250	1.10262	164	0	10
2024.03.15	07:59:00	1.10262	1.10263	1.10242	1.10244	19	0	8
2024.03.15	08:00:00	1.10244	1.10274	1.10244	1.10264	153	0	8
2024.03.15	08:01:00	1.10264	1.10269	1.10263	1.10266	60	0	10
2024.03.15	08:02:00	1.10266	1.10288	1.10258	1.10288	24	0	10
2024.03.15	08:03:00	1.10288	1.10300	1.10278	1.10296	48	0	10
2024.03.15	08:04:00	1.10296	1.10314	1.10294	1.10306	24	0	10
2024.03.15	08:05:00	1.10306	1.10333	1.10301	1.10320	164	0	11
2024.03.15	08:06:00	1.10320	1.10338	1.10311	1.10335	40	0	10
2024.03.15	08:07:00	1.10335	1.10339	1.10326	1.10339	125	0	10
2024.03.15	08:08:00	1.10339	1.10354	1.10338	1.10346	148	0	10
2024.03.15	08:09:00	1.10346	1.10353	1.10346	1.10350	58	0	8
2024.03.15	08:10:00	1.10350	1.10365	1.10325	1.10335	88	0	12
2024.03.15	08:11:00	1.10335	1.10343	1.10331	1.10337	142	0	12
2024.03.15	08:12:00	1.10337	1.10338	1.10325	1.10326	63	0	8
2024.03.15	08:13:00	1.10326	1.10333	1.10323	1.10331	162	0	10
2024.03.15	08:14:00	1.10331	1.10348	1.10326	1.10345	101	0	9
2024.03.15	08:15:00	1.10345	1.10353	1.10336	1.10352	108	0	8
2024.03.15	08:16:00	1.10352	1.10353	1.10330	1.10333	80	0	9
2024.03.15	08:17:00	1.10333	1.10337	1.10312	1.10325	83	0	11
2024.03.15	08:18:00	1.10325	1.10344	1.10319	1.10339	106	0	10
2024.03.15	08:19:00	1.10339	1.10342	1.10336	1.10337	21	0	8
2024.03.15	08:20:00	1.10337	1.10346	1.10327	1.10328	140	0	12
2024.03.15	08:21:00	1.10328	1.10335	1.10324	1.10330	142	0	9
2024.03.15	08:22:00	1.10330	1.10334	1.10320	1.10331	171	0	9
2024.03.15	08:23:00	1.10331	1.10347	1.10328	1.10336	36	0	11
2024.03.15	08:24:00	1.10336	1.10338	1.10330	1.10332	46	0	9
2024.03.15	08:25:00	1.10332	1.10335	1.10325	1.10331	71	0	11
2024.03.15	08:26:00	1.10331	1.10344	1.10324	1.10343	42	0	9
2024.03.15	08:27:00	1.10343	1.10346	1.10338	1.10338	73	0	8
2024.03.15	08:28:00	1.10338	1.10348	1.10328	1.10345	96	0	11
2024.03.15	08:29:00	1.10345	1.10352	1.10327	1.10328	86	0	9
2024.03.15	08:30:00	1.10328	1.10328	1.10315	1.10320	145	0	8
2024.03.15	08:31:00	1.10320	1.10342	1.10305	1.10340	159	0	9
2024.03.15	08:32:00	1.10340	1.10342	1.10327	1.10332	64	0	10
2024.03.15	08:33:00	1.10332	1.10332	1.10305	1.10318	26	0	9
2024.03.15	08:34:00	1.10318	1.10321	1.10311	1.10317	116	0	8
2024.03.15	08:35:00	1.10317	1.10335	1.10315	1.10334	9	0	10
2024.03.15	08:36:00	1.10334	1.10343	1.10321	1.10325	141	0	8
2024.03.15	08:37:00	1.10325	1.10334	1.10321	1.10333	101	0	8
2024.03.15	08:38:00	1.10333	1.10338	1.10329	1.10329	61	0	11
2024.03.15	08:39:00	1.10329	1.10337	1.10317	1.10323	78	0	10
2024.03.15	08:40:00	1.10323	1.10330	1.10310	1.10314	47	0	10
2024.03.15	08:41:00	1.10314	1.10320	1.10309	1.10315	73	0	9
2024.03.15	08:42:00	1.10315	1.10324	1.10315	1.10319	179	0	11
2024.03.15	08:43:00	1.10319	1.10323	1.10299	1.10304	19	0	10
2024.03.15	08:44:00	1.10304	1.10308	1.10282	1.10285	74	0	8
2024.03.15	08:45:00	1.10285	1.10299	1.10283	1.10299	158	0	10
2024.03.15	08:46:00	1.10299	1.10311	1.10299	1.10309	71	0	9
2024.03.15	08:47:00	1.10309	1.10313	1.10283	1.10290	149	0	8
2024.03.15	08:48:00	1.10290	1.10291	1.10275	1.10276	62	0	10
2024.03.15	08:49:00	1.10276	1.10282	1.10265	1.10269	46	0	12
2024.03.15	08:50:00	1.10269	1.10276	1.10250	1.10262	14	0	12
2024.03.15	08:51:00	1.10262	1.10268	1.10261	1.10262	118	0	10
2024.03.15	08:52:00	1.10262	1.10269	1.10260	1.10267	95	0	9
2024.03.15	08:53:00	1.10267	1.10275	1.10263	1.10274	96	0	11
2024.03.15	08:54:00	1.10274	1.10279	1.10261	1.10261	141	0	10
2024.03.15	08:55:00	1.10261	1.10288	1.10246	1.10278	73	0	9
2024.03.15	08:56:00	1.10278	1.10280	1.10276	1.10279	64	0	11
2024.03.15	08:57:00	1.10279	1.10279	1.10271	1.10277	52	0	12
2024.03.15	08:58:00	1.10277	1.10288	1.10268	1.10283	29	0	8
2024.03.15	08:59:00	1.10283	1.10287	1.10271	1.10280	163	0	11
2024.03.15	09:00:00	1.10280	1.10285	1.10267	1.10272	67	0	12
2024.03.15	09:01:00	1.10272	1.10278	1.10262	1.10266	137	0	9
2024.03.15	09:02:00	1.10266	1.10293	1.10261	1.10285	34	0	12
2024.03.15	09:03:00	1.10285	1.10288	1.10267	1.10269	137	0	8
2024.03.15	09:04:00	1.10269	1.10287	1.10260	1.10279	164	0	10
2024.03.15	09:05:00	1.10279	1.10284	1.10258	1.10260	58	0	12
2024.03.15	09:06:00	1.10260	1.10261	1.10249	1.10257	49	0	8
2024.03.15	09:07:00	1.10257	1.10264	1.10247	1.10249	123	0	12
2024.03.15	09:08:00	1.10249	1.10264	1.10247	1.10259	173	0	12
2024.03.15	09:09:00	1.10259	1.10280	1.10258	1.10273	83	0	10
2024.03.15	09:10:00	1.10273	1.10280	1.10265	1.10267	16	0	8
2024.03.15	09:11:00	1.10267	1.10283	1.10260	1.10270	18	0	10
2024.03.15	09:12:00	1.10270	1.10275	1.10256	1.10257	46	0	8
2024.03.15	09:13:00	1.10257	1.10261	1.10221	1.10228	140	0	10
2024.03.15	09:14:00	1.10228	1.10236	1.10213	1.10224	154	0	9
2024.03.15	09:15:00	1.10224	1.10229	1.10222	1.10228	35	0	11
2024.03.15	09:16:00	1.10228	1.10236	1.10218	1.10222	154	0	12
2024.03.15	09:17:00	1.10222	1.10227	1.10200	1.10205	89	0	8
2024.03.15	09:18:00	1.10205	1.10206	1.10199	1.10202	23	0	11
2024.03.15	09:19:00	1.10202	1.10215	1.10196	1.10213	94	0	12
2024.03.15	09:20:00	1.10213	1.10222	1.10195	1.10200	58	0	11
2024.03.15	09:21:00	1.10200	1.10215	1.10197	1.10212	158	0	9
2024.03.15	09:22:00	1.10212	1.10213	1.10204	1.10207	90	0	8
2024.03.15	09:23:00	1.10207	1.10212	1.10184	1.10193	154	0	12
2024.03.15	09:24:00	1.10193	1.10205	1.10190	1.10204	99	0	11
2024.03.15	09:25:00	1.10204	1.10209	1.10199	1.10206	152	0	8
2024.03.15	09:26:00	1.10206	1.10214	1.10203	1.10210	179	0	8
2024.03.15	09:27:00	1.10210	1.10222	1.10184	1.10194	135	0	11
2024.03.15	09:28:00	1.10194	1.10213	1.10189	1.10204	102	0	9
2024.03.15	09:29:00	1.10204	1.10214	1.10201	1.10212	152	0	11
2024.03.15	09:30:00	1.10212	1.10217	1.10192	1.10198	113	0	10
2024.03.15	09:31:00	1.10198	1.10201	1.10195	1.10196	106	0	9
2024.03.15	09:32:00	1.10196	1.10201	1.10190	1.10190	55	0	12
2024.03.15	09:33:00	1.10190	1.10198	1.10141	1.10147	111	0	11
2024.03.15	09:34:00	1.10147	1.10158	1.10123	1.10128	97	0	12
2024.03.15	09:35:00	1.10128	1.10134	1.10126	1.10132	98	0	10
2024.03.15	09:36:00	1.10132	1.10137	1.10112	1.10118	80	0	10
2024.03.15	09:37:00	1.10118	1.10136	1.10112	1.10136	75	0	11
2024.03.15	09:38:00	1.10136	1.10152	1.10135	1.10148	25	0	9
2024.03.15	09:39:00	1.10148	1.10167	1.10145	1.10155	129	0	8
2024.03.15	09:40:00	1.10155	1.10168	1.10147	1.10167	134	0	10
2024.03.15	09:41:00	1.10167	1.10178	1.10166	1.10177	28	0	10
2024.03.15	09:42:00	1.10177	1.10178	1.10172	1.10175	45	0	9
2024.03.15	09:43:00	1.10175	1.10180	1.10158	1.10169	108	0	10
2024.03.15	09:44:00	1.10169	1.10177	1.10169	1.10177	125	0	8
2024.03.15	09:45:00	1.10177	1.10197	1.10171	1.10188	142	0	11
2024.03.15	09:46:00	1.10188	1.10190	1.10166	1.10167	10	0	10
2024.03.15	09:47:00	1.10167	1.10172	1.10161	1.10168	111	0	9
2024.03.15	09:48:00	1.10168	1.10169	1.10138	1.10149	128	0	9
2024.03.15	09:49:00	1.10149	1.10164	1.10144	1.10156	47	0	12
2024.03.15	09:50:00	1.10156	1.10157	1.10137	1.10143	82	0	8
2024.03.15	09:51:00	1.10143	1.10177	1.10137	1.10174	51	0	9
2024.03.15	09:52:00	1.10174	1.10178	1.10168	1.10177	18	0	11
2024.03.15	09:53:00	1.10177	1.10185	1.10163	1.10166	89	0	9
2024.03.15	09:54:00	1.10166	1.10166	1.10154	1.10164	34	0	10
2024.03.15	09:55:00	1.10164	1.10169	1.10161	1.10167	32	0	9
2024.03.15	09:56:00	1.10167	1.10188	1.10163	1.10187	131	0	12
2024.03.15	09:57:00	1.10187	1.10189	1.10186	1.10188	107	0	10
2024.03.15	09:58:00	1.10188	1.10193	1.10178	1.10183	81	0	9
2024.03.15	09:59:00	1.10183	1.10192	1.10168	1.10176	70	0	11
2024.03.15	10:00:00	1.10176	1.10185	1.10174	1.10180	99	0	8
2024.03.15	10:01:00	1.10180	1.10182	1.10167	1.10170	65	0	10
2024.03.15	10:02:00	1.10170	1.10176	1.10170	1.10170	73	0	8
2024.03.15	10:03:00	1.10170	1.10173	1.10167	1.10169	147	0	9
2024.03.15	10:04:00	1.10169	1.10176	1.10163	1.10167	118	0	8
2024.03.15	10:05:00	1.10167	1.10168	1.10160	1.10166	149	0	11
2024.03.15	10:06:00	1.10166	1.10182	1.10164	1.10173	65	0	10
2024.03.15	10:07:00	1.10173	1.10180	1.10152	1.10156	100	0	11
2024.03.15	10:08:00	1.10156	1.10161	1.10147	1.10147	141	0	12
2024.03.15	10:09:00	1.10147	1.10165	1.10132	1.10161	94	0	9
2024.03.15	10:10:00	1.10161	1.10170	1.10149	1.10153	26	0	11
2024.03.15	10:11:00	1.10153	1.10169	1.10128	1.10130	174	0	10
2024.03.15	10:12:00	1.10130	1.10137	1.10096	1.10103	45	0	10
2024.03.15	10:13:00	1.10103	1.10114	1.10091	1.10114	11	0	12
2024.03.15	10:14:00	1.10114	1.10135	1.10109	1.10121	55	0	12
2024.03.15	10:15:00	1.10121	1.10142	1.10120	1.10130	142	0	10
2024.03.15	10:16:00	1.10130	1.10139	1.10121	1.10138	138	0	9
2024.03.15	10:17:00	1.10138	1.10140	1.10111	1.10119	25	0	10
2024.03.15	10:18:00	1.10119	1.10130	1.10116	1.10128	83	0	11
2024.03.15	10:19:00	1.10128	1.10134	1.10121	1.10124	82	0	11
2024.03.15	10:20:00	1.10124	1.10134	1.10114	1.10130	160	0	12
2024.03.15	10:21:00	1.10130	1.10138	1.10126	1.10126	151	0	9
2024.03.15	10:22:00	1.10126	1.10132	1.10124	1.10131	111	0	12
2024.03.15	10:23:00	1.10131	1.10135	1.10124	1.10129	122	0	10
2024.03.15	10:24:00	1.10129	1.10130	1.10108	1.10112	25	0	12
2024.03.15	10:25:00	1.10112	1.10113	1.10107	1.10110	32	0	10
2024.03.15	10:26:00	1.10110	1.10116	1.10091	1.10093	53	0	8
2024.03.15	10:27:00	1.10093	1.10101	1.10084	1.10101	121	0	11
2024.03.15	10:28:00	1.10101	1.10106	1.10085	1.10092	42	0	10
2024.03.15	10:29:00	1.10092	1.10100	1.10090	1.10096	26	0	11
2024.03.15	10:30:00	1.10096	1.10097	1.10081	1.10081	47	0	9
2024.03.15	10:31:00	1.10081	1.10087	1.10058	1.10063	82	0	10
2024.03.15	10:32:00	1.10063	1.10065	1.10040	1.10045	52	0	8
2024.03.15	10:33:00	1.10045	1.10052	1.10035	1.10035	93	0	10
2024.03.15	10:34:00	1.10035	1.10040	1.10031	1.10035	77	0	9
2024.03.15	10:35:00	1.10035	1.10041	1.10030	1.10038	124	0	10
2024.03.15	10:36:00	1.10038	1.10038	1.10031	1.10032	121	0	11
2024.03.15	10:37:00	1.10032	1.10035	1.10023	1.10026	62	0	12
2024.03.15	10:38:00	1.10026	1.10033	1.10007	1.10011	113	0	12
2024.03.15	10:39:00	1.10011	1.10016	1.10010	1.10013	18	0	9
2024.03.15	10:40:00	1.10013	1.10015	1.09975	1.09988	177	0	10
2024.03.15	10:41:00	1.09988	1.09993	1.09986	1.09988	40	0	9
2024.03.15	10:42:00	1.09988	1.09990	1.09975	1.09976	72	0	11
2024.03.15	10:43:00	1.09976	1.09978	1.09963	1.09963	67	0	10
2024.03.15	10:44:00	1.09963	1.09968	1.09957	1.09959	86	0	10
2024.03.15	10:45:00	1.09959	1.09980	1.09957	1.09974	170	0	9
2024.03.15	10:46:00	1.09974	1.09978	1.09967	1.09968	90	0	11
2024.03.15	10:47:00	1.09968	1.09976	1.09961	1.09974	12	0	11
2024.03.15	10:48:00	1.09974	1.09977	1.09953	1.09958	103	0	11
2024.03.15	10:49:00	1.09958	1.09968	1.09955	1.09963	148	0	12
2024.03.15	10:50:00	1.09963	1.09969	1.09946	1.09956	17	0	10
2024.03.15	10:51:00	1.09956	1.09956	1.09944	1.09950	120	0	10
2024.03.15	10:52:00	1.09950	1.09953	1.09923	1.09939	69	0	8
2024.03.15	10:53:00	1.09939	1.09939	1.09918	1.09925	55	0	8
2024.03.15	10:54:00	1.09925	1.09937	1.09923	1.09929	127	0	9
2024.03.15	10:55:00	1.09929	1.09941	1.09924	1.09939	10	0	8
2024.03.15	10:56:00	1.09939	1.09972	1.09932	1.09964	19	0	12
2024.03.15	10:57:00	1.09964	1.09964	1.09946	1.09950	99	0	9
2024.03.15	10:58:00	1.09950	1.09961	1.09931	1.09935	147	0	10
2024.03.15	10:59:00	1.09935	1.09938	1.09923	1.09926	50	0	10
2024.03.15	11:00:00	1.09926	1.09943	1.09924	1.09939	66	0	9
2024.03.15	11:01:00	1.09939	1.09948	1.09921	1.09929	77	0	12
2024.03.15	11:02:00	1.09929	1.09931	1.09914	1.09918	46	0	8
2024.03.15	11:03:00	1.09918	1.09954	1.09917	1.09942	165	0	11
2024.03.15	11:04:00	1.09942	1.09943	1.09922	1.09937	45	0	10
2024.03.15	11:05:00	1.09937	1.09942	1.09935	1.09939	132	0	10
2024.03.15	11:06:00	1.09939	1.09951	1.09930	1.09946	121	0	12
2024.03.15	11:07:00	1.09946	1.09963	1.09940	1.09955	131	0	10
2024.03.15	11:08:00	1.09955	1.09967	1.09944	1.09947	54	0	11
2024.03.15	11:09:00	1.09947	1.09948	1.09937	1.09945	48	0	9
2024.03.15	11:10:00	1.09945	1.09948	1.09934	1.09936	129	0	10
2024.03.15	11:11:00	1.09936	1.09947	1.09933	1.09937	64	0	12
2024.03.15	11:12:00	1.09937	1.09941	1.09936	1.09937	99	0	10
2024.03.15	11:13:00	1.09937	1.09942	1.09937	1.09940	167	0	11
2024.03.15	11:14:00	1.09940	1.09949	1.09927	1.09934	11	0	11
2024.03.15	11:15:00	1.09934	1.09941	1.09934	1.09938	135	0	11
2024.03.15	11:16:00	1.09938	1.09949	1.09931	1.09938	20	0	10
2024.03.15	11:17:00	1.09938	1.09954	1.09933	1.09953	133	0	10
2024.03.15	11:18:00	1.09953	1.09953	1.09946	1.09949	24	0	8
2024.03.15	11:19:00	1.09949	1.09960	1.09938	1.09959	156	0	11
2024.03.15	11:20:00	1.09959	1.09964	1.09950	1.09951	139	0	10
2024.03.15	11:21:00	1.09951	1.09955	1.09917	1.09929	121	0	11
2024.03.15	11:22:00	1.09929	1.09945	1.09927	1.09943	46	0	12
2024.03.15	11:23:00	1.09943	1.09949	1.09936	1.09942	21	0	10
2024.03.15	11:24:00	1.09942	1.09958	1.09936	1.09955	98	0	10
2024.03.15	11:25:00	1.09955	1.09958	1.09926	1.09933	141	0	9
2024.03.15	11:26:00	1.09933	1.09937	1.09932	1.09934	170	0	9
2024.03.15	11:27:00	1.09934	1.09940	1.09923	1.09928	33	0	12
2024.03.15	11:28:00	1.09928	1.09935	1.09925	1.09934	161	0	10
2024.03.15	11:29:00	1.09934	1.09946	1.09924	1.09928	37	0	9
2024.03.15	11:30:00	1.09928	1.09931	1.09913	1.09914	70	0	12
2024.03.15	11:31:00	1.09914	1.09918	1.09904	1.09918	49	0	9
2024.03.15	11:32:00	1.09918	1.09922	1.09908	1.09912	51	0	12
2024.03.15	11:33:00	1.09912	1.09945	1.09904	1.09935	8	0	12
2024.03.15	11:34:00	1.09935	1.09939	1.09906	1.09919	159	0	9
2024.03.15	11:35:00	1.09919	1.09921	1.09916	1.09920	131	0	8
2024.03.15	11:36:00	1.09920	1.09926	1.09919	1.09926	65	0	8
2024.03.15	11:37:00	1.09926	1.09931	1.09922	1.09923	133	0	12
2024.03.15	11:38:00	1.09923	1.09935	1.09922	1.09923	16	0	8
2024.03.15	11:39:00	1.09923	1.09927	1.09916	1.09919	29	0	11
2024.03.15	11:40:00	1.09919	1.09926	1.09914	1.09925	100	0	12
2024.03.15	11:41:00	1.09925	1.09930	1.09921	1.09930	170	0	12
2024.03.15	11:42:00	1.09930	1.09932	1.09915	1.09919	82	0	12
2024.03.15	11:43:00	1.09919	1.09925	1.09898	1.09908	165	0	12
2024.03.15	11:44:00	1.09908	1.09918	1.09899	1.09909	142	0	10
2024.03.15	11:45:00	1.09909	1.09913	1.09888	1.09894	147	0	10
2024.03.15	11:46:00	1.09894	1.09896	1.09874	1.09876	108	0	11
2024.03.15	11:47:00	1.09876	1.09884	1.09867	1.09867	139	0	10
2024.03.15	11:48:00	1.09867	1.09867	1.09854	1.09863	159	0	9
2024.03.15	11:49:00	1.09863	1.09872	1.09859	1.09871	28	0	8
2024.03.15	11:50:00	1.09871	1.09872	1.09858	1.09864	165	0	10
2024.03.15	11:51:00	1.09864	1.09866	1.09839	1.09850	170	0	12
2024.03.15	11:52:00	1.09850	1.09857	1.09843	1.09852	117	0	8
2024.03.15	11:53:00	1.09852	1.09854	1.09838	1.09841	160	0	11
2024.03.15	11:54:00	1.09841	1.09842	1.09840	1.09840	95	0	8
2024.03.15	11:55:00	1.09840	1.09848	1.09835	1.09840	70	0	12
2024.03.15	11:56:00	1.09840	1.09880	1.09834	1.09873	30	0	12
2024.03.15	11:57:00	1.09873	1.09874	1.09861	1.09863	36	0	11
2024.03.15	11:58:00	1.09863	1.09885	1.09858	1.09883	113	0	12
2024.03.15	11:59:00	1.09883	1.09902	1.09876	1.09899	167	0	10
2024.03.15	12:00:00	1.09899	1.09900	1.09889	1.09900	47	0	9
2024.03.15	12:01:00	1.09900	1.09912	1.09885	1.09907	145	0	10
2024.03.15	12:02:00	1.09907	1.09914	1.09878	1.09881	31	0	10
2024.03.15	12:03:00	1.09881	1.09890	1.09873	1.09888	115	0	11
2024.03.15	12:04:00	1.09888	1.09894	1.09876	1.09885	157	0	12
2024.03.15	12:05:00	1.09885	1.09896	1.09876	1.09878	36	0	12
2024.03.15	12:06:00	1.09878	1.09880	1.09851	1.09857	179	0	9
2024.03.15	12:07:00	1.09857	1.09866	1.09828	1.09831	37	0	11
2024.03.15	12:08:00	1.09831	1.09839	1.09820	1.09821	145	0	8
2024.03.15	12:09:00	1.09821	1.09866	1.09815	1.09856	30	0	9
2024.03.15	12:10:00	1.09856	1.09870	1.09852	1.09861	83	0	10
2024.03.15	12:11:00	1.09861	1.09868	1.09850	1.09866	9	0	8
2024.03.15	12:12:00	1.09866	1.09876	1.09860	1.09873	9	0	9
2024.03.15	12:13:00	1.09873	1.09881	1.09864	1.09873	32	0	10
2024.03.15	12:14:00	1.09873	1.09899	1.09871	1.09894	22	0	10
2024.03.15	12:15:00	1.09894	1.09910	1.09889	1.09908	53	0	12
2024.03.15	12:16:00	1.09908	1.09911	1.09879	1.09884	142	0	12
2024.03.15	12:17:00	1.09884	1.09909	1.09874	1.09905	26	0	11
2024.03.15	12:18:00	1.09905	1.09929	1.09900	1.09914	66	0	12
2024.03.15	12:19:00	1.09914	1.09944	1.09907	1.09933	47	0	11
2024.03.15	12:20:00	1.09933	1.09956	1.09930	1.09945	141	0	10
2024.03.15	12:21:00	1.09945	1.09957	1.09935	1.09955	151	0	8
2024.03.15	12:22:00	1.09955	1.09958	1.09953	1.09956	120	0	11
2024.03.15	12:23:00	1.09956	1.09956	1.09949	1.09956	55	0	10
2024.03.15	12:24:00	1.09956	1.09963	1.09945	1.09950	101	0	10
2024.03.15	12:25:00	1.09950	1.09962	1.09947	1.09956	74	0	11
2024.03.15	12:26:00	1.09956	1.09965	1.09950	1.09964	86	0	12
2024.03.15	12:27:00	1.09964	1.09965	1.09949	1.09954	29	0	8
2024.03.15	12:28:00	1.09954	1.09960	1.09949	1.09957	43	0	8
2024.03.15	12:29:00	1.09957	1.09962	1.09941	1.09945	170	0	11
2024.03.15	12:30:00	1.09945	1.09949	1.09943	1.09947	70	0	8
2024.03.15	12:31:00	1.09947	1.09954	1.09946	1.09953	61	0	10
2024.03.15	12:32:00	1.09953	1.09971	1.09951	1.09962	43	0	11
2024.03.15	12:33:00	1.09962	1.09973	1.09960	1.09972	38	0	10
2024.03.15	12:34:00	1.09972	1.09980	1.09966	1.09978	117	0	8
2024.03.15	12:35:00	1.09978	1.09993	1.09977	1.09986	156	0	10
2024.03.15	12:36:00	1.09986	1.09990	1.09975	1.09985	155	0	12
2024.03.15	12:37:00	1.09985	1.09985	1.09981	1.09984	38	0	10
2024.03.15	12:38:00	1.09984	1.09988	1.09978	1.09985	51	0	12
2024.03.15	12:39:00	1.09985	1.09993	1.09982	1.09983	93	0	9
2024.03.15	12:40:00	1.09983	1.09986	1.09969	1.09982	20	0	11
2024.03.15	12:41:00	1.09982	1.09986	1.09976	1.09977	175	0	12
2024.03.15	12:42:00	1.09977	1.09992	1.09975	1.09987	93	0	10
2024.03.15	12:43:00	1.09987	1.10000	1.09986	1.09995	168	0	8
2024.03.15	12:44:00	1.09995	1.10002	1.09991	1.10000	179	0	12
2024.03.15	12:45:00	1.10000	1.10017	1.09994	1.10017	111	0	9
2024.03.15	12:46:00	1.10017	1.10020	1.09995	1.10005	149	0	8
2024.03.15	12:47:00	1.10005	1.10014	1.10000	1.10010	44	0	12
2024.03.15	12:48:00	1.10010	1.10020	1.10007	1.10008	88	0	8
2024.03.15	12:49:00	1.10008	1.10023	1.10000	1.10013	150	0	12
2024.03.15	12:50:00	1.10013	1.10018	1.09994	1.10000	35	0	10
2024.03.15	12:51:00	1.10000	1.10005	1.09998	1.10002	178	0	10
2024.03.15	12:52:00	1.10002	1.10005	1.09997	1.09997	83	0	10
2024.03.15	12:53:00	1.09997	1.09998	1.09973	1.09984	130	0	12
2024.03.15	12:54:00	1.09984	1.09997	1.09980	1.09989	128	0	12
2024.03.15	12:55:00	1.09989	1.09989	1.09963	1.09964	134	0	9
2024.03.15	12:56:00	1.09964	1.09965	1.09951	1.09953	122	0	8
2024.03.15	12:57:00	1.09953	1.09957	1.09937	1.09941	39	0	12
2024.03.15	12:58:00	1.09941	1.09954	1.09917	1.09929	108	0	12
2024.03.15	12:59:00	1.09929	1.09938	1.09913	1.09933	97	0	8
2024.03.15	13:00:00	1.09933	1.09946	1.09925	1.09938	115	0	10
2024.03.15	13:01:00	1.09938	1.09942	1.09936	1.09937	38	0	10
2024.03.15	13:02:00	1.09937	1.09940	1.09933	1.09940	127	0	12
2024.03.15	13:03:00	1.09940	1.09953	1.09938	1.09945	96	0	10
2024.03.15	13:04:00	1.09945	1.09947	1.09933	1.09943	176	0	10
2024.03.15	13:05:00	1.09943	1.09948	1.09931	1.09932	134	0	10
2024.03.15	13:06:00	1.09932	1.09938	1.09915	1.09922	114	0	9
2024.03.15	13:07:00	1.09922	1.09926	1.09919	1.09920	53	0	12
2024.03.15	13:08:00	1.09920	1.09923	1.09910	1.09923	100	0	10
2024.03.15	13:09:00	1.09923	1.09931	1.09921	1.09925	146	0	10
2024.03.15	13:10:00	1.09925	1.09929	1.09915	1.09915	121	0	11
2024.03.15	13:11:00	1.09915	1.09920	1.09902	1.09917	74	0	9
2024.03.15	13:12:00	1.09917	1.09922	1.09913	1.09917	24	0	8
2024.03.15	13:13:00	1.09917	1.09939	1.09916	1.09931	173	0	9
2024.03.15	13:14:00	1.09931	1.09936	1.09911	1.09920	92	0	10
2024.03.15	13:15:00	1.09920	1.09921	1.09901	1.09907	120	0	9
2024.03.15	13:16:00	1.09907	1.09913	1.09905	1.09910	111	0	9
2024.03.15	13:17:00	1.09910	1.09923	1.09910	1.09920	74	0	12
2024.03.15	13:18:00	1.09920	1.09942	1.09917	1.09931	148	0	9
2024.03.15	13:19:00	1.09931	1.09938	1.09919	1.09937	37	0	10
2024.03.15	13:20:00	1.09937	1.09945	1.09933	1.09940	134	0	10
2024.03.15	13:21:00	1.09940	1.09954	1.09938	1.09939	163	0	11
2024.03.15	13:22:00	1.09939	1.09948	1.09929	1.09942	134	0	11
2024.03.15	13:23:00	1.09942	1.09943	1.09931	1.09941	133	0	8
2024.03.15	13:24:00	1.09941	1.09962	1.09940	1.09955	67	0	9
2024.03.15	13:25:00	1.09955	1.09962	1.09939	1.09947	110	0	8
2024.03.15	13:26:00	1.09947	1.09949	1.09927	1.09929	96	0	10
2024.03.15	13:27:00	1.09929	1.09933	1.09917	1.09924	100	0	9
2024.03.15	13:28:00	1.09924	1.09933	1.09920	1.09929	138	0	9
2024.03.15	13:29:00	1.09929	1.09930	1.09923	1.09929	29	0	8
2024.03.15	13:30:00	1.09929	1.09932	1.09923	1.09925	123	0	10
2024.03.15	13:31:00	1.09925	1.09941	1.09920	1.09927	50	0	10
2024.03.15	13:32:00	1.09927	1.09931	1.09922	1.09927	78	0	12
2024.03.15	13:33:00	1.09927	1.09938	1.09919	1.09921	42	0	10
2024.03.15	13:34:00	1.09921	1.09936	1.09919	1.09930	49	0	11
2024.03.15	13:35:00	1.09930	1.09953	1.09922	1.09952	113	0	10
2024.03.15	13:36:00	1.09952	1.09952	1.09938	1.09943	11	0	10
2024.03.15	13:37:00	1.09943	1.09945	1.09926	1.09931	47	0	8
2024.03.15	13:38:00	1.09931	1.09939	1.09926	1.09935	135	0	9
2024.03.15	13:39:00	1.09935	1.09940	1.09922	1.09929	21	0	8
2024.03.15	13:40:00	1.09929	1.09942	1.09927	1.09937	121	0	9
2024.03.15	13:41:00	1.09937	1.09946	1.09918	1.09922	18	0	10
2024.03.15	13:42:00	1.09922	1.09947	1.09921	1.09944	23	0	12
2024.03.15	13:43:00	1.09944	1.09949	1.09939	1.09949	172	0	12
2024.03.15	13:44:00	1.09949	1.09953	1.09937	1.09938	123	0	8
2024.03.15	13:45:00	1.09938	1.09949	1.09932	1.09943	104	0	11
2024.03.15	13:46:00	1.09943	1.09959	1.09936	1.09950	92	0	10
2024.03.15	13:47:00	1.09950	1.09961	1.09939	1.09944	70	0	11
2024.03.15	13:48:00	1.09944	1.09946	1.09936	1.09939	22	0	12
2024.03.15	13:49:00	1.09939	1.09941	1.09933	1.09935	51	0	11
2024.03.15	13:50:00	1.09935	1.09959	1.09935	1.09951	149	0	11
2024.03.15	13:51:00	1.09951	1.09960	1.09946	1.09957	12	0	8
2024.03.15	13:52:00	1.09957	1.09961	1.09951	1.09954	117	0	12
2024.03.15	13:53:00	1.09954	1.09958	1.09934	1.09938	178	0	9
2024.03.15	13:54:00	1.09938	1.09969	1.09938	1.09966	21	0	11
2024.03.15	13:55:00	1.09966	1.09968	1.09943	1.09944	133	0	10
2024.03.15	13:56:00	1.09944	1.09948	1.09943	1.09943	84	0	8
2024.03.15	13:57:00	1.09943	1.09952	1.09932	1.09950	160	0	10
2024.03.15	13:58:00	1.09950	1.09954	1.09942	1.09944	31	0	10
2024.03.15	13:59:00	1.09944	1.09947	1.09933	1.09941	71	0	10
2024.03.15	14:00:00	1.09941	1.09954	1.09928	1.09952	65	0	10
2024.03.15	14:01:00	1.09952	1.09961	1.09949	1.09959	153	0	8
2024.03.15	14:02:00	1.09959	1.09962	1.09942	1.09947	152	0	9
2024.03.15	14:03:00	1.09947	1.09971	1.09946	1.09962	143	0	10
2024.03.15	14:04:00	1.09962	1.09973	1.09957	1.09968	48	0	11
2024.03.15	14:05:00	1.09968	1.09969	1.09950	1.09965	153	0	10
2024.03.15	14:06:00	1.09965	1.09969	1.09963	1.09964	73	0	11
2024.03.15	14:07:00	1.09964	1.09996	1.09958	1.09993	122	0	10
2024.03.15	14:08:00	1.09993	1.10009	1.09988	1.09998	111	0	9
2024.03.15	14:09:00	1.09998	1.10007	1.09996	1.09998	89	0	10
2024.03.15	14:10:00	1.09998	1.10002	1.09993	1.09993	26	0	8
2024.03.15	14:11:00	1.09993	1.10009	1.09990	1.09990	141	0	8
2024.03.15	14:12:00	1.09990	1.10011	1.09987	1.10003	117	0	10
2024.03.15	14:13:00	1.10003	1.10007	1.09995	1.10002	84	0	12
2024.03.15	14:14:00	1.10002	1.10013	1.09989	1.09993	22	0	10
2024.03.15	14:15:00	1.09993	1.10005	1.09988	1.10003	177	0	11
2024.03.15	14:16:00	1.10003	1.10017	1.10002	1.10014	45	0	8
2024.03.15	14:17:00	1.10014	1.10016	1.10010	1.10011	59	0	10
2024.03.15	14:18:00	1.10011	1.10013	1.10004	1.10006	65	0	10
2024.03.15	14:19:00	1.10006	1.10025	1.10004	1.10018	24	0	11
2024.03.15	14:20:00	1.10018	1.10026	1.10012	1.10025	151	0	10
2024.03.15	14:21:00	1.10025	1.10027	1.10015	1.10018	133	0	8
2024.03.15	14:22:00	1.10018	1.10020	1.10011	1.10017	166	0	8
2024.03.15	14:23:00	1.10017	1.10033	1.10012	1.10028	165	0	10
2024.03.15	14:24:00	1.10028	1.10034	1.10017	1.10027	28	0	10
2024.03.15	14:25:00	1.10027	1.10031	1.10025	1.10030	121	0	8
2024.03.15	14:26:00	1.10030	1.10038	1.10017	1.10021	15	0	10
2024.03.15	14:27:00	1.10021	1.10028	1.10010	1.10011	8	0	9
2024.03.15	14:28:00	1.10011	1.10015	1.09999	1.10004	59	0	10
2024.03.15	14:29:00	1.10004	1.10016	1.09975	1.09978	136	0	11
2024.03.15	14:30:00	1.09978	1.09980	1.09976	1.09980	108	0	8
2024.03.15	14:31:00	1.09980	1.09991	1.09976	1.09989	126	0	9
2024.03.15	14:32:00	1.09989	1.09997	1.09986	1.09990	114	0	8
2024.03.15	14:33:00	1.09990	1.10001	1.09990	1.09995	110	0	8
2024.03.15	14:34:00	1.09995	1.09997	1.09974	1.09980	47	0	12
2024.03.15	14:35:00	1.09980	1.09983	1.09963	1.09972	121	0	9
2024.03.15	14:36:00	1.09972	1.09976	1.09965	1.09966	29	0	10
2024.03.15	14:37:00	1.09966	1.09969	1.09950	1.09959	104	0	11
2024.03.15	14:38:00	1.09959	1.09978	1.09953	1.09972	155	0	10
2024.03.15	14:39:00	1.09972	1.09984	1.09971	1.09981	41	0	11
2024.03.15	14:40:00	1.09981	1.09983	1.09962	1.09971	64	0	11
2024.03.15	14:41:00	1.09971	1.09973	1.09954	1.09959	70	0	11
2024.03.15	14:42:00	1.09959	1.09976	1.09958	1.09975	129	0	10
2024.03.15	14:43:00	1.09975	1.09979	1.09958	1.09964	177	0	10
2024.03.15	14:44:00	1.09964	1.09966	1.09952	1.09960	178	0	11
2024.03.15	14:45:00	1.09960	1.09961	1.09944	1.09952	141	0	9
2024.03.15	14:46:00	1.09952	1.09955	1.09943	1.09945	57	0	9
2024.03.15	14:47:00	1.09945	1.09953	1.09928	1.09935	164	0	8
2024.03.15	14:48:00	1.09935	1.09936	1.09923	1.09931	76	0	8
2024.03.15	14:49:00	1.09931	1.09934	1.09909	1.09917	31	0	12
2024.03.15	14:50:00	1.09917	1.09935	1.09914	1.09926	80	0	8
2024.03.15	14:51:00	1.09926	1.09930	1.09921	1.09921	113	0	10
2024.03.15	14:52:00	1.09921	1.09925	1.09903	1.09907	45	0	12
2024.03.15	14:53:00	1.09907	1.09916	1.09884	1.09886	19	0	8
2024.03.15	14:54:00	1.09886	1.09893	1.09876	1.09877	43	0	12
2024.03.15	14:55:00	1.09877	1.09878	1.09862	1.09864	168	0	9
2024.03.15	14:56:00	1.09864	1.09868	1.09856	1.09866	8	0	10
2024.03.15	14:57:00	1.09866	1.09873	1.09860	1.09872	111	0	9
2024.03.15	14:58:00	1.09872	1.09879	1.09868	1.09874	71	0	10
2024.03.15	14:59:00	1.09874	1.09885	1.09873	1.09883	58	0	12
2024.03.15	15:00:00	1.09883	1.09884	1.09859	1.09870	19	0	11
2024.03.15	15:01:00	1.09870	1.09882	1.09858	1.09863	67	0	8
2024.03.15	15:02:00	1.09863	1.09869	1.09837	1.09843	155	0	11
2024.03.15	15:03:00	1.09843	1.09846	1.09838	1.09844	78	0	9
2024.03.15	15:04:00	1.09844	1.09851	1.09843	1.09849	38	0	9
2024.03.15	15:05:00	1.09849	1.09852	1.09837	1.09840	118	0	8
2024.03.15	15:06:00	1.09840	1.09846	1.09835	1.09841	88	0	10
2024.03.15	15:07:00	1.09841	1.09852	1.09840	1.09847	180	0	10
2024.03.15	15:08:00	1.09847	1.09847	1.09839	1.09844	119	0	11
2024.03.15	15:09:00	1.09844	1.09849	1.09834	1.09837	180	0	11
2024.03.15	15:10:00	1.09837	1.09844	1.09836	1.09843	36	0	9
2024.03.15	15:11:00	1.09843	1.09849	1.09831	1.09833	85	0	11
2024.03.15	15:12:00	1.09833	1.09833	1.09803	1.09809	31	0	9
2024.03.15	15:13:00	1.09809	1.09830	1.09805	1.09822	63	0	10
2024.03.15	15:14:00	1.09822	1.09822	1.09810	1.09819	103	0	10
2024.03.15	15:15:00	1.09819	1.09840	1.09814	1.09837	84	0	12
2024.03.15	15:16:00	1.09837	1.09843	1.09820	1.09833	30	0	10
2024.03.15	15:17:00	1.09833	1.09838	1.09791	1.09794	107	0	10
2024.03.15	15:18:00	1.09794	1.09801	1.09793	1.09800	147	0	9
2024.03.15	15:19:00	1.09800	1.09808	1.09794	1.09797	98	0	11
2024.03.15	15:20:00	1.09797	1.09815	1.09787	1.09805	43	0	10
2024.03.15	15:21:00	1.09805	1.09818	1.09795	1.09807	138	0	12
2024.03.15	15:22:00	1.09807	1.09822	1.09806	1.09818	148	0	11
2024.03.15	15:23:00	1.09818	1.09834	1.09813	1.09827	166	0	12
2024.03.15	15:24:00	1.09827	1.09837	1.09817	1.09821	47	0	10
2024.03.15	15:25:00	1.09821	1.09836	1.09821	1.09835	161	0	10
2024.03.15	15:26:00	1.09835	1.09854	1.09833	1.09849	114	0	11
2024.03.15	15:27:00	1.09849	1.09852	1.09831	1.09835	144	0	10
2024.03.15	15:28:00	1.09835	1.09859	1.09830	1.09855	42	0	10
2024.03.15	15:29:00	1.09855	1.09867	1.09849	1.09863	96	0	9
2024.03.15	15:30:00	1.09863	1.09867	1.09844	1.09856	15	0	8
2024.03.15	15:31:00	1.09856	1.09878	1.09855	1.09875	26	0	9
2024.03.15	15:32:00	1.09875	1.09886	1.09863	1.09878	158	0	9
2024.03.15	15:33:00	1.09878	1.09889	1.09856	1.09867	58	0	9
2024.03.15	15:34:00	1.09867	1.09868	1.09865	1.09866	28	0	8
2024.03.15	15:35:00	1.09866	1.09876	1.09849	1.09858	38	0	10
2024.03.15	15:36:00	1.09858	1.09863	1.09857	1.09861	158	0	10
2024.03.15	15:37:00	1.09861	1.09883	1.09857	1.09879	134	0	8
2024.03.15	15:38:00	1.09879	1.09900	1.09872	1.09892	110	0	10
2024.03.15	15:39:00	1.09892	1.09892	1.09871	1.09881	141	0	12
2024.03.15	15:40:00	1.09881	1.09888	1.09875	1.09879	78	0	11
2024.03.15	15:41:00	1.09879	1.09893	1.09875	1.09893	130	0	9
2024.03.15	15:42:00	1.09893	1.09896	1.09880	1.09880	37	0	11
2024.03.15	15:43:00	1.09880	1.09888	1.09875	1.09885	131	0	12
2024.03.15	15:44:00	1.09885	1.09892	1.09885	1.09890	65	0	12
2024.03.15	15:45:00	1.09890	1.09900	1.09886	1.09900	122	0	12
2024.03.15	15:46:00	1.09900	1.09906	1.09898	1.09905	26	0	12
2024.03.15	15:47:00	1.09905	1.09910	1.09892	1.09903	161	0	12
2024.03.15	15:48:00	1.09903	1.09907	1.09901	1.09904	57	0	8
2024.03.15	15:49:00	1.09904	1.09907	1.09899	1.09903	49	0	8
2024.03.15	15:50:00	1.09903	1.09908	1.09887	1.09894	74	0	10
2024.03.15	15:51:00	1.09894	1.09911	1.09892	1.09907	10	0	10
2024.03.15	15:52:00	1.09907	1.09925	1.09900	1.09924	102	0	12
2024.03.15	15:53:00	1.09924	1.09935	1.09894	1.09903	92	0	8
2024.03.15	15:54:00	1.09903	1.09914	1.09900	1.09910	111	0	10
2024.03.15	15:55:00	1.09910	1.09918	1.09904	1.09911	132	0	11
2024.03.15	15:56:00	1.09911	1.09937	1.09909	1.09929	172	0	10
2024.03.15	15:57:00	1.09929	1.09932	1.09927	1.09932	37	0	10
2024.03.15	15:58:00	1.09932	1.09932	1.09922	1.09923	87	0	10
2024.03.15	15:59:00	1.09923	1.09945	1.09915	1.09944	92	0	11
2024.03.15	16:00:00	1.09944	1.09973	1.09936	1.09964	81	0	8
2024.03.15	16:01:00	1.09964	1.09965	1.09957	1.09959	109	0	12
2024.03.15	16:02:00	1.09959	1.09962	1.09953	1.09961	99	0	10
2024.03.15	16:03:00	1.09961	1.09968	1.09961	1.09966	15	0	11
2024.03.15	16:04:00	1.09966	1.09971	1.09962	1.09963	133	0	8
2024.03.15	16:05:00	1.09963	1.09967	1.09958	1.09966	81	0	12
2024.03.15	16:06:00	1.09966	1.09970	1.09958	1.09960	75	0	8
2024.03.15	16:07:00	1.09960	1.09964	1.09939	1.09942	127	0	9
2024.03.15	16:08:00	1.09942	1.09954	1.09939	1.09953	136	0	12
2024.03.15	16:09:00	1.09953	1.09953	1.09935	1.09936	155	0	11
2024.03.15	16:10:00	1.09936	1.09941	1.09929	1.09931	48	0	10
2024.03.15	16:11:00	1.09931	1.09936	1.09925	1.09931	84	0	10
2024.03.15	16:12:00	1.09931	1.09939	1.09907	1.09910	69	0	9
2024.03.15	16:13:00	1.09910	1.09914	1.09891	1.09893	23	0	10
2024.03.15	16:14:00	1.09893	1.09895	1.09871	1.09878	107	0	10
2024.03.15	16:15:00	1.09878	1.09886	1.09871	1.09874	80	0	9
2024.03.15	16:16:00	1.09874	1.09888	1.09868	1.09876	71	0	11
2024.03.15	16:17:00	1.09876	1.09883	1.09875	1.09879	73	0	12
2024.03.15	16:18:00	1.09879	1.09893	1.09872	1.09891	174	0	10
2024.03.15	16:19:00	1.09891	1.09892	1.09880	1.09882	89	0	10
2024.03.15	16:20:00	1.09882	1.09900	1.09877	1.09896	106	0	11
2024.03.15	16:21:00	1.09896	1.09901	1.09894	1.09894	12	0	12
2024.03.15	16:22:00	1.09894	1.09894	1.09873	1.09878	61	0	8
2024.03.15	16:23:00	1.09878	1.09880	1.09873	1.09876	156	0	8
2024.03.15	16:24:00	1.09876	1.09877	1.09870	1.09873	12	0	11
2024.03.15	16:25:00	1.09873	1.09881	1.09873	1.09880	54	0	12
2024.03.15	16:26:00	1.09880	1.09883	1.09875	1.09883	60	0	9
2024.03.15	16:27:00	1.09883	1.09890	1.09850	1.09853	98	0	12
2024.03.15	16:28:00	1.09853	1.09876	1.09846	1.09870	118	0	10
2024.03.15	16:29:00	1.09870	1.09870	1.09858	1.09859	41	0	8
2024.03.15	16:30:00	1.09859	1.09879	1.09848	1.09871	30	0	8
2024.03.15	16:31:00	1.09871	1.09875	1.09865	1.09873	95	0	10
2024.03.15	16:32:00	1.09873	1.09876	1.09866	1.09871	146	0	12
2024.03.15	16:33:00	1.09871	1.09876	1.09849	1.09859	11	0	10
2024.03.15	16:34:00	1.09859	1.09877	1.09855	1.09869	61	0	11
2024.03.15	16:35:00	1.09869	1.09886	1.09856	1.09857	171	0	8
2024.03.15	16:36:00	1.09857	1.09859	1.09855	1.09858	72	0	9
2024.03.15	16:37:00	1.09858	1.09861	1.09834	1.09840	114	0	10
2024.03.15	16:38:00	1.09840	1.09853	1.09827	1.09847	15	0	8
2024.03.15	16:39:00	1.09847	1.09855	1.09829	1.09834	135	0	8
2024.03.15	16:40:00	1.09834	1.09848	1.09826	1.09843	117	0	8
2024.03.15	16:41:00	1.09843	1.09861	1.09840	1.09853	84	0	10
2024.03.15	16:42:00	1.09853	1.09859	1.09846	1.09852	102	0	11
2024.03.15	16:43:00	1.09852	1.09883	1.09849	1.09874	149	0	11
2024.03.15	16:44:00	1.09874	1.09878	1.09869	1.09870	64	0	11
2024.03.15	16:45:00	1.09870	1.09896	1.09870	1.09891	150	0	10
2024.03.15	16:46:00	1.09891	1.09894	1.09859	1.09860	169	0	10
2024.03.15	16:47:00	1.09860	1.09869	1.09844	1.09847	62	0	9
2024.03.15	16:48:00	1.09847	1.09869	1.09837	1.09866	30	0	12
2024.03.15	16:49:00	1.09866	1.09878	1.09866	1.09871	172	0	12
2024.03.15	16:50:00	1.09871	1.09883	1.09870	1.09880	100	0	10
2024.03.15	16:51:00	1.09880	1.09884	1.09866	1.09866	139	0	10
2024.03.15	16:52:00	1.09866	1.09867	1.09854	1.09861	161	0	9
2024.03.15	16:53:00	1.09861	1.09893	1.09860	1.09881	109	0	9
2024.03.15	16:54:00	1.09881	1.09892	1.09879	1.09891	137	0	9
2024.03.15	16:55:00	1.09891	1.09893	1.09877	1.09885	15	0	10
2024.03.15	16:56:00	1.09885	1.09905	1.09884	1.09904	93	0	8
2024.03.15	16:57:00	1.09904	1.09909	1.09900	1.09908	13	0	9
2024.03.15	16:58:00	1.09908	1.09919	1.09906	1.09908	109	0	10
2024.03.15	16:59:00	1.09908	1.09921	1.09900	1.09903	141	0	10
2024.03.15	17:00:00	1.09903	1.09923	1.09901	1.09916	84	0	10
2024.03.15	17:01:00	1.09916	1.09921	1.09896	1.09897	88	0	8
2024.03.15	17:02:00	1.09897	1.09906	1.09896	1.09901	73	0	12
2024.03.15	17:03:00	1.09901	1.09904	1.09898	1.09900	141	0	10
2024.03.15	17:04:00	1.09900	1.09907	1.09884	1.09889	98	0	9
2024.03.15	17:05:00	1.09889	1.09916	1.09886	1.09902	118	0	11
2024.03.15	17:06:00	1.09902	1.09904	1.09885	1.09889	138	0	10
2024.03.15	17:07:00	1.09889	1.09897	1.09882	1.09889	33	0	9
2024.03.15	17:08:00	1.09889	1.09892	1.09877	1.09884	165	0	9
2024.03.15	17:09:00	1.09884	1.09892	1.09879	1.09882	12	0	8
2024.03.15	17:10:00	1.09882	1.09899	1.09877	1.09888	30	0	8
2024.03.15	17:11:00	1.09888	1.09899	1.09874	1.09876	132	0	10
2024.03.15	17:12:00	1.09876	1.09882	1.09871	1.09881	30	0	10
2024.03.15	17:13:00	1.09881	1.09903	1.09874	1.09898	170	0	10
2024.03.15	17:14:00	1.09898	1.09907	1.09896	1.09896	142	0	12
2024.03.15	17:15:00	1.09896	1.09904	1.09889	1.09902	75	0	10
2024.03.15	17:16:00	1.09902	1.09911	1.09895	1.09910	121	0	8
2024.03.15	17:17:00	1.09910	1.09912	1.09882	1.09886	13	0	12
2024.03.15	17:18:00	1.09886	1.09895	1.09885	1.09892	32	0	8
2024.03.15	17:19:00	1.09892	1.09892	1.09876	1.09879	97	0	8
2024.03.15	17:20:00	1.09879	1.09884	1.09874	1.09883	142	0	9
2024.03.15	17:21:00	1.09883	1.09885	1.09868	1.09870	142	0	11
2024.03.15	17:22:00	1.09870	1.09876	1.09859	1.09862	62	0	10
2024.03.15	17:23:00	1.09862	1.09881	1.09854	1.09875	10	0	12
2024.03.15	17:24:00	1.09875	1.09882	1.09872	1.09879	155	0	9
2024.03.15	17:25:00	1.09879	1.09885	1.09865	1.09877	46	0	10
2024.03.15	17:26:00	1.09877	1.09880	1.09866	1.09868	41	0	9
2024.03.15	17:27:00	1.09868	1.09871	1.09857	1.09859	57	0	10
2024.03.15	17:28:00	1.09859	1.09859	1.09841	1.09842	9	0	10
2024.03.15	17:29:00	1.09842	1.09853	1.09837	1.09851	108	0	12
2024.03.15	17:30:00	1.09851	1.09853	1.09849	1.09851	48	0	10
2024.03.15	17:31:00	1.09851	1.09858	1.09846	1.09849	144	0	9
2024.03.15	17:32:00	1.09849	1.09857	1.09836	1.09852	26	0	12
2024.03.15	17:33:00	1.09852	1.09852	1.09837	1.09846	140	0	8
2024.03.15	17:34:00	1.09846	1.09850	1.09833	1.09842	105	0	10
2024.03.15	17:35:00	1.09842	1.09853	1.09831	1.09846	48	0	12
2024.03.15	17:36:00	1.09846	1.09849	1.09835	1.09839	172	0	10
2024.03.15	17:37:00	1.09839	1.09846	1.09829	1.09845	98	0	10
2024.03.15	17:38:00	1.09845	1.09851	1.09837	1.09843	84	0	11
2024.03.15	17:39:00	1.09843	1.09845	1.09833	1.09834	134	0	9
2024.03.15	17:40:00	1.09834	1.09835	1.09817	1.09818	114	0	10
2024.03.15	17:41:00	1.09818	1.09828	1.09813	1.09813	173	0	11
2024.03.15	17:42:00	1.09813	1.09831	1.09801	1.09828	42	0	12
2024.03.15	17:43:00	1.09828	1.09855	1.09822	1.09845	66	0	9
2024.03.15	17:44:00	1.09845	1.09851	1.09831	1.09839	59	0	12
2024.03.15	17:45:00	1.09839	1.09850	1.09820	1.09826	175	0	8
2024.03.15	17:46:00	1.09826	1.09829	1.09816	1.09819	101	0	10
2024.03.15	17:47:00	1.09819	1.09821	1.09806	1.09810	64	0	9
2024.03.15	17:48:00	1.09810	1.09839	1.09809	1.09839	133	0	12
2024.03.15	17:49:00	1.09839	1.09857	1.09834	1.09856	123	0	9
2024.03.15	17:50:00	1.09856	1.09863	1.09840	1.09845	89	0	9
2024.03.15	17:51:00	1.09845	1.09874	1.09844	1.09869	141	0	11
2024.03.15	17:52:00	1.09869	1.09874	1.09865	1.09867	65	0	12
2024.03.15	17:53:00	1.09867	1.09872	1.09857	1.09861	19	0	10
2024.03.15	17:54:00	1.09861	1.09867	1.09852	1.09866	80	0	10
2024.03.15	17:55:00	1.09866	1.09873	1.09862	1.09869	33	0	11
2024.03.15	17:56:00	1.09869	1.09879	1.09860	1.09873	58	0	8
2024.03.15	17:57:00	1.09873	1.09873	1.09866	1.09871	154	0	9
2024.03.15	17:58:00	1.09871	1.09883	1.09868	1.09877	142	0	10
2024.03.15	17:59:00	1.09877	1.09880	1.09847	1.09860	107	0	11
2024.03.15	18:00:00	1.09860	1.09862	1.09840	1.09841	119	0	12
2024.03.15	18:01:00	1.09841	1.09843	1.09832	1.09837	19	0	12
2024.03.15	18:02:00	1.09837	1.09841	1.09819	1.09826	43	0	8
2024.03.15	18:03:00	1.09826	1.09835	1.09817	1.09824	26	0	12
2024.03.15	18:04:00	1.09824	1.09828	1.09810	1.09819	116	0	10
2024.03.15	18:05:00	1.09819	1.09825	1.09799	1.09808	115	0	9
2024.03.15	18:06:00	1.09808	1.09808	1.09795	1.09800	172	0	8
2024.03.15	18:07:00	1.09800	1.09803	1.09772	1.09785	107	0	10
2024.03.15	18:08:00	1.09785	1.09788	1.09770	1.09773	64	0	8
2024.03.15	18:09:00	1.09773	1.09795	1.09768	1.09791	126	0	10
2024.03.15	18:10:00	1.09791	1.09792	1.09785	1.09788	63	0	12
2024.03.15	18:11:00	1.09788	1.09802	1.09787	1.09797	175	0	12
2024.03.15	18:12:00	1.09797	1.09802	1.09782	1.09787	138	0	12
2024.03.15	18:13:00	1.09787	1.09793	1.09770	1.09784	158	0	8
2024.03.15	18:14:00	1.09784	1.09795	1.09759	1.09771	127	0	8
2024.03.15	18:15:00	1.09771	1.09791	1.09763	1.09787	112	0	10
2024.03.15	18:16:00	1.09787	1.09793	1.09779	1.09792	53	0	10
2024.03.15	18:17:00	1.09792	1.09808	1.09786	1.09806	164	0	9
2024.03.15	18:18:00	1.09806	1.09807	1.09794	1.09797	138	0	10
2024.03.15	18:19:00	1.09797	1.09802	1.09771	1.09775	116	0	8
2024.03.15	18:20:00	1.09775	1.09785	1.09773	1.09783	29	0	12
2024.03.15	18:21:00	1.09783	1.09812	1.09781	1.09810	160	0	12
2024.03.15	18:22:00	1.09810	1.09814	1.09794	1.09795	124	0	11
2024.03.15	18:23:00	1.09795	1.09810	1.09789	1.09804	158	0	9
2024.03.15	18:24:00	1.09804	1.09837	1.09802	1.09825	172	0	12
2024.03.15	18:25:00	1.09825	1.09830	1.09816	1.09829	59	0	9
2024.03.15	18:26:00	1.09829	1.09838	1.09829	1.09834	179	0	12
2024.03.15	18:27:00	1.09834	1.09850	1.09830	1.09843	98	0	12
2024.03.15	18:28:00	1.09843	1.09845	1.09828	1.09833	129	0	10
2024.03.15	18:29:00	1.09833	1.09835	1.09822	1.09823	148	0	10
2024.03.15	18:30:00	1.09823	1.09824	1.09798	1.09811	73	0	11
2024.03.15	18:31:00	1.09811	1.09820	1.09805	1.09813	64	0	10
2024.03.15	18:32:00	1.09813	1.09818	1.09804	1.09806	176	0	10
2024.03.15	18:33:00	1.09806	1.09808	1.09798	1.09805	144	0	12
2024.03.15	18:34:00	1.09805	1.09828	1.09802	1.09823	106	0	9
2024.03.15	18:35:00	1.09823	1.09838	1.09805	1.09835	19	0	8
2024.03.15	18:36:00	1.09835	1.09837	1.09807	1.09810	60	0	10
2024.03.15	18:37:00	1.09810	1.09822	1.09808	1.09820	58	0	9
2024.03.15	18:38:00	1.09820	1.09822	1.09806	1.09811	46	0	12
2024.03.15	18:39:00	1.09811	1.09831	1.09801	1.09829	169	0	10
2024.03.15	18:40:00	1.09829	1.09833	1.09808	1.09818	87	0	10
2024.03.15	18:41:00	1.09818	1.09844	1.09817	1.09841	120	0	9
2024.03.15	18:42:00	1.09841	1.09854	1.09840	1.09853	94	0	10
2024.03.15	18:43:00	1.09853	1.09863	1.09832	1.09837	136	0	10
2024.03.15	18:44:00	1.09837	1.09846	1.09830	1.09835	11	0	10
2024.03.15	18:45:00	1.09835	1.09852	1.09833	1.09850	40	0	12
2024.03.15	18:46:00	1.09850	1.09853	1.09834	1.09835	35	0	11
2024.03.15	18:47:00	1.09835	1.09850	1.09833	1.09848	163	0	9
2024.03.15	18:48:00	1.09848	1.09862	1.09843	1.09856	30	0	11
2024.03.15	18:49:00	1.09856	1.09880	1.09856	1.09877	140	0	8
2024.03.15	18:50:00	1.09877	1.09882	1.09865	1.09879	152	0	10
2024.03.15	18:51:00	1.09879	1.09896	1.09873	1.09891	60	0	9
2024.03.15	18:52:00	1.09891	1.09894	1.09889	1.09890	158	0	8
2024.03.15	18:53:00	1.09890	1.09892	1.09878	1.09879	114	0	12
2024.03.15	18:54:00	1.09879	1.09888	1.09856	1.09861	127	0	9
2024.03.15	18:55:00	1.09861	1.09867	1.09848	1.09848	170	0	8
2024.03.15	18:56:00	1.09848	1.09851	1.09835	1.09849	37	0	8
2024.03.15	18:57:00	1.09849	1.09855	1.09833	1.09842	92	0	10
2024.03.15	18:58:00	1.09842	1.09873	1.09840	1.09865	146	0	8
2024.03.15	18:59:00	1.09865	1.09869	1.09857	1.09861	44	0	12
2024.03.15	19:00:00	1.09861	1.09866	1.09857	1.09865	75	0	9
2024.03.15	19:01:00	1.09865	1.09873	1.09860	1.09865	49	0	10
2024.03.15	19:02:00	1.09865	1.09877	1.09860	1.09876	128	0	8
2024.03.15	19:03:00	1.09876	1.09889	1.09874	1.09889	52	0	10
2024.03.15	19:04:00	1.09889	1.09891	1.09869	1.09872	136	0	9
2024.03.15	19:05:00	1.09872	1.09873	1.09854	1.09858	85	0	12
2024.03.15	19:06:00	1.09858	1.09881	1.09855	1.09866	94	0	9
2024.03.15	19:07:00	1.09866	1.09870	1.09855	1.09868	86	0	10
2024.03.15	19:08:00	1.09868	1.09876	1.09856	1.09864	159	0	12
2024.03.15	19:09:00	1.09864	1.09867	1.09852	1.09852	174	0	11
2024.03.15	19:10:00	1.09852	1.09857	1.09851	1.09855	67	0	10
2024.03.15	19:11:00	1.09855	1.09860	1.09852	1.09858	168	0	9
2024.03.15	19:12:00	1.09858	1.09873	1.09855	1.09861	21	0	8
2024.03.15	19:13:00	1.09861	1.09884	1.09857	1.09877	165	0	10
2024.03.15	19:14:00	1.09877	1.09916	1.09855	1.09904	53	0	9
2024.03.15	19:15:00	1.09904	1.09911	1.09902	1.09909	86	0	10
2024.03.15	19:16:00	1.09909	1.09926	1.09904	1.09923	13	0	12
2024.03.15	19:17:00	1.09923	1.09931	1.09915	1.09930	42	0	9
2024.03.15	19:18:00	1.09930	1.09931	1.09918	1.09922	169	0	8
2024.03.15	19:19:00	1.09922	1.09932	1.09917	1.09931	88	0	10
2024.03.15	19:20:00	1.09931	1.09940	1.09916	1.09919	27	0	9
2024.03.15	19:21:00	1.09919	1.09926	1.09909	1.09912	102	0	10
2024.03.15	19:22:00	1.09912	1.09915	1.09907	1.09908	139	0	10
2024.03.15	19:23:00	1.09908	1.09923	1.09895	1.09898	105	0	10
2024.03.15	19:24:00	1.09898	1.09906	1.09889	1.09891	12	0	10
2024.03.15	19:25:00	1.09891	1.09912	1.09888	1.09904	33	0	8
2024.03.15	19:26:00	1.09904	1.09908	1.09872	1.09883	83	0	12
2024.03.15	19:27:00	1.09883	1.09884	1.09855	1.09860	47	0	10
2024.03.15	19:28:00	1.09860	1.09884	1.09852	1.09868	159	0	8
2024.03.15	19:29:00	1.09868	1.09877	1.09847	1.09854	76	0	11
2024.03.15	19:30:00	1.09854	1.09859	1.09850	1.09851	101	0	8
2024.03.15	19:31:00	1.09851	1.09854	1.09835	1.09841	22	0	9
2024.03.15	19:32:00	1.09841	1.09841	1.09834	1.09841	130	0	8
2024.03.15	19:33:00	1.09841	1.09846	1.09825	1.09838	27	0	10
2024.03.15	19:34:00	1.09838	1.09844	1.09821	1.09827	62	0	10
2024.03.15	19:35:00	1.09827	1.09831	1.09812	1.09815	158	0	11
2024.03.15	19:36:00	1.09815	1.09825	1.09808	1.09822	87	0	10
2024.03.15	19:37:00	1.09822	1.09826	1.09805	1.09815	78	0	11
2024.03.15	19:38:00	1.09815	1.09828	1.09814	1.09825	85	0	10
2024.03.15	19:39:00	1.09825	1.09840	1.09823	1.09833	141	0	8
2024.03.15	19:40:00	1.09833	1.09836	1.09822	1.09826	147	0	8
2024.03.15	19:41:00	1.09826	1.09829	1.09786	1.09792	52	0	8
2024.03.15	19:42:00	1.09792	1.09816	1.09784	1.09803	168	0	10
2024.03.15	19:43:00	1.09803	1.09823	1.09798	1.09819	119	0	11
2024.03.15	19:44:00	1.09819	1.09826	1.09814	1.09814	15	0	12
2024.03.15	19:45:00	1.09814	1.09817	1.09795	1.09803	147	0	8
2024.03.15	19:46:00	1.09803	1.09813	1.09782	1.09793	33	0	9
2024.03.15	19:47:00	1.09793	1.09795	1.09775	1.09777	105	0	10
2024.03.15	19:48:00	1.09777	1.09792	1.09776	1.09791	75	0	12
2024.03.15	19:49:00	1.09791	1.09803	1.09789	1.09801	163	0	10
2024.03.15	19:50:00	1.09801	1.09823	1.09799	1.09818	45	0	9
2024.03.15	19:51:00	1.09818	1.09840	1.09817	1.09836	10	0	12
2024.03.15	19:52:00	1.09836	1.09861	1.09833	1.09852	76	0	8
2024.03.15	19:53:00	1.09852	1.09859	1.09835	1.09846	109	0	10
2024.03.15	19:54:00	1.09846	1.09856	1.09815	1.09820	74	0	10
2024.03.15	19:55:00	1.09820	1.09823	1.09802	1.09802	143	0	11
2024.03.15	19:56:00	1.09802	1.09818	1.09800	1.09817	46	0	8
2024.03.15	19:57:00	1.09817	1.09824	1.09800	1.09804	67	0	12
2024.03.15	19:58:00	1.09804	1.09835	1.09801	1.09826	33	0	9
2024.03.15	19:59:00	1.09826	1.09839	1.09821	1.09834	168	0	11
2024.03.15	20:00:00	1.09834	1.09861	1.09824	1.09848	49	0	11
2024.03.15	20:01:00	1.09848	1.09859	1.09825	1.09833	98	0	12
2024.03.15	20:02:00	1.09833	1.09840	1.09831	1.09839	71	0	10
2024.03.15	20:03:00	1.09839	1.09839	1.09819	1.09825	60	0	9
2024.03.15	20:04:00	1.09825	1.09832	1.09793	1.09797	144	0	10
2024.03.15	20:05:00	1.09797	1.09801	1.09772	1.09774	142	0	10
2024.03.15	20:06:00	1.09774	1.09777	1.09748	1.09759	118	0	8
2024.03.15	20:07:00	1.09759	1.09790	1.09755	1.09779	80	0	8
2024.03.15	20:08:00	1.09779	1.09782	1.09775	1.09780	82	0	11
2024.03.15	20:09:00	1.09780	1.09792	1.09779	1.09792	37	0	10
2024.03.15	20:10:00	1.09792	1.09803	1.09774	1.09782	138	0	10
2024.03.15	20:11:00	1.09782	1.09796	1.09776	1.09788	163	0	10
2024.03.15	20:12:00	1.09788	1.09795	1.09780	1.09794	172	0	11
2024.03.15	20:13:00	1.09794	1.09798	1.09770	1.09776	99	0	8
2024.03.15	20:14:00	1.09776	1.09800	1.09776	1.09798	176	0	11
2024.03.15	20:15:00	1.09798	1.09802	1.09783	1.09790	113	0	9
2024.03.15	20:16:00	1.09790	1.09795	1.09785	1.09787	99	0	10
2024.03.15	20:17:00	1.09787	1.09790	1.09762	1.09768	124	0	10
2024.03.15	20:18:00	1.09768	1.09777	1.09761	1.09762	112	0	9
2024.03.15	20:19:00	1.09762	1.09770	1.09762	1.09768	88	0	12
2024.03.15	20:20:00	1.09768	1.09769	1.09760	1.09765	42	0	8
2024.03.15	20:21:00	1.09765	1.09774	1.09735	1.09746	39	0	10
2024.03.15	20:22:00	1.09746	1.09750	1.09731	1.09732	24	0	12
2024.03.15	20:23:00	1.09732	1.09743	1.09726	1.09741	135	0	9
2024.03.15	20:24:00	1.09741	1.09745	1.09701	1.09703	32	0	9
2024.03.15	20:25:00	1.09703	1.09709	1.09700	1.09703	117	0	8
2024.03.15	20:26:00	1.09703	1.09707	1.09691	1.09694	45	0	11
2024.03.15	20:27:00	1.09694	1.09711	1.09681	1.09700	30	0	9
2024.03.15	20:28:00	1.09700	1.09700	1.09691	1.09696	78	0	12
2024.03.15	20:29:00	1.09696	1.09713	1.09694	1.09712	23	0	10
2024.03.15	20:30:00	1.09712	1.09717	1.09704	1.09707	60	0	10
2024.03.15	20:31:00	1.09707	1.09709	1.09694	1.09703	159	0	12
2024.03.15	20:32:00	1.09703	1.09715	1.09677	1.09686	50	0	10
2024.03.15	20:33:00	1.09686	1.09702	1.09684	1.09697	166	0	9
2024.03.15	20:34:00	1.09697	1.09698	1.09693	1.09697	166	0	10
2024.03.15	20:35:00	1.09697	1.09707	1.09691	1.09701	147	0	10
2024.03.15	20:36:00	1.09701	1.09709	1.09700	1.09706	143	0	10
2024.03.15	20:37:00	1.09706	1.09711	1.09694	1.09699	19	0	11
2024.03.15	20:38:00	1.09699	1.09701	1.09683	1.09683	117	0	9
2024.03.15	20:39:00	1.09683	1.09684	1.09675	1.09679	18	0	10
2024.03.15	20:40:00	1.09679	1.09682	1.09667	1.09674	128	0	10
2024.03.15	20:41:00	1.09674	1.09706	1.09670	1.09703	71	0	10
2024.03.15	20:42:00	1.09703	1.09720	1.09696	1.09719	88	0	8
2024.03.15	20:43:00	1.09719	1.09720	1.09709	1.09712	138	0	10
2024.03.15	20:44:00	1.09712	1.09738	1.09710	1.09726	156	0	8
2024.03.15	20:45:00	1.09726	1.09741	1.09725	1.09739	165	0	11
2024.03.15	20:46:00	1.09739	1.09742	1.09727	1.09736	45	0	8
2024.03.15	20:47:00	1.09736	1.09746	1.09722	1.09728	147	0	12
2024.03.15	20:48:00	1.09728	1.09731	1.09708	1.09710	43	0	10
2024.03.15	20:49:00	1.09710	1.09713	1.09705	1.09708	159	0	10
2024.03.15	20:50:00	1.09708	1.09736	1.09703	1.09730	22	0	9
2024.03.15	20:51:00	1.09730	1.09742	1.09719	1.09729	57	0	10
2024.03.15	20:52:00	1.09729	1.09735	1.09727	1.09733	130	0	10
2024.03.15	20:53:00	1.09733	1.09772	1.09722	1.09760	12	0	8
2024.03.15	20:54:00	1.09760	1.09765	1.09755	1.09756	104	0	10
2024.03.15	20:55:00	1.09756	1.09762	1.09744	1.09745	88	0	10
2024.03.15	20:56:00	1.09745	1.09763	1.09741	1.09759	52	0	8
2024.03.15	20:57:00	1.09759	1.09776	1.09755	1.09775	144	0	11
2024.03.15	20:58:00	1.09775	1.09778	1.09755	1.09767	151	0	8
2024.03.15	20:59:00	1.09767	1.09777	1.09745	1.09760	74	0	9
2024.03.15	21:00:00	1.09760	1.09763	1.09754	1.09756	153	0	10
2024.03.15	21:01:00	1.09756	1.09761	1.09724	1.09741	141	0	10
2024.03.15	21:02:00	1.09741	1.09743	1.09717	1.09723	57	0	11
2024.03.15	21:03:00	1.09723	1.09728	1.09699	1.09706	168	0	11
2024.03.15	21:04:00	1.09706	1.09713	1.09696	1.09703	137	0	8
2024.03.15	21:05:00	1.09703	1.09713	1.09700	1.09710	79	0	10
2024.03.15	21:06:00	1.09710	1.09727	1.09707	1.09725	134	0	10
2024.03.15	21:07:00	1.09725	1.09752	1.09723	1.09745	112	0	9
2024.03.15	21:08:00	1.09745	1.09756	1.09733	1.09754	14	0	8
2024.03.15	21:09:00	1.09754	1.09758	1.09751	1.09752	179	0	10
2024.03.15	21:10:00	1.09752	1.09764	1.09748	1.09762	108	0	8
2024.03.15	21:11:00	1.09762	1.09768	1.09760	1.09763	65	0	10
2024.03.15	21:12:00	1.09763	1.09768	1.09755	1.09756	63	0	8
2024.03.15	21:13:00	1.09756	1.09811	1.09751	1.09806	11	0	9
2024.03.15	21:14:00	1.09806	1.09815	1.09802	1.09808	107	0	9
2024.03.15	21:15:00	1.09808	1.09815	1.09808	1.09812	173	0	12
2024.03.15	21:16:00	1.09812	1.09823	1.09802	1.09817	75	0	9
2024.03.15	21:17:00	1.09817	1.09820	1.09800	1.09804	36	0	12
2024.03.15	21:18:00	1.09804	1.09815	1.09792	1.09812	144	0	10
2024.03.15	21:19:00	1.09812	1.09815	1.09803	1.09809	143	0	12
2024.03.15	21:20:00	1.09809	1.09810	1.09804	1.09805	172	0	10
2024.03.15	21:21:00	1.09805	1.09813	1.09799	1.09813	32	0	9
2024.03.15	21:22:00	1.09813	1.09837	1.09805	1.09831	165	0	8
2024.03.15	21:23:00	1.09831	1.09832	1.09813	1.09820	48	0	9
2024.03.15	21:24:00	1.09820	1.09852	1.09819	1.09842	150	0	10
2024.03.15	21:25:00	1.09842	1.09845	1.09816	1.09822	13	0	11
2024.03.15	21:26:00	1.09822	1.09825	1.09795	1.09804	103	0	9
2024.03.15	21:27:00	1.09804	1.09808	1.09755	1.09767	40	0	10
2024.03.15	21:28:00	1.09767	1.09793	1.09759	1.09790	90	0	11
2024.03.15	21:29:00	1.09790	1.09797	1.09788	1.09795	38	0	8
2024.03.15	21:30:00	1.09795	1.09804	1.09787	1.09802	77	0	10
2024.03.15	21:31:00	1.09802	1.09805	1.09795	1.09797	174	0	10
2024.03.15	21:32:00	1.09797	1.09805	1.09796	1.09804	110	0	12
2024.03.15	21:33:00	1.09804	1.09820	1.09800	1.09817	163	0	10
2024.03.15	21:34:00	1.09817	1.09819	1.09809	1.09811	89	0	12
2024.03.15	21:35:00	1.09811	1.09837	1.09809	1.09825	125	0	11
2024.03.15	21:36:00	1.09825	1.09825	1.09822	1.09823	168	0	9
2024.03.15	21:37:00	1.09823	1.09826	1.09815	1.09819	76	0	12
2024.03.15	21:38:00	1.09819	1.09822	1.09812	1.09817	45	0	10
2024.03.15	21:39:00	1.09817	1.09832	1.09812	1.09830	74	0	11
2024.03.15	21:40:00	1.09830	1.09839	1.09829	1.09834	107	0	10
2024.03.15	21:41:00	1.09834	1.09836	1.09819	1.09825	156	0	9
2024.03.15	21:42:00	1.09825	1.09833	1.09825	1.09830	63	0	9
2024.03.15	21:43:00	1.09830	1.09836	1.09826	1.09835	110	0	10
2024.03.15	21:44:00	1.09835	1.09843	1.09835	1.09843	68	0	11
2024.03.15	21:45:00	1.09843	1.09844	1.09810	1.09824	114	0	9
2024.03.15	21:46:00	1.09824	1.09848	1.09813	1.09845	52	0	11
2024.03.15	21:47:00	1.09845	1.09851	1.09839	1.09847	68	0	10
2024.03.15	21:48:00	1.09847	1.09861	1.09842	1.09849	40	0	10
2024.03.15	21:49:00	1.09849	1.09850	1.09824	1.09833	46	0	8
2024.03.15	21:50:00	1.09833	1.09836	1.09820	1.09830	105	0	10
2024.03.15	21:51:00	1.09830	1.09845	1.09827	1.09839	33	0	12
2024.03.15	21:52:00	1.09839	1.09852	1.09837	1.09849	168	0	12
2024.03.15	21:53:00	1.09849	1.09863	1.09843	1.09844	44	0	11
2024.03.15	21:54:00	1.09844	1.09848	1.09825	1.09832	72	0	12
2024.03.15	21:55:00	1.09832	1.09841	1.09816	1.09830	177	0	10
2024.03.15	21:56:00	1.09830	1.09858	1.09815	1.09854	131	0	8
2024.03.15	21:57:00	1.09854	1.09869	1.09825	1.09826	169	0	12
2024.03.15	21:58:00	1.09826	1.09853	1.09823	1.09849	101	0	8
2024.03.15	21:59:00	1.09849	1.09876	1.09842	1.09871	124	0	9
2024.03.15	23:00:00	1.09871	1.09876	1.09861	1.09863	138	0	10
2024.03.15	23:01:00	1.09863	1.09872	1.09862	1.09865	100	0	8
2024.03.15	23:02:00	1.09865	1.09874	1.09858	1.09860	44	0	12
2024.03.15	23:03:00	1.09860	1.09861	1.09857	1.09858	151	0	9
2024.03.15	23:04:00	1.09858	1.09861	1.09849	1.09857	71	0	11
2024.03.15	23:05:00	1.09857	1.09860	1.09841	1.09849	44	0	8
2024.03.15	23:06:00	1.09849	1.09856	1.09840	1.09849	61	0	12
2024.03.15	23:07:00	1.09849	1.09852	1.09833	1.09838	161	0	10
2024.03.15	23:08:00	1.09838	1.09844	1.09827	1.09842	107	0	11
2024.03.15	23:09:00	1.09842	1.09843	1.09823	1.09828	52	0	8
2024.03.15	23:10:00	1.09828	1.09837	1.09818	1.09825	178	0	11
2024.03.15	23:11:00	1.09825	1.09838	1.09818	1.09834	17	0	9
2024.03.15	23:12:00	1.09834	1.09840	1.09812	1.09816	69	0	10
2024.03.15	23:13:00	1.09816	1.09835	1.09814	1.09835	94	0	9
2024.03.15	23:14:00	1.09835	1.09835	1.09828	1.09830	170	0	10
2024.03.15	23:15:00	1.09830	1.09837	1.09813	1.09822	23	0	11
2024.03.15	23:16:00	1.09822	1.09832	1.09814	1.09829	63	0	11
2024.03.15	23:17:00	1.09829	1.09849	1.09829	1.09848	134	0	9
2024.03.15	23:18:00	1.09848	1.09852	1.09843	1.09847	97	0	10
2024.03.15	23:19:00	1.09847	1.09848	1.09828	1.09831	173	0	10
2024.03.15	23:20:00	1.09831	1.09831	1.09821	1.09822	39	0	10
2024.03.15	23:21:00	1.09822	1.09850	1.09818	1.09844	162	0	9
2024.03.15	23:22:00	1.09844	1.09854	1.09827	1.09833	71	0	9
2024.03.15	23:23:00	1.09833	1.09854	1.09827	1.09848	101	0	10
2024.03.15	23:24:00	1.09848	1.09849	1.09837	1.09839	57	0	8
2024.03.15	23:25:00	1.09839	1.09842	1.09825	1.09826	131	0	10
2024.03.15	23:26:00	1.09826	1.09829	1.09811	1.09814	22	0	10
2024.03.15	23:27:00	1.09814	1.09841	1.09805	1.09837	56	0	10
2024.03.15	23:28:00	1.09837	1.09844	1.09833	1.09842	96	0	12
2024.03.15	23:29:00	1.09842	1.09843	1.09840	1.09843	179	0	9
2024.03.15	23:30:00	1.09843	1.09851	1.09843	1.09847	161	0	10
2024.03.15	23:31:00	1.09847	1.09851	1.09846	1.09848	132	0	9
2024.03.15	23:32:00	1.09848	1.09852	1.09842	1.09851	53	0	9
2024.03.15	23:33:00	1.09851	1.09861	1.09850	1.09861	121	0	10
2024.03.15	23:34:00	1.09861	1.09865	1.09849	1.09851	113	0	9
2024.03.15	23:35:00	1.09851	1.09856	1.09848	1.09853	27	0	10
2024.03.15	23:36:00	1.09853	1.09862	1.09833	1.09840	130	0	11
2024.03.15	23:37:00	1.09840	1.09850	1.09835	1.09843	157	0	10
2024.03.15	23:38:00	1.09843	1.09857	1.09839	1.09855	102	0	11
2024.03.15	23:39:00	1.09855	1.09859	1.09851	1.09858	145	0	10
2024.03.15	23:40:00	1.09858	1.09859	1.09844	1.09854	80	0	9
2024.03.15	23:41:00	1.09854	1.09866	1.09844	1.09847	136	0	9
2024.03.15	23:42:00	1.09847	1.09855	1.09845	1.09852	100	0	8
2024.03.15	23:43:00	1.09852	1.09882	1.09849	1.09875	71	0	9
2024.03.15	23:44:00	1.09875	1.09884	1.09873	1.09877	146	0	11
2024.03.15	23:45:00	1.09877	1.09895	1.09875	1.09892	129	0	10
2024.03.15	23:46:00	1.09892	1.09917	1.09879	1.09914	55	0	8
2024.03.15	23:47:00	1.09914	1.09914	1.09898	1.09902	100	0	10
2024.03.15	23:48:00	1.09902	1.09907	1.09891	1.09902	180	0	8
2024.03.15	23:49:00	1.09902	1.09909	1.09897	1.09900	27	0	12
2024.03.15	23:50:00	1.09900	1.09904	1.09893	1.09904	79	0	10
2024.03.15	23:51:00	1.09904	1.09907	1.09894	1.09895	103	0	10
2024.03.15	23:52:00	1.09895	1.09907	1.09882	1.09906	58	0	11
2024.03.15	23:53:00	1.09906	1.09924	1.09898	1.09916	17	0	8
2024.03.15	23:54:00	1.09916	1.09936	1.09911	1.09927	91	0	12
2024.03.15	23:55:00	1.09927	1.09930	1.09925	1.09930	162	0	11
2024.03.15	23:56:00	1.09930	1.09943	1.09905	1.09911	173	0	10
2024.03.15	23:57:00	1.09911	1.09918	1.09906	1.09909	10	0	10
2024.03.15	23:58:00	1.09909	1.09912	1.09903	1.09904	70	0	9
2024.03.15	23:59:00	1.09904	1.09921	1.09904	1.09920	52	0	10
